{
  "backend": "direct",
  "claim": "Apple Metal text session profile only; not production performance, ANE, external profiler, or production readiness evidence",
  "maximums": {
    "command_buffer_wait_ms": 47487.475207,
    "command_buffer_wait_ms_per_token": 11871.86880175,
    "command_buffers_per_token": 1.5,
    "cpu_encode_ms": 55.472878,
    "cpu_encode_ms_per_token": 13.8682195,
    "decode_ms": 1568.828584,
    "encoders_per_token": 820.5,
    "forced_waits_per_token": 1.5,
    "latency_ms_per_token": 392.207146,
    "layer_scale_fusions_per_token": 72.0,
    "prefill_ms": 45974.264458,
    "prepare_ms": 17397.470417,
    "tok_per_s": 2.5496730750540686
  },
  "medians": {
    "command_buffer_wait_ms": 47487.475207,
    "command_buffer_wait_ms_per_token": 11871.86880175,
    "command_buffers_per_token": 1.5,
    "cpu_encode_ms": 55.472878,
    "cpu_encode_ms_per_token": 13.8682195,
    "decode_ms": 1568.828584,
    "encoders_per_token": 820.5,
    "forced_waits_per_token": 1.5,
    "latency_ms_per_token": 392.207146,
    "layer_scale_fusions_per_token": 72.0,
    "prefill_ms": 45974.264458,
    "prepare_ms": 17397.470417,
    "tok_per_s": 2.5496730750540686
  },
  "metal_compute_dtype": "bfloat16",
  "metal_moe_router_weight_dtype": "bfloat16",
  "metal_weight_dtype": "bfloat16",
  "minimums": {
    "command_buffer_wait_ms": 47487.475207,
    "command_buffer_wait_ms_per_token": 11871.86880175,
    "command_buffers_per_token": 1.5,
    "cpu_encode_ms": 55.472878,
    "cpu_encode_ms_per_token": 13.8682195,
    "decode_ms": 1568.828584,
    "encoders_per_token": 820.5,
    "forced_waits_per_token": 1.5,
    "latency_ms_per_token": 392.207146,
    "layer_scale_fusions_per_token": 72.0,
    "prefill_ms": 45974.264458,
    "prepare_ms": 17397.470417,
    "tok_per_s": 2.5496730750540686
  },
  "model_dir": "/Users/george/.cache/huggingface/hub/models--google--gemma-4-12B-it/snapshots/707f0a3b8a3c7ad586ed01e27eafbad8a27dd0f7",
  "sample_count": 1,
  "samples": [
    {
      "arena_bytes": 24716958240,
      "backend": "direct",
      "case_count": 2,
      "cases": [
        {
          "command_buffer_wait_ns": 23810415875,
          "command_buffers": 3,
          "cpu_encode_ns": 34936501,
          "cpu_wall_ns": 23845352376,
          "decode_ms": 731.4255840000001,
          "embedding_encoders": 3,
          "encoder_counts_by_kernel_family": {
            "embedding": 3,
            "final_logits_diagnostic": 0,
            "final_sample": 6,
            "layer_body": 1632,
            "layer_scale_fused": 144,
            "ple_input": 0
          },
          "encoders": 1641,
          "final_logits_encoders": 0,
          "final_sample_encoders": 6,
          "finish_reason": "length",
          "forced_waits": 3,
          "generated_text": "11",
          "generated_token_ids": [
            236770,
            236770
          ],
          "hf_reference": null,
          "last_step_command_buffer_wait_ns": 330929750,
          "last_step_command_buffers": 1,
          "last_step_cpu_encode_ns": 5382042,
          "last_step_cpu_wall_ns": 336311792,
          "last_step_encoders": 580,
          "last_step_forced_waits": 1,
          "last_step_gpu_execution_ns": 330692749,
          "last_step_tokens": 1,
          "layer_encoders": 1632,
          "layer_scale_encoder_fusions": 144,
          "library_compiles": 0,
          "max_new_tokens": 2,
          "max_supported_total_tokens": 258,
          "name": "pp256-decode2",
          "output_text": "a a a a a a a a a a a a a a a a a a a a a a a a a a a a a a a a a a a a a a a a a a a a a a a a a a a a a a a a a a a a a a a a a a a a a a a a a a a a a a a a a a a a a a a a a a a a a a a a a a a a a a a a a a a a a a a a a a a a a a a a a a a a a a a a a a a a a a a a a a a a a a a a a a a a a a a a a a a a a a a a a a a a a a a a a a a a a a a a a a a a a a a a a a a a a a a a a a a a a a a a a a a a a a a a a a a a a a a a a a a a a a a a a a a a a a a a a a a a a a a a a a a a a a a a a a a a a a a 11",
          "output_token_ids": [
            236746,
            496,
            496,
            496,
            496,
            496,
            496,
            496,
            496,
            496,
            496,
            496,
            496,
            496,
            496,
            496,
            496,
            496,
            496,
            496,
            496,
            496,
            496,
            496,
            496,
            496,
            496,
            496,
            496,
            496,
            496,
            496,
            496,
            496,
            496,
            496,
            496,
            496,
            496,
            496,
            496,
            496,
            496,
            496,
            496,
            496,
            496,
            496,
            496,
            496,
            496,
            496,
            496,
            496,
            496,
            496,
            496,
            496,
            496,
            496,
            496,
            496,
            496,
            496,
            496,
            496,
            496,
            496,
            496,
            496,
            496,
            496,
            496,
            496,
            496,
            496,
            496,
            496,
            496,
            496,
            496,
            496,
            496,
            496,
            496,
            496,
            496,
            496,
            496,
            496,
            496,
            496,
            496,
            496,
            496,
            496,
            496,
            496,
            496,
            496,
            496,
            496,
            496,
            496,
            496,
            496,
            496,
            496,
            496,
            496,
            496,
            496,
            496,
            496,
            496,
            496,
            496,
            496,
            496,
            496,
            496,
            496,
            496,
            496,
            496,
            496,
            496,
            496,
            496,
            496,
            496,
            496,
            496,
            496,
            496,
            496,
            496,
            496,
            496,
            496,
            496,
            496,
            496,
            496,
            496,
            496,
            496,
            496,
            496,
            496,
            496,
            496,
            496,
            496,
            496,
            496,
            496,
            496,
            496,
            496,
            496,
            496,
            496,
            496,
            496,
            496,
            496,
            496,
            496,
            496,
            496,
            496,
            496,
            496,
            496,
            496,
            496,
            496,
            496,
            496,
            496,
            496,
            496,
            496,
            496,
            496,
            496,
            496,
            496,
            496,
            496,
            496,
            496,
            496,
            496,
            496,
            496,
            496,
            496,
            496,
            496,
            496,
            496,
            496,
            496,
            496,
            496,
            496,
            496,
            496,
            496,
            496,
            496,
            496,
            496,
            496,
            496,
            496,
            496,
            496,
            496,
            496,
            496,
            496,
            496,
            496,
            496,
            496,
            496,
            496,
            496,
            496,
            496,
            496,
            496,
            496,
            496,
            496,
            496,
            496,
            496,
            496,
            496,
            496,
            496,
            496,
            496,
            496,
            496,
            496,
            496,
            496,
            496,
            496,
            496,
            236743,
            236770,
            236770
          ],
          "pipeline_state_compiles": 0,
          "ple_encoders": 0,
          "prefill_ms": 23114.022417,
          "prompt": "a a a a a a a a a a a a a a a a a a a a a a a a a a a a a a a a a a a a a a a a a a a a a a a a a a a a a a a a a a a a a a a a a a a a a a a a a a a a a a a a a a a a a a a a a a a a a a a a a a a a a a a a a a a a a a a a a a a a a a a a a a a a a a a a a a a a a a a a a a a a a a a a a a a a a a a a a a a a a a a a a a a a a a a a a a a a a a a a a a a a a a a a a a a a a a a a a a a a a a a a a a a a a a a a a a a a a a a a a a a a a a a a a a a a a a a a a a a a a a a a a a a a a a a a a a a a a a a ",
          "prompt_token_ids": [
            236746,
            496,
            496,
            496,
            496,
            496,
            496,
            496,
            496,
            496,
            496,
            496,
            496,
            496,
            496,
            496,
            496,
            496,
            496,
            496,
            496,
            496,
            496,
            496,
            496,
            496,
            496,
            496,
            496,
            496,
            496,
            496,
            496,
            496,
            496,
            496,
            496,
            496,
            496,
            496,
            496,
            496,
            496,
            496,
            496,
            496,
            496,
            496,
            496,
            496,
            496,
            496,
            496,
            496,
            496,
            496,
            496,
            496,
            496,
            496,
            496,
            496,
            496,
            496,
            496,
            496,
            496,
            496,
            496,
            496,
            496,
            496,
            496,
            496,
            496,
            496,
            496,
            496,
            496,
            496,
            496,
            496,
            496,
            496,
            496,
            496,
            496,
            496,
            496,
            496,
            496,
            496,
            496,
            496,
            496,
            496,
            496,
            496,
            496,
            496,
            496,
            496,
            496,
            496,
            496,
            496,
            496,
            496,
            496,
            496,
            496,
            496,
            496,
            496,
            496,
            496,
            496,
            496,
            496,
            496,
            496,
            496,
            496,
            496,
            496,
            496,
            496,
            496,
            496,
            496,
            496,
            496,
            496,
            496,
            496,
            496,
            496,
            496,
            496,
            496,
            496,
            496,
            496,
            496,
            496,
            496,
            496,
            496,
            496,
            496,
            496,
            496,
            496,
            496,
            496,
            496,
            496,
            496,
            496,
            496,
            496,
            496,
            496,
            496,
            496,
            496,
            496,
            496,
            496,
            496,
            496,
            496,
            496,
            496,
            496,
            496,
            496,
            496,
            496,
            496,
            496,
            496,
            496,
            496,
            496,
            496,
            496,
            496,
            496,
            496,
            496,
            496,
            496,
            496,
            496,
            496,
            496,
            496,
            496,
            496,
            496,
            496,
            496,
            496,
            496,
            496,
            496,
            496,
            496,
            496,
            496,
            496,
            496,
            496,
            496,
            496,
            496,
            496,
            496,
            496,
            496,
            496,
            496,
            496,
            496,
            496,
            496,
            496,
            496,
            496,
            496,
            496,
            496,
            496,
            496,
            496,
            496,
            496,
            496,
            496,
            496,
            496,
            496,
            496,
            496,
            496,
            496,
            496,
            496,
            496,
            496,
            496,
            496,
            496,
            496,
            236743
          ],
          "research_dispatch": {
            "counts": {
              "research_global_d512_atlas_mma_r8k32p64t128": 16
            },
            "overflowed": false,
            "schema": "rvllm.metal.research-dispatch.v3"
          },
          "status": "pass",
          "tok_per_s": 2.734386168258506
        },
        {
          "command_buffer_wait_ns": 23677059332,
          "command_buffers": 3,
          "cpu_encode_ns": 20536377,
          "cpu_wall_ns": 23697595709,
          "decode_ms": 837.403,
          "embedding_encoders": 3,
          "encoder_counts_by_kernel_family": {
            "embedding": 3,
            "final_logits_diagnostic": 0,
            "final_sample": 6,
            "layer_body": 1632,
            "layer_scale_fused": 144,
            "ple_input": 0
          },
          "encoders": 1641,
          "final_logits_encoders": 0,
          "final_sample_encoders": 6,
          "finish_reason": "length",
          "forced_waits": 3,
          "generated_text": "11",
          "generated_token_ids": [
            236770,
            236770
          ],
          "hf_reference": null,
          "last_step_command_buffer_wait_ns": 477800958,
          "last_step_command_buffers": 1,
          "last_step_cpu_encode_ns": 5538959,
          "last_step_cpu_wall_ns": 483339917,
          "last_step_encoders": 580,
          "last_step_forced_waits": 1,
          "last_step_gpu_execution_ns": 477483083,
          "last_step_tokens": 1,
          "layer_encoders": 1632,
          "layer_scale_encoder_fusions": 144,
          "library_compiles": 0,
          "max_new_tokens": 2,
          "max_supported_total_tokens": 258,
          "name": "pp256-decode2-repeat",
          "output_text": "a a a a a a a a a a a a a a a a a a a a a a a a a a a a a a a a a a a a a a a a a a a a a a a a a a a a a a a a a a a a a a a a a a a a a a a a a a a a a a a a a a a a a a a a a a a a a a a a a a a a a a a a a a a a a a a a a a a a a a a a a a a a a a a a a a a a a a a a a a a a a a a a a a a a a a a a a a a a a a a a a a a a a a a a a a a a a a a a a a a a a a a a a a a a a a a a a a a a a a a a a a a a a a a a a a a a a a a a a a a a a a a a a a a a a a a a a a a a a a a a a a a a a a a a a a a a a a a 11",
          "output_token_ids": [
            236746,
            496,
            496,
            496,
            496,
            496,
            496,
            496,
            496,
            496,
            496,
            496,
            496,
            496,
            496,
            496,
            496,
            496,
            496,
            496,
            496,
            496,
            496,
            496,
            496,
            496,
            496,
            496,
            496,
            496,
            496,
            496,
            496,
            496,
            496,
            496,
            496,
            496,
            496,
            496,
            496,
            496,
            496,
            496,
            496,
            496,
            496,
            496,
            496,
            496,
            496,
            496,
            496,
            496,
            496,
            496,
            496,
            496,
            496,
            496,
            496,
            496,
            496,
            496,
            496,
            496,
            496,
            496,
            496,
            496,
            496,
            496,
            496,
            496,
            496,
            496,
            496,
            496,
            496,
            496,
            496,
            496,
            496,
            496,
            496,
            496,
            496,
            496,
            496,
            496,
            496,
            496,
            496,
            496,
            496,
            496,
            496,
            496,
            496,
            496,
            496,
            496,
            496,
            496,
            496,
            496,
            496,
            496,
            496,
            496,
            496,
            496,
            496,
            496,
            496,
            496,
            496,
            496,
            496,
            496,
            496,
            496,
            496,
            496,
            496,
            496,
            496,
            496,
            496,
            496,
            496,
            496,
            496,
            496,
            496,
            496,
            496,
            496,
            496,
            496,
            496,
            496,
            496,
            496,
            496,
            496,
            496,
            496,
            496,
            496,
            496,
            496,
            496,
            496,
            496,
            496,
            496,
            496,
            496,
            496,
            496,
            496,
            496,
            496,
            496,
            496,
            496,
            496,
            496,
            496,
            496,
            496,
            496,
            496,
            496,
            496,
            496,
            496,
            496,
            496,
            496,
            496,
            496,
            496,
            496,
            496,
            496,
            496,
            496,
            496,
            496,
            496,
            496,
            496,
            496,
            496,
            496,
            496,
            496,
            496,
            496,
            496,
            496,
            496,
            496,
            496,
            496,
            496,
            496,
            496,
            496,
            496,
            496,
            496,
            496,
            496,
            496,
            496,
            496,
            496,
            496,
            496,
            496,
            496,
            496,
            496,
            496,
            496,
            496,
            496,
            496,
            496,
            496,
            496,
            496,
            496,
            496,
            496,
            496,
            496,
            496,
            496,
            496,
            496,
            496,
            496,
            496,
            496,
            496,
            496,
            496,
            496,
            496,
            496,
            496,
            236743,
            236770,
            236770
          ],
          "pipeline_state_compiles": 0,
          "ple_encoders": 0,
          "prefill_ms": 22860.242040999998,
          "prompt": "a a a a a a a a a a a a a a a a a a a a a a a a a a a a a a a a a a a a a a a a a a a a a a a a a a a a a a a a a a a a a a a a a a a a a a a a a a a a a a a a a a a a a a a a a a a a a a a a a a a a a a a a a a a a a a a a a a a a a a a a a a a a a a a a a a a a a a a a a a a a a a a a a a a a a a a a a a a a a a a a a a a a a a a a a a a a a a a a a a a a a a a a a a a a a a a a a a a a a a a a a a a a a a a a a a a a a a a a a a a a a a a a a a a a a a a a a a a a a a a a a a a a a a a a a a a a a a a ",
          "prompt_token_ids": [
            236746,
            496,
            496,
            496,
            496,
            496,
            496,
            496,
            496,
            496,
            496,
            496,
            496,
            496,
            496,
            496,
            496,
            496,
            496,
            496,
            496,
            496,
            496,
            496,
            496,
            496,
            496,
            496,
            496,
            496,
            496,
            496,
            496,
            496,
            496,
            496,
            496,
            496,
            496,
            496,
            496,
            496,
            496,
            496,
            496,
            496,
            496,
            496,
            496,
            496,
            496,
            496,
            496,
            496,
            496,
            496,
            496,
            496,
            496,
            496,
            496,
            496,
            496,
            496,
            496,
            496,
            496,
            496,
            496,
            496,
            496,
            496,
            496,
            496,
            496,
            496,
            496,
            496,
            496,
            496,
            496,
            496,
            496,
            496,
            496,
            496,
            496,
            496,
            496,
            496,
            496,
            496,
            496,
            496,
            496,
            496,
            496,
            496,
            496,
            496,
            496,
            496,
            496,
            496,
            496,
            496,
            496,
            496,
            496,
            496,
            496,
            496,
            496,
            496,
            496,
            496,
            496,
            496,
            496,
            496,
            496,
            496,
            496,
            496,
            496,
            496,
            496,
            496,
            496,
            496,
            496,
            496,
            496,
            496,
            496,
            496,
            496,
            496,
            496,
            496,
            496,
            496,
            496,
            496,
            496,
            496,
            496,
            496,
            496,
            496,
            496,
            496,
            496,
            496,
            496,
            496,
            496,
            496,
            496,
            496,
            496,
            496,
            496,
            496,
            496,
            496,
            496,
            496,
            496,
            496,
            496,
            496,
            496,
            496,
            496,
            496,
            496,
            496,
            496,
            496,
            496,
            496,
            496,
            496,
            496,
            496,
            496,
            496,
            496,
            496,
            496,
            496,
            496,
            496,
            496,
            496,
            496,
            496,
            496,
            496,
            496,
            496,
            496,
            496,
            496,
            496,
            496,
            496,
            496,
            496,
            496,
            496,
            496,
            496,
            496,
            496,
            496,
            496,
            496,
            496,
            496,
            496,
            496,
            496,
            496,
            496,
            496,
            496,
            496,
            496,
            496,
            496,
            496,
            496,
            496,
            496,
            496,
            496,
            496,
            496,
            496,
            496,
            496,
            496,
            496,
            496,
            496,
            496,
            496,
            496,
            496,
            496,
            496,
            496,
            496,
            236743
          ],
          "research_dispatch": {
            "counts": {
              "research_global_d512_atlas_mma_r8k32p64t128": 16
            },
            "overflowed": false,
            "schema": "rvllm.metal.research-dispatch.v3"
          },
          "status": "pass",
          "tok_per_s": 2.3883363207440147
        }
      ],
      "checkpoint_complete": true,
      "checkpoint_completed_cases": 2,
      "checkpoint_total_cases": 2,
      "claim": "Apple Metal text inference workflow; not production-ready until acceptance gates pass",
      "command_buffer_wait_ns": 47487475207,
      "command_buffers": 6,
      "cpu_encode_ns": 55472878,
      "cpu_wall_ns": 47542948085,
      "debug_sync": false,
      "decode_ms": 1568.828584,
      "embedding_encoders": 6,
      "encoder_counts_by_kernel_family": {
        "embedding": 6,
        "final_logits_diagnostic": 0,
        "final_sample": 12,
        "layer_body": 3264,
        "layer_scale_fused": 288,
        "ple_input": 0
      },
      "encoders": 3282,
      "final_logits_encoders": 0,
      "final_sample_encoders": 12,
      "forced_waits": 6,
      "generated_tokens": 4,
      "large_model_opt_in": true,
      "last_step_command_buffer_wait_ns": 477800958,
      "last_step_command_buffers": 1,
      "last_step_cpu_encode_ns": 5538959,
      "last_step_cpu_wall_ns": 483339917,
      "last_step_encoders": 580,
      "last_step_forced_waits": 1,
      "last_step_gpu_execution_ns": 477483083,
      "last_step_tokens": 1,
      "layer_encoders": 3264,
      "layer_scale_encoder_fusions": 288,
      "library_compiles": 1,
      "max_supported_total_tokens": 258,
      "metal_compute_dtype": "bfloat16",
      "metal_moe_router_weight_dtype": "bfloat16",
      "metal_weight_dtype": "bfloat16",
      "model_dir": "/Users/george/.cache/huggingface/hub/models--google--gemma-4-12B-it/snapshots/707f0a3b8a3c7ad586ed01e27eafbad8a27dd0f7",
      "pipeline_state_compiles": 53,
      "ple_encoders": 0,
      "prefill_ms": 45974.264458,
      "prepare_ms": 17397.470417,
      "research_dispatch": {
        "counts": {
          "research_global_d512_atlas_mma_r8k32p64t128": 32
        },
        "overflowed": false,
        "schema": "rvllm.metal.research-dispatch.v3"
      },
      "schema": "rvllm.apple_metal_text_session.v1",
      "status": "pass",
      "tok_per_s": 2.5496730750540686,
      "total_ms": 64943.213833
    }
  ],
  "schema": "rvllm.apple_metal_text_session_profile.v1"
}
{
  "backend": "direct",
  "claim": "Apple Metal text session profile only; not production performance, ANE, external profiler, or production readiness evidence",
  "maximums": {
    "command_buffer_wait_ms": 47274.78125,
    "command_buffer_wait_ms_per_token": 11818.6953125,
    "command_buffers_per_token": 1.5,
    "cpu_encode_ms": 36.174416,
    "cpu_encode_ms_per_token": 9.043604,
    "decode_ms": 2326.9572500000004,
    "encoders_per_token": 820.5,
    "forced_waits_per_token": 1.5,
    "latency_ms_per_token": 581.7393125000001,
    "layer_scale_fusions_per_token": 72.0,
    "prefill_ms": 44984.128748999996,
    "prepare_ms": 17397.981625,
    "tok_per_s": 1.718983019563423
  },
  "medians": {
    "command_buffer_wait_ms": 47274.78125,
    "command_buffer_wait_ms_per_token": 11818.6953125,
    "command_buffers_per_token": 1.5,
    "cpu_encode_ms": 36.174416,
    "cpu_encode_ms_per_token": 9.043604,
    "decode_ms": 2326.9572500000004,
    "encoders_per_token": 820.5,
    "forced_waits_per_token": 1.5,
    "latency_ms_per_token": 581.7393125000001,
    "layer_scale_fusions_per_token": 72.0,
    "prefill_ms": 44984.128748999996,
    "prepare_ms": 17397.981625,
    "tok_per_s": 1.718983019563423
  },
  "metal_compute_dtype": "bfloat16",
  "metal_moe_router_weight_dtype": "bfloat16",
  "metal_weight_dtype": "bfloat16",
  "minimums": {
    "command_buffer_wait_ms": 47274.78125,
    "command_buffer_wait_ms_per_token": 11818.6953125,
    "command_buffers_per_token": 1.5,
    "cpu_encode_ms": 36.174416,
    "cpu_encode_ms_per_token": 9.043604,
    "decode_ms": 2326.9572500000004,
    "encoders_per_token": 820.5,
    "forced_waits_per_token": 1.5,
    "latency_ms_per_token": 581.7393125000001,
    "layer_scale_fusions_per_token": 72.0,
    "prefill_ms": 44984.128748999996,
    "prepare_ms": 17397.981625,
    "tok_per_s": 1.718983019563423
  },
  "model_dir": "/Users/george/.cache/huggingface/hub/models--google--gemma-4-12B-it/snapshots/707f0a3b8a3c7ad586ed01e27eafbad8a27dd0f7",
  "sample_count": 1,
  "samples": [
    {
      "arena_bytes": 24718537248,
      "backend": "direct",
      "case_count": 2,
      "cases": [
        {
          "command_buffer_wait_ns": 25036947625,
          "command_buffers": 3,
          "cpu_encode_ns": 19451832,
          "cpu_wall_ns": 25056399457,
          "decode_ms": 1632.2981670000001,
          "embedding_encoders": 3,
          "encoder_counts_by_kernel_family": {
            "embedding": 3,
            "final_logits_diagnostic": 0,
            "final_sample": 6,
            "layer_body": 1632,
            "layer_scale_fused": 144,
            "ple_input": 0
          },
          "encoders": 1641,
          "final_logits_encoders": 0,
          "final_sample_encoders": 6,
          "finish_reason": "length",
          "forced_waits": 3,
          "generated_text": "11",
          "generated_token_ids": [
            236770,
            236770
          ],
          "hf_reference": null,
          "last_step_command_buffer_wait_ns": 758778750,
          "last_step_command_buffers": 1,
          "last_step_cpu_encode_ns": 4751250,
          "last_step_cpu_wall_ns": 763530000,
          "last_step_encoders": 580,
          "last_step_forced_waits": 1,
          "last_step_gpu_execution_ns": 758497375,
          "last_step_tokens": 1,
          "layer_encoders": 1632,
          "layer_scale_encoder_fusions": 144,
          "library_compiles": 0,
          "max_new_tokens": 2,
          "max_supported_total_tokens": 258,
          "name": "pp256-decode2",
          "output_text": "a a a a a a a a a a a a a a a a a a a a a a a a a a a a a a a a a a a a a a a a a a a a a a a a a a a a a a a a a a a a a a a a a a a a a a a a a a a a a a a a a a a a a a a a a a a a a a a a a a a a a a a a a a a a a a a a a a a a a a a a a a a a a a a a a a a a a a a a a a a a a a a a a a a a a a a a a a a a a a a a a a a a a a a a a a a a a a a a a a a a a a a a a a a a a a a a a a a a a a a a a a a a a a a a a a a a a a a a a a a a a a a a a a a a a a a a a a a a a a a a a a a a a a a a a a a a a a a 11",
          "output_token_ids": [
            236746,
            496,
            496,
            496,
            496,
            496,
            496,
            496,
            496,
            496,
            496,
            496,
            496,
            496,
            496,
            496,
            496,
            496,
            496,
            496,
            496,
            496,
            496,
            496,
            496,
            496,
            496,
            496,
            496,
            496,
            496,
            496,
            496,
            496,
            496,
            496,
            496,
            496,
            496,
            496,
            496,
            496,
            496,
            496,
            496,
            496,
            496,
            496,
            496,
            496,
            496,
            496,
            496,
            496,
            496,
            496,
            496,
            496,
            496,
            496,
            496,
            496,
            496,
            496,
            496,
            496,
            496,
            496,
            496,
            496,
            496,
            496,
            496,
            496,
            496,
            496,
            496,
            496,
            496,
            496,
            496,
            496,
            496,
            496,
            496,
            496,
            496,
            496,
            496,
            496,
            496,
            496,
            496,
            496,
            496,
            496,
            496,
            496,
            496,
            496,
            496,
            496,
            496,
            496,
            496,
            496,
            496,
            496,
            496,
            496,
            496,
            496,
            496,
            496,
            496,
            496,
            496,
            496,
            496,
            496,
            496,
            496,
            496,
            496,
            496,
            496,
            496,
            496,
            496,
            496,
            496,
            496,
            496,
            496,
            496,
            496,
            496,
            496,
            496,
            496,
            496,
            496,
            496,
            496,
            496,
            496,
            496,
            496,
            496,
            496,
            496,
            496,
            496,
            496,
            496,
            496,
            496,
            496,
            496,
            496,
            496,
            496,
            496,
            496,
            496,
            496,
            496,
            496,
            496,
            496,
            496,
            496,
            496,
            496,
            496,
            496,
            496,
            496,
            496,
            496,
            496,
            496,
            496,
            496,
            496,
            496,
            496,
            496,
            496,
            496,
            496,
            496,
            496,
            496,
            496,
            496,
            496,
            496,
            496,
            496,
            496,
            496,
            496,
            496,
            496,
            496,
            496,
            496,
            496,
            496,
            496,
            496,
            496,
            496,
            496,
            496,
            496,
            496,
            496,
            496,
            496,
            496,
            496,
            496,
            496,
            496,
            496,
            496,
            496,
            496,
            496,
            496,
            496,
            496,
            496,
            496,
            496,
            496,
            496,
            496,
            496,
            496,
            496,
            496,
            496,
            496,
            496,
            496,
            496,
            496,
            496,
            496,
            496,
            496,
            496,
            236743,
            236770,
            236770
          ],
          "pipeline_state_compiles": 0,
          "ple_encoders": 0,
          "prefill_ms": 23424.173457999997,
          "prompt": "a a a a a a a a a a a a a a a a a a a a a a a a a a a a a a a a a a a a a a a a a a a a a a a a a a a a a a a a a a a a a a a a a a a a a a a a a a a a a a a a a a a a a a a a a a a a a a a a a a a a a a a a a a a a a a a a a a a a a a a a a a a a a a a a a a a a a a a a a a a a a a a a a a a a a a a a a a a a a a a a a a a a a a a a a a a a a a a a a a a a a a a a a a a a a a a a a a a a a a a a a a a a a a a a a a a a a a a a a a a a a a a a a a a a a a a a a a a a a a a a a a a a a a a a a a a a a a a ",
          "prompt_token_ids": [
            236746,
            496,
            496,
            496,
            496,
            496,
            496,
            496,
            496,
            496,
            496,
            496,
            496,
            496,
            496,
            496,
            496,
            496,
            496,
            496,
            496,
            496,
            496,
            496,
            496,
            496,
            496,
            496,
            496,
            496,
            496,
            496,
            496,
            496,
            496,
            496,
            496,
            496,
            496,
            496,
            496,
            496,
            496,
            496,
            496,
            496,
            496,
            496,
            496,
            496,
            496,
            496,
            496,
            496,
            496,
            496,
            496,
            496,
            496,
            496,
            496,
            496,
            496,
            496,
            496,
            496,
            496,
            496,
            496,
            496,
            496,
            496,
            496,
            496,
            496,
            496,
            496,
            496,
            496,
            496,
            496,
            496,
            496,
            496,
            496,
            496,
            496,
            496,
            496,
            496,
            496,
            496,
            496,
            496,
            496,
            496,
            496,
            496,
            496,
            496,
            496,
            496,
            496,
            496,
            496,
            496,
            496,
            496,
            496,
            496,
            496,
            496,
            496,
            496,
            496,
            496,
            496,
            496,
            496,
            496,
            496,
            496,
            496,
            496,
            496,
            496,
            496,
            496,
            496,
            496,
            496,
            496,
            496,
            496,
            496,
            496,
            496,
            496,
            496,
            496,
            496,
            496,
            496,
            496,
            496,
            496,
            496,
            496,
            496,
            496,
            496,
            496,
            496,
            496,
            496,
            496,
            496,
            496,
            496,
            496,
            496,
            496,
            496,
            496,
            496,
            496,
            496,
            496,
            496,
            496,
            496,
            496,
            496,
            496,
            496,
            496,
            496,
            496,
            496,
            496,
            496,
            496,
            496,
            496,
            496,
            496,
            496,
            496,
            496,
            496,
            496,
            496,
            496,
            496,
            496,
            496,
            496,
            496,
            496,
            496,
            496,
            496,
            496,
            496,
            496,
            496,
            496,
            496,
            496,
            496,
            496,
            496,
            496,
            496,
            496,
            496,
            496,
            496,
            496,
            496,
            496,
            496,
            496,
            496,
            496,
            496,
            496,
            496,
            496,
            496,
            496,
            496,
            496,
            496,
            496,
            496,
            496,
            496,
            496,
            496,
            496,
            496,
            496,
            496,
            496,
            496,
            496,
            496,
            496,
            496,
            496,
            496,
            496,
            496,
            496,
            236743
          ],
          "research_dispatch": {
            "counts": {
              "research_global_d512_split_coopkey_r8k8p64t128s32_merge": 16,
              "research_global_d512_split_coopkey_r8k8p64t128s32_partial": 16
            },
            "overflowed": false,
            "schema": "rvllm.metal.research-dispatch.v3"
          },
          "status": "pass",
          "tok_per_s": 1.225266339467745
        },
        {
          "command_buffer_wait_ns": 22237833625,
          "command_buffers": 3,
          "cpu_encode_ns": 16722584,
          "cpu_wall_ns": 22254556209,
          "decode_ms": 694.659083,
          "embedding_encoders": 3,
          "encoder_counts_by_kernel_family": {
            "embedding": 3,
            "final_logits_diagnostic": 0,
            "final_sample": 6,
            "layer_body": 1632,
            "layer_scale_fused": 144,
            "ple_input": 0
          },
          "encoders": 1641,
          "final_logits_encoders": 0,
          "final_sample_encoders": 6,
          "finish_reason": "length",
          "forced_waits": 3,
          "generated_text": "11",
          "generated_token_ids": [
            236770,
            236770
          ],
          "hf_reference": null,
          "last_step_command_buffer_wait_ns": 407913667,
          "last_step_command_buffers": 1,
          "last_step_cpu_encode_ns": 5697250,
          "last_step_cpu_wall_ns": 413610917,
          "last_step_encoders": 580,
          "last_step_forced_waits": 1,
          "last_step_gpu_execution_ns": 399132249,
          "last_step_tokens": 1,
          "layer_encoders": 1632,
          "layer_scale_encoder_fusions": 144,
          "library_compiles": 0,
          "max_new_tokens": 2,
          "max_supported_total_tokens": 258,
          "name": "pp256-decode2-repeat",
          "output_text": "a a a a a a a a a a a a a a a a a a a a a a a a a a a a a a a a a a a a a a a a a a a a a a a a a a a a a a a a a a a a a a a a a a a a a a a a a a a a a a a a a a a a a a a a a a a a a a a a a a a a a a a a a a a a a a a a a a a a a a a a a a a a a a a a a a a a a a a a a a a a a a a a a a a a a a a a a a a a a a a a a a a a a a a a a a a a a a a a a a a a a a a a a a a a a a a a a a a a a a a a a a a a a a a a a a a a a a a a a a a a a a a a a a a a a a a a a a a a a a a a a a a a a a a a a a a a a a a 11",
          "output_token_ids": [
            236746,
            496,
            496,
            496,
            496,
            496,
            496,
            496,
            496,
            496,
            496,
            496,
            496,
            496,
            496,
            496,
            496,
            496,
            496,
            496,
            496,
            496,
            496,
            496,
            496,
            496,
            496,
            496,
            496,
            496,
            496,
            496,
            496,
            496,
            496,
            496,
            496,
            496,
            496,
            496,
            496,
            496,
            496,
            496,
            496,
            496,
            496,
            496,
            496,
            496,
            496,
            496,
            496,
            496,
            496,
            496,
            496,
            496,
            496,
            496,
            496,
            496,
            496,
            496,
            496,
            496,
            496,
            496,
            496,
            496,
            496,
            496,
            496,
            496,
            496,
            496,
            496,
            496,
            496,
            496,
            496,
            496,
            496,
            496,
            496,
            496,
            496,
            496,
            496,
            496,
            496,
            496,
            496,
            496,
            496,
            496,
            496,
            496,
            496,
            496,
            496,
            496,
            496,
            496,
            496,
            496,
            496,
            496,
            496,
            496,
            496,
            496,
            496,
            496,
            496,
            496,
            496,
            496,
            496,
            496,
            496,
            496,
            496,
            496,
            496,
            496,
            496,
            496,
            496,
            496,
            496,
            496,
            496,
            496,
            496,
            496,
            496,
            496,
            496,
            496,
            496,
            496,
            496,
            496,
            496,
            496,
            496,
            496,
            496,
            496,
            496,
            496,
            496,
            496,
            496,
            496,
            496,
            496,
            496,
            496,
            496,
            496,
            496,
            496,
            496,
            496,
            496,
            496,
            496,
            496,
            496,
            496,
            496,
            496,
            496,
            496,
            496,
            496,
            496,
            496,
            496,
            496,
            496,
            496,
            496,
            496,
            496,
            496,
            496,
            496,
            496,
            496,
            496,
            496,
            496,
            496,
            496,
            496,
            496,
            496,
            496,
            496,
            496,
            496,
            496,
            496,
            496,
            496,
            496,
            496,
            496,
            496,
            496,
            496,
            496,
            496,
            496,
            496,
            496,
            496,
            496,
            496,
            496,
            496,
            496,
            496,
            496,
            496,
            496,
            496,
            496,
            496,
            496,
            496,
            496,
            496,
            496,
            496,
            496,
            496,
            496,
            496,
            496,
            496,
            496,
            496,
            496,
            496,
            496,
            496,
            496,
            496,
            496,
            496,
            496,
            236743,
            236770,
            236770
          ],
          "pipeline_state_compiles": 0,
          "ple_encoders": 0,
          "prefill_ms": 21559.955291000002,
          "prompt": "a a a a a a a a a a a a a a a a a a a a a a a a a a a a a a a a a a a a a a a a a a a a a a a a a a a a a a a a a a a a a a a a a a a a a a a a a a a a a a a a a a a a a a a a a a a a a a a a a a a a a a a a a a a a a a a a a a a a a a a a a a a a a a a a a a a a a a a a a a a a a a a a a a a a a a a a a a a a a a a a a a a a a a a a a a a a a a a a a a a a a a a a a a a a a a a a a a a a a a a a a a a a a a a a a a a a a a a a a a a a a a a a a a a a a a a a a a a a a a a a a a a a a a a a a a a a a a a ",
          "prompt_token_ids": [
            236746,
            496,
            496,
            496,
            496,
            496,
            496,
            496,
            496,
            496,
            496,
            496,
            496,
            496,
            496,
            496,
            496,
            496,
            496,
            496,
            496,
            496,
            496,
            496,
            496,
            496,
            496,
            496,
            496,
            496,
            496,
            496,
            496,
            496,
            496,
            496,
            496,
            496,
            496,
            496,
            496,
            496,
            496,
            496,
            496,
            496,
            496,
            496,
            496,
            496,
            496,
            496,
            496,
            496,
            496,
            496,
            496,
            496,
            496,
            496,
            496,
            496,
            496,
            496,
            496,
            496,
            496,
            496,
            496,
            496,
            496,
            496,
            496,
            496,
            496,
            496,
            496,
            496,
            496,
            496,
            496,
            496,
            496,
            496,
            496,
            496,
            496,
            496,
            496,
            496,
            496,
            496,
            496,
            496,
            496,
            496,
            496,
            496,
            496,
            496,
            496,
            496,
            496,
            496,
            496,
            496,
            496,
            496,
            496,
            496,
            496,
            496,
            496,
            496,
            496,
            496,
            496,
            496,
            496,
            496,
            496,
            496,
            496,
            496,
            496,
            496,
            496,
            496,
            496,
            496,
            496,
            496,
            496,
            496,
            496,
            496,
            496,
            496,
            496,
            496,
            496,
            496,
            496,
            496,
            496,
            496,
            496,
            496,
            496,
            496,
            496,
            496,
            496,
            496,
            496,
            496,
            496,
            496,
            496,
            496,
            496,
            496,
            496,
            496,
            496,
            496,
            496,
            496,
            496,
            496,
            496,
            496,
            496,
            496,
            496,
            496,
            496,
            496,
            496,
            496,
            496,
            496,
            496,
            496,
            496,
            496,
            496,
            496,
            496,
            496,
            496,
            496,
            496,
            496,
            496,
            496,
            496,
            496,
            496,
            496,
            496,
            496,
            496,
            496,
            496,
            496,
            496,
            496,
            496,
            496,
            496,
            496,
            496,
            496,
            496,
            496,
            496,
            496,
            496,
            496,
            496,
            496,
            496,
            496,
            496,
            496,
            496,
            496,
            496,
            496,
            496,
            496,
            496,
            496,
            496,
            496,
            496,
            496,
            496,
            496,
            496,
            496,
            496,
            496,
            496,
            496,
            496,
            496,
            496,
            496,
            496,
            496,
            496,
            496,
            496,
            236743
          ],
          "research_dispatch": {
            "counts": {
              "research_global_d512_split_coopkey_r8k8p64t128s32_merge": 16,
              "research_global_d512_split_coopkey_r8k8p64t128s32_partial": 16
            },
            "overflowed": false,
            "schema": "rvllm.metal.research-dispatch.v3"
          },
          "status": "pass",
          "tok_per_s": 2.879110126024221
        }
      ],
      "checkpoint_complete": true,
      "checkpoint_completed_cases": 2,
      "checkpoint_total_cases": 2,
      "claim": "Apple Metal text inference workflow; not production-ready until acceptance gates pass",
      "command_buffer_wait_ns": 47274781250,
      "command_buffers": 6,
      "cpu_encode_ns": 36174416,
      "cpu_wall_ns": 47310955666,
      "debug_sync": false,
      "decode_ms": 2326.9572500000004,
      "embedding_encoders": 6,
      "encoder_counts_by_kernel_family": {
        "embedding": 6,
        "final_logits_diagnostic": 0,
        "final_sample": 12,
        "layer_body": 3264,
        "layer_scale_fused": 288,
        "ple_input": 0
      },
      "encoders": 3282,
      "final_logits_encoders": 0,
      "final_sample_encoders": 12,
      "forced_waits": 6,
      "generated_tokens": 4,
      "large_model_opt_in": true,
      "last_step_command_buffer_wait_ns": 407913667,
      "last_step_command_buffers": 1,
      "last_step_cpu_encode_ns": 5697250,
      "last_step_cpu_wall_ns": 413610917,
      "last_step_encoders": 580,
      "last_step_forced_waits": 1,
      "last_step_gpu_execution_ns": 399132249,
      "last_step_tokens": 1,
      "layer_encoders": 3264,
      "layer_scale_encoder_fusions": 288,
      "library_compiles": 1,
      "max_supported_total_tokens": 258,
      "metal_compute_dtype": "bfloat16",
      "metal_moe_router_weight_dtype": "bfloat16",
      "metal_weight_dtype": "bfloat16",
      "model_dir": "/Users/george/.cache/huggingface/hub/models--google--gemma-4-12B-it/snapshots/707f0a3b8a3c7ad586ed01e27eafbad8a27dd0f7",
      "pipeline_state_compiles": 54,
      "ple_encoders": 0,
      "prefill_ms": 44984.128748999996,
      "prepare_ms": 17397.981625,
      "research_dispatch": {
        "counts": {
          "research_global_d512_split_coopkey_r8k8p64t128s32_merge": 32,
          "research_global_d512_split_coopkey_r8k8p64t128s32_partial": 32
        },
        "overflowed": false,
        "schema": "rvllm.metal.research-dispatch.v3"
      },
      "schema": "rvllm.apple_metal_text_session.v1",
      "status": "pass",
      "tok_per_s": 1.718983019563423,
      "total_ms": 64712.039625000005
    }
  ],
  "schema": "rvllm.apple_metal_text_session_profile.v1"
}
{
  "backend": "direct",
  "claim": "Apple Metal text session profile only; not production performance, ANE, external profiler, or production readiness evidence",
  "maximums": {
    "command_buffer_wait_ms": 46335.07654,
    "command_buffer_wait_ms_per_token": 11583.769135,
    "command_buffers_per_token": 1.5,
    "cpu_encode_ms": 37.999209,
    "cpu_encode_ms_per_token": 9.49980225,
    "decode_ms": 2295.3224170000003,
    "encoders_per_token": 820.5,
    "forced_waits_per_token": 1.5,
    "latency_ms_per_token": 573.8306042500001,
    "layer_scale_fusions_per_token": 72.0,
    "prefill_ms": 44077.883,
    "prepare_ms": 18810.330292,
    "tok_per_s": 1.7426745673612263
  },
  "medians": {
    "command_buffer_wait_ms": 46335.07654,
    "command_buffer_wait_ms_per_token": 11583.769135,
    "command_buffers_per_token": 1.5,
    "cpu_encode_ms": 37.999209,
    "cpu_encode_ms_per_token": 9.49980225,
    "decode_ms": 2295.3224170000003,
    "encoders_per_token": 820.5,
    "forced_waits_per_token": 1.5,
    "latency_ms_per_token": 573.8306042500001,
    "layer_scale_fusions_per_token": 72.0,
    "prefill_ms": 44077.883,
    "prepare_ms": 18810.330292,
    "tok_per_s": 1.7426745673612263
  },
  "metal_compute_dtype": "bfloat16",
  "metal_moe_router_weight_dtype": "bfloat16",
  "metal_weight_dtype": "bfloat16",
  "minimums": {
    "command_buffer_wait_ms": 46335.07654,
    "command_buffer_wait_ms_per_token": 11583.769135,
    "command_buffers_per_token": 1.5,
    "cpu_encode_ms": 37.999209,
    "cpu_encode_ms_per_token": 9.49980225,
    "decode_ms": 2295.3224170000003,
    "encoders_per_token": 820.5,
    "forced_waits_per_token": 1.5,
    "latency_ms_per_token": 573.8306042500001,
    "layer_scale_fusions_per_token": 72.0,
    "prefill_ms": 44077.883,
    "prepare_ms": 18810.330292,
    "tok_per_s": 1.7426745673612263
  },
  "model_dir": "/Users/george/.cache/huggingface/hub/models--google--gemma-4-12B-it/snapshots/707f0a3b8a3c7ad586ed01e27eafbad8a27dd0f7",
  "sample_count": 1,
  "samples": [
    {
      "arena_bytes": 24718537248,
      "backend": "direct",
      "case_count": 2,
      "cases": [
        {
          "command_buffer_wait_ns": 25023176832,
          "command_buffers": 3,
          "cpu_encode_ns": 23273834,
          "cpu_wall_ns": 25046450666,
          "decode_ms": 1670.02275,
          "embedding_encoders": 3,
          "encoder_counts_by_kernel_family": {
            "embedding": 3,
            "final_logits_diagnostic": 0,
            "final_sample": 6,
            "layer_body": 1632,
            "layer_scale_fused": 144,
            "ple_input": 0
          },
          "encoders": 1641,
          "final_logits_encoders": 0,
          "final_sample_encoders": 6,
          "finish_reason": "length",
          "forced_waits": 3,
          "generated_text": "11",
          "generated_token_ids": [
            236770,
            236770
          ],
          "hf_reference": null,
          "last_step_command_buffer_wait_ns": 671739708,
          "last_step_command_buffers": 1,
          "last_step_cpu_encode_ns": 5170667,
          "last_step_cpu_wall_ns": 676910375,
          "last_step_encoders": 580,
          "last_step_forced_waits": 1,
          "last_step_gpu_execution_ns": 671427749,
          "last_step_tokens": 1,
          "layer_encoders": 1632,
          "layer_scale_encoder_fusions": 144,
          "library_compiles": 0,
          "max_new_tokens": 2,
          "max_supported_total_tokens": 258,
          "name": "pp256-decode2",
          "output_text": "a a a a a a a a a a a a a a a a a a a a a a a a a a a a a a a a a a a a a a a a a a a a a a a a a a a a a a a a a a a a a a a a a a a a a a a a a a a a a a a a a a a a a a a a a a a a a a a a a a a a a a a a a a a a a a a a a a a a a a a a a a a a a a a a a a a a a a a a a a a a a a a a a a a a a a a a a a a a a a a a a a a a a a a a a a a a a a a a a a a a a a a a a a a a a a a a a a a a a a a a a a a a a a a a a a a a a a a a a a a a a a a a a a a a a a a a a a a a a a a a a a a a a a a a a a a a a a a 11",
          "output_token_ids": [
            236746,
            496,
            496,
            496,
            496,
            496,
            496,
            496,
            496,
            496,
            496,
            496,
            496,
            496,
            496,
            496,
            496,
            496,
            496,
            496,
            496,
            496,
            496,
            496,
            496,
            496,
            496,
            496,
            496,
            496,
            496,
            496,
            496,
            496,
            496,
            496,
            496,
            496,
            496,
            496,
            496,
            496,
            496,
            496,
            496,
            496,
            496,
            496,
            496,
            496,
            496,
            496,
            496,
            496,
            496,
            496,
            496,
            496,
            496,
            496,
            496,
            496,
            496,
            496,
            496,
            496,
            496,
            496,
            496,
            496,
            496,
            496,
            496,
            496,
            496,
            496,
            496,
            496,
            496,
            496,
            496,
            496,
            496,
            496,
            496,
            496,
            496,
            496,
            496,
            496,
            496,
            496,
            496,
            496,
            496,
            496,
            496,
            496,
            496,
            496,
            496,
            496,
            496,
            496,
            496,
            496,
            496,
            496,
            496,
            496,
            496,
            496,
            496,
            496,
            496,
            496,
            496,
            496,
            496,
            496,
            496,
            496,
            496,
            496,
            496,
            496,
            496,
            496,
            496,
            496,
            496,
            496,
            496,
            496,
            496,
            496,
            496,
            496,
            496,
            496,
            496,
            496,
            496,
            496,
            496,
            496,
            496,
            496,
            496,
            496,
            496,
            496,
            496,
            496,
            496,
            496,
            496,
            496,
            496,
            496,
            496,
            496,
            496,
            496,
            496,
            496,
            496,
            496,
            496,
            496,
            496,
            496,
            496,
            496,
            496,
            496,
            496,
            496,
            496,
            496,
            496,
            496,
            496,
            496,
            496,
            496,
            496,
            496,
            496,
            496,
            496,
            496,
            496,
            496,
            496,
            496,
            496,
            496,
            496,
            496,
            496,
            496,
            496,
            496,
            496,
            496,
            496,
            496,
            496,
            496,
            496,
            496,
            496,
            496,
            496,
            496,
            496,
            496,
            496,
            496,
            496,
            496,
            496,
            496,
            496,
            496,
            496,
            496,
            496,
            496,
            496,
            496,
            496,
            496,
            496,
            496,
            496,
            496,
            496,
            496,
            496,
            496,
            496,
            496,
            496,
            496,
            496,
            496,
            496,
            496,
            496,
            496,
            496,
            496,
            496,
            236743,
            236770,
            236770
          ],
          "pipeline_state_compiles": 0,
          "ple_encoders": 0,
          "prefill_ms": 23376.501375,
          "prompt": "a a a a a a a a a a a a a a a a a a a a a a a a a a a a a a a a a a a a a a a a a a a a a a a a a a a a a a a a a a a a a a a a a a a a a a a a a a a a a a a a a a a a a a a a a a a a a a a a a a a a a a a a a a a a a a a a a a a a a a a a a a a a a a a a a a a a a a a a a a a a a a a a a a a a a a a a a a a a a a a a a a a a a a a a a a a a a a a a a a a a a a a a a a a a a a a a a a a a a a a a a a a a a a a a a a a a a a a a a a a a a a a a a a a a a a a a a a a a a a a a a a a a a a a a a a a a a a a ",
          "prompt_token_ids": [
            236746,
            496,
            496,
            496,
            496,
            496,
            496,
            496,
            496,
            496,
            496,
            496,
            496,
            496,
            496,
            496,
            496,
            496,
            496,
            496,
            496,
            496,
            496,
            496,
            496,
            496,
            496,
            496,
            496,
            496,
            496,
            496,
            496,
            496,
            496,
            496,
            496,
            496,
            496,
            496,
            496,
            496,
            496,
            496,
            496,
            496,
            496,
            496,
            496,
            496,
            496,
            496,
            496,
            496,
            496,
            496,
            496,
            496,
            496,
            496,
            496,
            496,
            496,
            496,
            496,
            496,
            496,
            496,
            496,
            496,
            496,
            496,
            496,
            496,
            496,
            496,
            496,
            496,
            496,
            496,
            496,
            496,
            496,
            496,
            496,
            496,
            496,
            496,
            496,
            496,
            496,
            496,
            496,
            496,
            496,
            496,
            496,
            496,
            496,
            496,
            496,
            496,
            496,
            496,
            496,
            496,
            496,
            496,
            496,
            496,
            496,
            496,
            496,
            496,
            496,
            496,
            496,
            496,
            496,
            496,
            496,
            496,
            496,
            496,
            496,
            496,
            496,
            496,
            496,
            496,
            496,
            496,
            496,
            496,
            496,
            496,
            496,
            496,
            496,
            496,
            496,
            496,
            496,
            496,
            496,
            496,
            496,
            496,
            496,
            496,
            496,
            496,
            496,
            496,
            496,
            496,
            496,
            496,
            496,
            496,
            496,
            496,
            496,
            496,
            496,
            496,
            496,
            496,
            496,
            496,
            496,
            496,
            496,
            496,
            496,
            496,
            496,
            496,
            496,
            496,
            496,
            496,
            496,
            496,
            496,
            496,
            496,
            496,
            496,
            496,
            496,
            496,
            496,
            496,
            496,
            496,
            496,
            496,
            496,
            496,
            496,
            496,
            496,
            496,
            496,
            496,
            496,
            496,
            496,
            496,
            496,
            496,
            496,
            496,
            496,
            496,
            496,
            496,
            496,
            496,
            496,
            496,
            496,
            496,
            496,
            496,
            496,
            496,
            496,
            496,
            496,
            496,
            496,
            496,
            496,
            496,
            496,
            496,
            496,
            496,
            496,
            496,
            496,
            496,
            496,
            496,
            496,
            496,
            496,
            496,
            496,
            496,
            496,
            496,
            496,
            236743
          ],
          "research_dispatch": {
            "counts": {
              "research_global_d512_split_coopkey_r8k8p64t128s32_merge": 16,
              "research_global_d512_split_coopkey_r8k8p64t128s32_partial": 16
            },
            "overflowed": false,
            "schema": "rvllm.metal.research-dispatch.v3"
          },
          "status": "pass",
          "tok_per_s": 1.1975884759653723
        },
        {
          "command_buffer_wait_ns": 21311899708,
          "command_buffers": 3,
          "cpu_encode_ns": 14725375,
          "cpu_wall_ns": 21326625083,
          "decode_ms": 625.299667,
          "embedding_encoders": 3,
          "encoder_counts_by_kernel_family": {
            "embedding": 3,
            "final_logits_diagnostic": 0,
            "final_sample": 6,
            "layer_body": 1632,
            "layer_scale_fused": 144,
            "ple_input": 0
          },
          "encoders": 1641,
          "final_logits_encoders": 0,
          "final_sample_encoders": 6,
          "finish_reason": "length",
          "forced_waits": 3,
          "generated_text": "11",
          "generated_token_ids": [
            236770,
            236770
          ],
          "hf_reference": null,
          "last_step_command_buffer_wait_ns": 367263250,
          "last_step_command_buffers": 1,
          "last_step_cpu_encode_ns": 5860166,
          "last_step_cpu_wall_ns": 373123416,
          "last_step_encoders": 580,
          "last_step_forced_waits": 1,
          "last_step_gpu_execution_ns": 361794291,
          "last_step_tokens": 1,
          "layer_encoders": 1632,
          "layer_scale_encoder_fusions": 144,
          "library_compiles": 0,
          "max_new_tokens": 2,
          "max_supported_total_tokens": 258,
          "name": "pp256-decode2-repeat",
          "output_text": "a a a a a a a a a a a a a a a a a a a a a a a a a a a a a a a a a a a a a a a a a a a a a a a a a a a a a a a a a a a a a a a a a a a a a a a a a a a a a a a a a a a a a a a a a a a a a a a a a a a a a a a a a a a a a a a a a a a a a a a a a a a a a a a a a a a a a a a a a a a a a a a a a a a a a a a a a a a a a a a a a a a a a a a a a a a a a a a a a a a a a a a a a a a a a a a a a a a a a a a a a a a a a a a a a a a a a a a a a a a a a a a a a a a a a a a a a a a a a a a a a a a a a a a a a a a a a a a 11",
          "output_token_ids": [
            236746,
            496,
            496,
            496,
            496,
            496,
            496,
            496,
            496,
            496,
            496,
            496,
            496,
            496,
            496,
            496,
            496,
            496,
            496,
            496,
            496,
            496,
            496,
            496,
            496,
            496,
            496,
            496,
            496,
            496,
            496,
            496,
            496,
            496,
            496,
            496,
            496,
            496,
            496,
            496,
            496,
            496,
            496,
            496,
            496,
            496,
            496,
            496,
            496,
            496,
            496,
            496,
            496,
            496,
            496,
            496,
            496,
            496,
            496,
            496,
            496,
            496,
            496,
            496,
            496,
            496,
            496,
            496,
            496,
            496,
            496,
            496,
            496,
            496,
            496,
            496,
            496,
            496,
            496,
            496,
            496,
            496,
            496,
            496,
            496,
            496,
            496,
            496,
            496,
            496,
            496,
            496,
            496,
            496,
            496,
            496,
            496,
            496,
            496,
            496,
            496,
            496,
            496,
            496,
            496,
            496,
            496,
            496,
            496,
            496,
            496,
            496,
            496,
            496,
            496,
            496,
            496,
            496,
            496,
            496,
            496,
            496,
            496,
            496,
            496,
            496,
            496,
            496,
            496,
            496,
            496,
            496,
            496,
            496,
            496,
            496,
            496,
            496,
            496,
            496,
            496,
            496,
            496,
            496,
            496,
            496,
            496,
            496,
            496,
            496,
            496,
            496,
            496,
            496,
            496,
            496,
            496,
            496,
            496,
            496,
            496,
            496,
            496,
            496,
            496,
            496,
            496,
            496,
            496,
            496,
            496,
            496,
            496,
            496,
            496,
            496,
            496,
            496,
            496,
            496,
            496,
            496,
            496,
            496,
            496,
            496,
            496,
            496,
            496,
            496,
            496,
            496,
            496,
            496,
            496,
            496,
            496,
            496,
            496,
            496,
            496,
            496,
            496,
            496,
            496,
            496,
            496,
            496,
            496,
            496,
            496,
            496,
            496,
            496,
            496,
            496,
            496,
            496,
            496,
            496,
            496,
            496,
            496,
            496,
            496,
            496,
            496,
            496,
            496,
            496,
            496,
            496,
            496,
            496,
            496,
            496,
            496,
            496,
            496,
            496,
            496,
            496,
            496,
            496,
            496,
            496,
            496,
            496,
            496,
            496,
            496,
            496,
            496,
            496,
            496,
            236743,
            236770,
            236770
          ],
          "pipeline_state_compiles": 0,
          "ple_encoders": 0,
          "prefill_ms": 20701.381624999998,
          "prompt": "a a a a a a a a a a a a a a a a a a a a a a a a a a a a a a a a a a a a a a a a a a a a a a a a a a a a a a a a a a a a a a a a a a a a a a a a a a a a a a a a a a a a a a a a a a a a a a a a a a a a a a a a a a a a a a a a a a a a a a a a a a a a a a a a a a a a a a a a a a a a a a a a a a a a a a a a a a a a a a a a a a a a a a a a a a a a a a a a a a a a a a a a a a a a a a a a a a a a a a a a a a a a a a a a a a a a a a a a a a a a a a a a a a a a a a a a a a a a a a a a a a a a a a a a a a a a a a a ",
          "prompt_token_ids": [
            236746,
            496,
            496,
            496,
            496,
            496,
            496,
            496,
            496,
            496,
            496,
            496,
            496,
            496,
            496,
            496,
            496,
            496,
            496,
            496,
            496,
            496,
            496,
            496,
            496,
            496,
            496,
            496,
            496,
            496,
            496,
            496,
            496,
            496,
            496,
            496,
            496,
            496,
            496,
            496,
            496,
            496,
            496,
            496,
            496,
            496,
            496,
            496,
            496,
            496,
            496,
            496,
            496,
            496,
            496,
            496,
            496,
            496,
            496,
            496,
            496,
            496,
            496,
            496,
            496,
            496,
            496,
            496,
            496,
            496,
            496,
            496,
            496,
            496,
            496,
            496,
            496,
            496,
            496,
            496,
            496,
            496,
            496,
            496,
            496,
            496,
            496,
            496,
            496,
            496,
            496,
            496,
            496,
            496,
            496,
            496,
            496,
            496,
            496,
            496,
            496,
            496,
            496,
            496,
            496,
            496,
            496,
            496,
            496,
            496,
            496,
            496,
            496,
            496,
            496,
            496,
            496,
            496,
            496,
            496,
            496,
            496,
            496,
            496,
            496,
            496,
            496,
            496,
            496,
            496,
            496,
            496,
            496,
            496,
            496,
            496,
            496,
            496,
            496,
            496,
            496,
            496,
            496,
            496,
            496,
            496,
            496,
            496,
            496,
            496,
            496,
            496,
            496,
            496,
            496,
            496,
            496,
            496,
            496,
            496,
            496,
            496,
            496,
            496,
            496,
            496,
            496,
            496,
            496,
            496,
            496,
            496,
            496,
            496,
            496,
            496,
            496,
            496,
            496,
            496,
            496,
            496,
            496,
            496,
            496,
            496,
            496,
            496,
            496,
            496,
            496,
            496,
            496,
            496,
            496,
            496,
            496,
            496,
            496,
            496,
            496,
            496,
            496,
            496,
            496,
            496,
            496,
            496,
            496,
            496,
            496,
            496,
            496,
            496,
            496,
            496,
            496,
            496,
            496,
            496,
            496,
            496,
            496,
            496,
            496,
            496,
            496,
            496,
            496,
            496,
            496,
            496,
            496,
            496,
            496,
            496,
            496,
            496,
            496,
            496,
            496,
            496,
            496,
            496,
            496,
            496,
            496,
            496,
            496,
            496,
            496,
            496,
            496,
            496,
            496,
            236743
          ],
          "research_dispatch": {
            "counts": {
              "research_global_d512_split_coopkey_r8k8p64t128s32_merge": 16,
              "research_global_d512_split_coopkey_r8k8p64t128s32_partial": 16
            },
            "overflowed": false,
            "schema": "rvllm.metal.research-dispatch.v3"
          },
          "status": "pass",
          "tok_per_s": 3.198466440251599
        }
      ],
      "checkpoint_complete": true,
      "checkpoint_completed_cases": 2,
      "checkpoint_total_cases": 2,
      "claim": "Apple Metal text inference workflow; not production-ready until acceptance gates pass",
      "command_buffer_wait_ns": 46335076540,
      "command_buffers": 6,
      "cpu_encode_ns": 37999209,
      "cpu_wall_ns": 46373075749,
      "debug_sync": false,
      "decode_ms": 2295.3224170000003,
      "embedding_encoders": 6,
      "encoder_counts_by_kernel_family": {
        "embedding": 6,
        "final_logits_diagnostic": 0,
        "final_sample": 12,
        "layer_body": 3264,
        "layer_scale_fused": 288,
        "ple_input": 0
      },
      "encoders": 3282,
      "final_logits_encoders": 0,
      "final_sample_encoders": 12,
      "forced_waits": 6,
      "generated_tokens": 4,
      "large_model_opt_in": true,
      "last_step_command_buffer_wait_ns": 367263250,
      "last_step_command_buffers": 1,
      "last_step_cpu_encode_ns": 5860166,
      "last_step_cpu_wall_ns": 373123416,
      "last_step_encoders": 580,
      "last_step_forced_waits": 1,
      "last_step_gpu_execution_ns": 361794291,
      "last_step_tokens": 1,
      "layer_encoders": 3264,
      "layer_scale_encoder_fusions": 288,
      "library_compiles": 1,
      "max_supported_total_tokens": 258,
      "metal_compute_dtype": "bfloat16",
      "metal_moe_router_weight_dtype": "bfloat16",
      "metal_weight_dtype": "bfloat16",
      "model_dir": "/Users/george/.cache/huggingface/hub/models--google--gemma-4-12B-it/snapshots/707f0a3b8a3c7ad586ed01e27eafbad8a27dd0f7",
      "pipeline_state_compiles": 54,
      "ple_encoders": 0,
      "prefill_ms": 44077.883,
      "prepare_ms": 18810.330292,
      "research_dispatch": {
        "counts": {
          "research_global_d512_split_coopkey_r8k8p64t128s32_merge": 32,
          "research_global_d512_split_coopkey_r8k8p64t128s32_partial": 32
        },
        "overflowed": false,
        "schema": "rvllm.metal.research-dispatch.v3"
      },
      "schema": "rvllm.apple_metal_text_session.v1",
      "status": "pass",
      "tok_per_s": 1.7426745673612263,
      "total_ms": 65186.28870899999
    }
  ],
  "schema": "rvllm.apple_metal_text_session_profile.v1"
}
{
  "backend": "direct",
  "claim": "Apple Metal text session profile only; not production performance, ANE, external profiler, or production readiness evidence",
  "maximums": {
    "command_buffer_wait_ms": 48946.934331,
    "command_buffer_wait_ms_per_token": 12236.73358275,
    "command_buffers_per_token": 1.5,
    "cpu_encode_ms": 40.987669,
    "cpu_encode_ms_per_token": 10.24691725,
    "decode_ms": 2326.65,
    "encoders_per_token": 820.5,
    "forced_waits_per_token": 1.5,
    "latency_ms_per_token": 581.6625,
    "layer_scale_fusions_per_token": 72.0,
    "prefill_ms": 46661.420999,
    "prepare_ms": 17677.850167,
    "tok_per_s": 1.719210022994434
  },
  "medians": {
    "command_buffer_wait_ms": 48946.934331,
    "command_buffer_wait_ms_per_token": 12236.73358275,
    "command_buffers_per_token": 1.5,
    "cpu_encode_ms": 40.987669,
    "cpu_encode_ms_per_token": 10.24691725,
    "decode_ms": 2326.65,
    "encoders_per_token": 820.5,
    "forced_waits_per_token": 1.5,
    "latency_ms_per_token": 581.6625,
    "layer_scale_fusions_per_token": 72.0,
    "prefill_ms": 46661.420999,
    "prepare_ms": 17677.850167,
    "tok_per_s": 1.719210022994434
  },
  "metal_compute_dtype": "bfloat16",
  "metal_moe_router_weight_dtype": "bfloat16",
  "metal_weight_dtype": "bfloat16",
  "minimums": {
    "command_buffer_wait_ms": 48946.934331,
    "command_buffer_wait_ms_per_token": 12236.73358275,
    "command_buffers_per_token": 1.5,
    "cpu_encode_ms": 40.987669,
    "cpu_encode_ms_per_token": 10.24691725,
    "decode_ms": 2326.65,
    "encoders_per_token": 820.5,
    "forced_waits_per_token": 1.5,
    "latency_ms_per_token": 581.6625,
    "layer_scale_fusions_per_token": 72.0,
    "prefill_ms": 46661.420999,
    "prepare_ms": 17677.850167,
    "tok_per_s": 1.719210022994434
  },
  "model_dir": "/Users/george/.cache/huggingface/hub/models--google--gemma-4-12B-it/snapshots/707f0a3b8a3c7ad586ed01e27eafbad8a27dd0f7",
  "sample_count": 1,
  "samples": [
    {
      "arena_bytes": 24716958240,
      "backend": "direct",
      "case_count": 2,
      "cases": [
        {
          "command_buffer_wait_ns": 26931232249,
          "command_buffers": 3,
          "cpu_encode_ns": 24558376,
          "cpu_wall_ns": 26955790625,
          "decode_ms": 1608.05125,
          "embedding_encoders": 3,
          "encoder_counts_by_kernel_family": {
            "embedding": 3,
            "final_logits_diagnostic": 0,
            "final_sample": 6,
            "layer_body": 1632,
            "layer_scale_fused": 144,
            "ple_input": 0
          },
          "encoders": 1641,
          "final_logits_encoders": 0,
          "final_sample_encoders": 6,
          "finish_reason": "length",
          "forced_waits": 3,
          "generated_text": "11",
          "generated_token_ids": [
            236770,
            236770
          ],
          "hf_reference": null,
          "last_step_command_buffer_wait_ns": 774437958,
          "last_step_command_buffers": 1,
          "last_step_cpu_encode_ns": 3178334,
          "last_step_cpu_wall_ns": 777616292,
          "last_step_encoders": 580,
          "last_step_forced_waits": 1,
          "last_step_gpu_execution_ns": 774061083,
          "last_step_tokens": 1,
          "layer_encoders": 1632,
          "layer_scale_encoder_fusions": 144,
          "library_compiles": 0,
          "max_new_tokens": 2,
          "max_supported_total_tokens": 258,
          "name": "pp256-decode2",
          "output_text": "a a a a a a a a a a a a a a a a a a a a a a a a a a a a a a a a a a a a a a a a a a a a a a a a a a a a a a a a a a a a a a a a a a a a a a a a a a a a a a a a a a a a a a a a a a a a a a a a a a a a a a a a a a a a a a a a a a a a a a a a a a a a a a a a a a a a a a a a a a a a a a a a a a a a a a a a a a a a a a a a a a a a a a a a a a a a a a a a a a a a a a a a a a a a a a a a a a a a a a a a a a a a a a a a a a a a a a a a a a a a a a a a a a a a a a a a a a a a a a a a a a a a a a a a a a a a a a a 11",
          "output_token_ids": [
            236746,
            496,
            496,
            496,
            496,
            496,
            496,
            496,
            496,
            496,
            496,
            496,
            496,
            496,
            496,
            496,
            496,
            496,
            496,
            496,
            496,
            496,
            496,
            496,
            496,
            496,
            496,
            496,
            496,
            496,
            496,
            496,
            496,
            496,
            496,
            496,
            496,
            496,
            496,
            496,
            496,
            496,
            496,
            496,
            496,
            496,
            496,
            496,
            496,
            496,
            496,
            496,
            496,
            496,
            496,
            496,
            496,
            496,
            496,
            496,
            496,
            496,
            496,
            496,
            496,
            496,
            496,
            496,
            496,
            496,
            496,
            496,
            496,
            496,
            496,
            496,
            496,
            496,
            496,
            496,
            496,
            496,
            496,
            496,
            496,
            496,
            496,
            496,
            496,
            496,
            496,
            496,
            496,
            496,
            496,
            496,
            496,
            496,
            496,
            496,
            496,
            496,
            496,
            496,
            496,
            496,
            496,
            496,
            496,
            496,
            496,
            496,
            496,
            496,
            496,
            496,
            496,
            496,
            496,
            496,
            496,
            496,
            496,
            496,
            496,
            496,
            496,
            496,
            496,
            496,
            496,
            496,
            496,
            496,
            496,
            496,
            496,
            496,
            496,
            496,
            496,
            496,
            496,
            496,
            496,
            496,
            496,
            496,
            496,
            496,
            496,
            496,
            496,
            496,
            496,
            496,
            496,
            496,
            496,
            496,
            496,
            496,
            496,
            496,
            496,
            496,
            496,
            496,
            496,
            496,
            496,
            496,
            496,
            496,
            496,
            496,
            496,
            496,
            496,
            496,
            496,
            496,
            496,
            496,
            496,
            496,
            496,
            496,
            496,
            496,
            496,
            496,
            496,
            496,
            496,
            496,
            496,
            496,
            496,
            496,
            496,
            496,
            496,
            496,
            496,
            496,
            496,
            496,
            496,
            496,
            496,
            496,
            496,
            496,
            496,
            496,
            496,
            496,
            496,
            496,
            496,
            496,
            496,
            496,
            496,
            496,
            496,
            496,
            496,
            496,
            496,
            496,
            496,
            496,
            496,
            496,
            496,
            496,
            496,
            496,
            496,
            496,
            496,
            496,
            496,
            496,
            496,
            496,
            496,
            496,
            496,
            496,
            496,
            496,
            496,
            236743,
            236770,
            236770
          ],
          "pipeline_state_compiles": 0,
          "ple_encoders": 0,
          "prefill_ms": 25347.828958000002,
          "prompt": "a a a a a a a a a a a a a a a a a a a a a a a a a a a a a a a a a a a a a a a a a a a a a a a a a a a a a a a a a a a a a a a a a a a a a a a a a a a a a a a a a a a a a a a a a a a a a a a a a a a a a a a a a a a a a a a a a a a a a a a a a a a a a a a a a a a a a a a a a a a a a a a a a a a a a a a a a a a a a a a a a a a a a a a a a a a a a a a a a a a a a a a a a a a a a a a a a a a a a a a a a a a a a a a a a a a a a a a a a a a a a a a a a a a a a a a a a a a a a a a a a a a a a a a a a a a a a a a ",
          "prompt_token_ids": [
            236746,
            496,
            496,
            496,
            496,
            496,
            496,
            496,
            496,
            496,
            496,
            496,
            496,
            496,
            496,
            496,
            496,
            496,
            496,
            496,
            496,
            496,
            496,
            496,
            496,
            496,
            496,
            496,
            496,
            496,
            496,
            496,
            496,
            496,
            496,
            496,
            496,
            496,
            496,
            496,
            496,
            496,
            496,
            496,
            496,
            496,
            496,
            496,
            496,
            496,
            496,
            496,
            496,
            496,
            496,
            496,
            496,
            496,
            496,
            496,
            496,
            496,
            496,
            496,
            496,
            496,
            496,
            496,
            496,
            496,
            496,
            496,
            496,
            496,
            496,
            496,
            496,
            496,
            496,
            496,
            496,
            496,
            496,
            496,
            496,
            496,
            496,
            496,
            496,
            496,
            496,
            496,
            496,
            496,
            496,
            496,
            496,
            496,
            496,
            496,
            496,
            496,
            496,
            496,
            496,
            496,
            496,
            496,
            496,
            496,
            496,
            496,
            496,
            496,
            496,
            496,
            496,
            496,
            496,
            496,
            496,
            496,
            496,
            496,
            496,
            496,
            496,
            496,
            496,
            496,
            496,
            496,
            496,
            496,
            496,
            496,
            496,
            496,
            496,
            496,
            496,
            496,
            496,
            496,
            496,
            496,
            496,
            496,
            496,
            496,
            496,
            496,
            496,
            496,
            496,
            496,
            496,
            496,
            496,
            496,
            496,
            496,
            496,
            496,
            496,
            496,
            496,
            496,
            496,
            496,
            496,
            496,
            496,
            496,
            496,
            496,
            496,
            496,
            496,
            496,
            496,
            496,
            496,
            496,
            496,
            496,
            496,
            496,
            496,
            496,
            496,
            496,
            496,
            496,
            496,
            496,
            496,
            496,
            496,
            496,
            496,
            496,
            496,
            496,
            496,
            496,
            496,
            496,
            496,
            496,
            496,
            496,
            496,
            496,
            496,
            496,
            496,
            496,
            496,
            496,
            496,
            496,
            496,
            496,
            496,
            496,
            496,
            496,
            496,
            496,
            496,
            496,
            496,
            496,
            496,
            496,
            496,
            496,
            496,
            496,
            496,
            496,
            496,
            496,
            496,
            496,
            496,
            496,
            496,
            496,
            496,
            496,
            496,
            496,
            496,
            236743
          ],
          "research_dispatch": {
            "counts": {
              "research_global_d512_atlas_mma_r8k32p64t128": 16
            },
            "overflowed": false,
            "schema": "rvllm.metal.research-dispatch.v3"
          },
          "status": "pass",
          "tok_per_s": 1.243741454135868
        },
        {
          "command_buffer_wait_ns": 22015702082,
          "command_buffers": 3,
          "cpu_encode_ns": 16429293,
          "cpu_wall_ns": 22032131375,
          "decode_ms": 718.59875,
          "embedding_encoders": 3,
          "encoder_counts_by_kernel_family": {
            "embedding": 3,
            "final_logits_diagnostic": 0,
            "final_sample": 6,
            "layer_body": 1632,
            "layer_scale_fused": 144,
            "ple_input": 0
          },
          "encoders": 1641,
          "final_logits_encoders": 0,
          "final_sample_encoders": 6,
          "finish_reason": "length",
          "forced_waits": 3,
          "generated_text": "11",
          "generated_token_ids": [
            236770,
            236770
          ],
          "hf_reference": null,
          "last_step_command_buffer_wait_ns": 366819458,
          "last_step_command_buffers": 1,
          "last_step_cpu_encode_ns": 5438542,
          "last_step_cpu_wall_ns": 372258000,
          "last_step_encoders": 580,
          "last_step_forced_waits": 1,
          "last_step_gpu_execution_ns": 360960374,
          "last_step_tokens": 1,
          "layer_encoders": 1632,
          "layer_scale_encoder_fusions": 144,
          "library_compiles": 0,
          "max_new_tokens": 2,
          "max_supported_total_tokens": 258,
          "name": "pp256-decode2-repeat",
          "output_text": "a a a a a a a a a a a a a a a a a a a a a a a a a a a a a a a a a a a a a a a a a a a a a a a a a a a a a a a a a a a a a a a a a a a a a a a a a a a a a a a a a a a a a a a a a a a a a a a a a a a a a a a a a a a a a a a a a a a a a a a a a a a a a a a a a a a a a a a a a a a a a a a a a a a a a a a a a a a a a a a a a a a a a a a a a a a a a a a a a a a a a a a a a a a a a a a a a a a a a a a a a a a a a a a a a a a a a a a a a a a a a a a a a a a a a a a a a a a a a a a a a a a a a a a a a a a a a a a 11",
          "output_token_ids": [
            236746,
            496,
            496,
            496,
            496,
            496,
            496,
            496,
            496,
            496,
            496,
            496,
            496,
            496,
            496,
            496,
            496,
            496,
            496,
            496,
            496,
            496,
            496,
            496,
            496,
            496,
            496,
            496,
            496,
            496,
            496,
            496,
            496,
            496,
            496,
            496,
            496,
            496,
            496,
            496,
            496,
            496,
            496,
            496,
            496,
            496,
            496,
            496,
            496,
            496,
            496,
            496,
            496,
            496,
            496,
            496,
            496,
            496,
            496,
            496,
            496,
            496,
            496,
            496,
            496,
            496,
            496,
            496,
            496,
            496,
            496,
            496,
            496,
            496,
            496,
            496,
            496,
            496,
            496,
            496,
            496,
            496,
            496,
            496,
            496,
            496,
            496,
            496,
            496,
            496,
            496,
            496,
            496,
            496,
            496,
            496,
            496,
            496,
            496,
            496,
            496,
            496,
            496,
            496,
            496,
            496,
            496,
            496,
            496,
            496,
            496,
            496,
            496,
            496,
            496,
            496,
            496,
            496,
            496,
            496,
            496,
            496,
            496,
            496,
            496,
            496,
            496,
            496,
            496,
            496,
            496,
            496,
            496,
            496,
            496,
            496,
            496,
            496,
            496,
            496,
            496,
            496,
            496,
            496,
            496,
            496,
            496,
            496,
            496,
            496,
            496,
            496,
            496,
            496,
            496,
            496,
            496,
            496,
            496,
            496,
            496,
            496,
            496,
            496,
            496,
            496,
            496,
            496,
            496,
            496,
            496,
            496,
            496,
            496,
            496,
            496,
            496,
            496,
            496,
            496,
            496,
            496,
            496,
            496,
            496,
            496,
            496,
            496,
            496,
            496,
            496,
            496,
            496,
            496,
            496,
            496,
            496,
            496,
            496,
            496,
            496,
            496,
            496,
            496,
            496,
            496,
            496,
            496,
            496,
            496,
            496,
            496,
            496,
            496,
            496,
            496,
            496,
            496,
            496,
            496,
            496,
            496,
            496,
            496,
            496,
            496,
            496,
            496,
            496,
            496,
            496,
            496,
            496,
            496,
            496,
            496,
            496,
            496,
            496,
            496,
            496,
            496,
            496,
            496,
            496,
            496,
            496,
            496,
            496,
            496,
            496,
            496,
            496,
            496,
            496,
            236743,
            236770,
            236770
          ],
          "pipeline_state_compiles": 0,
          "ple_encoders": 0,
          "prefill_ms": 21313.592041,
          "prompt": "a a a a a a a a a a a a a a a a a a a a a a a a a a a a a a a a a a a a a a a a a a a a a a a a a a a a a a a a a a a a a a a a a a a a a a a a a a a a a a a a a a a a a a a a a a a a a a a a a a a a a a a a a a a a a a a a a a a a a a a a a a a a a a a a a a a a a a a a a a a a a a a a a a a a a a a a a a a a a a a a a a a a a a a a a a a a a a a a a a a a a a a a a a a a a a a a a a a a a a a a a a a a a a a a a a a a a a a a a a a a a a a a a a a a a a a a a a a a a a a a a a a a a a a a a a a a a a a ",
          "prompt_token_ids": [
            236746,
            496,
            496,
            496,
            496,
            496,
            496,
            496,
            496,
            496,
            496,
            496,
            496,
            496,
            496,
            496,
            496,
            496,
            496,
            496,
            496,
            496,
            496,
            496,
            496,
            496,
            496,
            496,
            496,
            496,
            496,
            496,
            496,
            496,
            496,
            496,
            496,
            496,
            496,
            496,
            496,
            496,
            496,
            496,
            496,
            496,
            496,
            496,
            496,
            496,
            496,
            496,
            496,
            496,
            496,
            496,
            496,
            496,
            496,
            496,
            496,
            496,
            496,
            496,
            496,
            496,
            496,
            496,
            496,
            496,
            496,
            496,
            496,
            496,
            496,
            496,
            496,
            496,
            496,
            496,
            496,
            496,
            496,
            496,
            496,
            496,
            496,
            496,
            496,
            496,
            496,
            496,
            496,
            496,
            496,
            496,
            496,
            496,
            496,
            496,
            496,
            496,
            496,
            496,
            496,
            496,
            496,
            496,
            496,
            496,
            496,
            496,
            496,
            496,
            496,
            496,
            496,
            496,
            496,
            496,
            496,
            496,
            496,
            496,
            496,
            496,
            496,
            496,
            496,
            496,
            496,
            496,
            496,
            496,
            496,
            496,
            496,
            496,
            496,
            496,
            496,
            496,
            496,
            496,
            496,
            496,
            496,
            496,
            496,
            496,
            496,
            496,
            496,
            496,
            496,
            496,
            496,
            496,
            496,
            496,
            496,
            496,
            496,
            496,
            496,
            496,
            496,
            496,
            496,
            496,
            496,
            496,
            496,
            496,
            496,
            496,
            496,
            496,
            496,
            496,
            496,
            496,
            496,
            496,
            496,
            496,
            496,
            496,
            496,
            496,
            496,
            496,
            496,
            496,
            496,
            496,
            496,
            496,
            496,
            496,
            496,
            496,
            496,
            496,
            496,
            496,
            496,
            496,
            496,
            496,
            496,
            496,
            496,
            496,
            496,
            496,
            496,
            496,
            496,
            496,
            496,
            496,
            496,
            496,
            496,
            496,
            496,
            496,
            496,
            496,
            496,
            496,
            496,
            496,
            496,
            496,
            496,
            496,
            496,
            496,
            496,
            496,
            496,
            496,
            496,
            496,
            496,
            496,
            496,
            496,
            496,
            496,
            496,
            496,
            496,
            236743
          ],
          "research_dispatch": {
            "counts": {
              "research_global_d512_atlas_mma_r8k32p64t128": 16
            },
            "overflowed": false,
            "schema": "rvllm.metal.research-dispatch.v3"
          },
          "status": "pass",
          "tok_per_s": 2.7831943765557625
        }
      ],
      "checkpoint_complete": true,
      "checkpoint_completed_cases": 2,
      "checkpoint_total_cases": 2,
      "claim": "Apple Metal text inference workflow; not production-ready until acceptance gates pass",
      "command_buffer_wait_ns": 48946934331,
      "command_buffers": 6,
      "cpu_encode_ns": 40987669,
      "cpu_wall_ns": 48987922000,
      "debug_sync": false,
      "decode_ms": 2326.65,
      "embedding_encoders": 6,
      "encoder_counts_by_kernel_family": {
        "embedding": 6,
        "final_logits_diagnostic": 0,
        "final_sample": 12,
        "layer_body": 3264,
        "layer_scale_fused": 288,
        "ple_input": 0
      },
      "encoders": 3282,
      "final_logits_encoders": 0,
      "final_sample_encoders": 12,
      "forced_waits": 6,
      "generated_tokens": 4,
      "large_model_opt_in": true,
      "last_step_command_buffer_wait_ns": 366819458,
      "last_step_command_buffers": 1,
      "last_step_cpu_encode_ns": 5438542,
      "last_step_cpu_wall_ns": 372258000,
      "last_step_encoders": 580,
      "last_step_forced_waits": 1,
      "last_step_gpu_execution_ns": 360960374,
      "last_step_tokens": 1,
      "layer_encoders": 3264,
      "layer_scale_encoder_fusions": 288,
      "library_compiles": 1,
      "max_supported_total_tokens": 258,
      "metal_compute_dtype": "bfloat16",
      "metal_moe_router_weight_dtype": "bfloat16",
      "metal_weight_dtype": "bfloat16",
      "model_dir": "/Users/george/.cache/huggingface/hub/models--google--gemma-4-12B-it/snapshots/707f0a3b8a3c7ad586ed01e27eafbad8a27dd0f7",
      "pipeline_state_compiles": 53,
      "ple_encoders": 0,
      "prefill_ms": 46661.420999,
      "prepare_ms": 17677.850167,
      "research_dispatch": {
        "counts": {
          "research_global_d512_atlas_mma_r8k32p64t128": 32
        },
        "overflowed": false,
        "schema": "rvllm.metal.research-dispatch.v3"
      },
      "schema": "rvllm.apple_metal_text_session.v1",
      "status": "pass",
      "tok_per_s": 1.719210022994434,
      "total_ms": 66669.882875
    }
  ],
  "schema": "rvllm.apple_metal_text_session_profile.v1"
}
