{
  "backend": "direct",
  "claim": "Apple Metal text session profile only; not production performance, ANE, external profiler, or production readiness evidence",
  "maximums": {
    "command_buffer_wait_ms": 90858.179708,
    "command_buffer_wait_ms_per_token": 22714.544927,
    "command_buffers_per_token": 1.5,
    "cpu_encode_ms": 50.939998,
    "cpu_encode_ms_per_token": 12.7349995,
    "decode_ms": 1940.494792,
    "encoders_per_token": 820.5,
    "forced_waits_per_token": 1.5,
    "latency_ms_per_token": 485.123698,
    "layer_scale_fusions_per_token": 72.0,
    "prefill_ms": 89018.433666,
    "prepare_ms": 16949.021791,
    "tok_per_s": 2.173425646870902
  },
  "medians": {
    "command_buffer_wait_ms": 86079.953126,
    "command_buffer_wait_ms_per_token": 21519.9882815,
    "command_buffers_per_token": 1.5,
    "cpu_encode_ms": 39.83325,
    "cpu_encode_ms_per_token": 9.9583125,
    "decode_ms": 1879.685334,
    "encoders_per_token": 820.5,
    "forced_waits_per_token": 1.5,
    "latency_ms_per_token": 469.9213335,
    "layer_scale_fusions_per_token": 72.0,
    "prefill_ms": 84290.616209,
    "prepare_ms": 15157.76525,
    "tok_per_s": 2.1280157522365393
  },
  "metal_compute_dtype": "bfloat16",
  "metal_moe_router_weight_dtype": "bfloat16",
  "metal_weight_dtype": "bfloat16",
  "minimums": {
    "command_buffer_wait_ms": 83669.92275,
    "command_buffer_wait_ms_per_token": 20917.4806875,
    "command_buffers_per_token": 1.5,
    "cpu_encode_ms": 39.302748,
    "cpu_encode_ms_per_token": 9.825687,
    "decode_ms": 1840.412625,
    "encoders_per_token": 820.5,
    "forced_waits_per_token": 1.5,
    "latency_ms_per_token": 460.10315625,
    "layer_scale_fusions_per_token": 72.0,
    "prefill_ms": 81768.910376,
    "prepare_ms": 13834.670624999999,
    "tok_per_s": 2.061329933216332
  },
  "model_dir": "/Users/george/.cache/huggingface/hub/models--google--gemma-4-12B-it/snapshots/707f0a3b8a3c7ad586ed01e27eafbad8a27dd0f7",
  "sample_count": 3,
  "samples": [
    {
      "arena_bytes": 25574999072,
      "backend": "direct",
      "case_count": 2,
      "cases": [
        {
          "command_buffer_wait_ns": 40487131041,
          "command_buffers": 3,
          "cpu_encode_ns": 23578250,
          "cpu_wall_ns": 40510709291,
          "decode_ms": 940.157834,
          "embedding_encoders": 3,
          "encoder_counts_by_kernel_family": {
            "embedding": 3,
            "final_logits_diagnostic": 0,
            "final_sample": 6,
            "layer_body": 1632,
            "layer_scale_fused": 144,
            "ple_input": 0
          },
          "encoders": 1641,
          "final_logits_encoders": 0,
          "final_sample_encoders": 6,
          "finish_reason": "length",
          "forced_waits": 3,
          "generated_text": "11",
          "generated_token_ids": [
            236770,
            236770
          ],
          "hf_reference": null,
          "last_step_command_buffer_wait_ns": 482010333,
          "last_step_command_buffers": 1,
          "last_step_cpu_encode_ns": 2996417,
          "last_step_cpu_wall_ns": 485006750,
          "last_step_encoders": 580,
          "last_step_forced_waits": 1,
          "last_step_gpu_execution_ns": 481215749,
          "last_step_tokens": 1,
          "layer_encoders": 1632,
          "layer_scale_encoder_fusions": 144,
          "library_compiles": 0,
          "max_new_tokens": 2,
          "max_supported_total_tokens": 514,
          "name": "pp512-decode2",
          "output_text": "a a a a a a a a a a a a a a a a a a a a a a a a a a a a a a a a a a a a a a a a a a a a a a a a a a a a a a a a a a a a a a a a a a a a a a a a a a a a a a a a a a a a a a a a a a a a a a a a a a a a a a a a a a a a a a a a a a a a a a a a a a a a a a a a a a a a a a a a a a a a a a a a a a a a a a a a a a a a a a a a a a a a a a a a a a a a a a a a a a a a a a a a a a a a a a a a a a a a a a a a a a a a a a a a a a a a a a a a a a a a a a a a a a a a a a a a a a a a a a a a a a a a a a a a a a a a a a a a a a a a a a a a a a a a a a a a a a a a a a a a a a a a a a a a a a a a a a a a a a a a a a a a a a a a a a a a a a a a a a a a a a a a a a a a a a a a a a a a a a a a a a a a a a a a a a a a a a a a a a a a a a a a a a a a a a a a a a a a a a a a a a a a a a a a a a a a a a a a a a a a a a a a a a a a a a a a a a a a a a a a a a a a a a a a a a a a a a a a a a a a a a a a a a a a a a a a a a a a a a a a a a a a a a a a a a a a a a a a a a a a a a a a a a a a a a a a a a a a a a a a a a a a a a a a a a a 11",
          "output_token_ids": [
            236746,
            496,
            496,
            496,
            496,
            496,
            496,
            496,
            496,
            496,
            496,
            496,
            496,
            496,
            496,
            496,
            496,
            496,
            496,
            496,
            496,
            496,
            496,
            496,
            496,
            496,
            496,
            496,
            496,
            496,
            496,
            496,
            496,
            496,
            496,
            496,
            496,
            496,
            496,
            496,
            496,
            496,
            496,
            496,
            496,
            496,
            496,
            496,
            496,
            496,
            496,
            496,
            496,
            496,
            496,
            496,
            496,
            496,
            496,
            496,
            496,
            496,
            496,
            496,
            496,
            496,
            496,
            496,
            496,
            496,
            496,
            496,
            496,
            496,
            496,
            496,
            496,
            496,
            496,
            496,
            496,
            496,
            496,
            496,
            496,
            496,
            496,
            496,
            496,
            496,
            496,
            496,
            496,
            496,
            496,
            496,
            496,
            496,
            496,
            496,
            496,
            496,
            496,
            496,
            496,
            496,
            496,
            496,
            496,
            496,
            496,
            496,
            496,
            496,
            496,
            496,
            496,
            496,
            496,
            496,
            496,
            496,
            496,
            496,
            496,
            496,
            496,
            496,
            496,
            496,
            496,
            496,
            496,
            496,
            496,
            496,
            496,
            496,
            496,
            496,
            496,
            496,
            496,
            496,
            496,
            496,
            496,
            496,
            496,
            496,
            496,
            496,
            496,
            496,
            496,
            496,
            496,
            496,
            496,
            496,
            496,
            496,
            496,
            496,
            496,
            496,
            496,
            496,
            496,
            496,
            496,
            496,
            496,
            496,
            496,
            496,
            496,
            496,
            496,
            496,
            496,
            496,
            496,
            496,
            496,
            496,
            496,
            496,
            496,
            496,
            496,
            496,
            496,
            496,
            496,
            496,
            496,
            496,
            496,
            496,
            496,
            496,
            496,
            496,
            496,
            496,
            496,
            496,
            496,
            496,
            496,
            496,
            496,
            496,
            496,
            496,
            496,
            496,
            496,
            496,
            496,
            496,
            496,
            496,
            496,
            496,
            496,
            496,
            496,
            496,
            496,
            496,
            496,
            496,
            496,
            496,
            496,
            496,
            496,
            496,
            496,
            496,
            496,
            496,
            496,
            496,
            496,
            496,
            496,
            496,
            496,
            496,
            496,
            496,
            496,
            496,
            496,
            496,
            496,
            496,
            496,
            496,
            496,
            496,
            496,
            496,
            496,
            496,
            496,
            496,
            496,
            496,
            496,
            496,
            496,
            496,
            496,
            496,
            496,
            496,
            496,
            496,
            496,
            496,
            496,
            496,
            496,
            496,
            496,
            496,
            496,
            496,
            496,
            496,
            496,
            496,
            496,
            496,
            496,
            496,
            496,
            496,
            496,
            496,
            496,
            496,
            496,
            496,
            496,
            496,
            496,
            496,
            496,
            496,
            496,
            496,
            496,
            496,
            496,
            496,
            496,
            496,
            496,
            496,
            496,
            496,
            496,
            496,
            496,
            496,
            496,
            496,
            496,
            496,
            496,
            496,
            496,
            496,
            496,
            496,
            496,
            496,
            496,
            496,
            496,
            496,
            496,
            496,
            496,
            496,
            496,
            496,
            496,
            496,
            496,
            496,
            496,
            496,
            496,
            496,
            496,
            496,
            496,
            496,
            496,
            496,
            496,
            496,
            496,
            496,
            496,
            496,
            496,
            496,
            496,
            496,
            496,
            496,
            496,
            496,
            496,
            496,
            496,
            496,
            496,
            496,
            496,
            496,
            496,
            496,
            496,
            496,
            496,
            496,
            496,
            496,
            496,
            496,
            496,
            496,
            496,
            496,
            496,
            496,
            496,
            496,
            496,
            496,
            496,
            496,
            496,
            496,
            496,
            496,
            496,
            496,
            496,
            496,
            496,
            496,
            496,
            496,
            496,
            496,
            496,
            496,
            496,
            496,
            496,
            496,
            496,
            496,
            496,
            496,
            496,
            496,
            496,
            496,
            496,
            496,
            496,
            496,
            496,
            496,
            496,
            496,
            496,
            496,
            496,
            496,
            496,
            496,
            496,
            496,
            496,
            496,
            496,
            496,
            496,
            496,
            496,
            496,
            496,
            496,
            496,
            496,
            496,
            496,
            496,
            496,
            496,
            496,
            496,
            496,
            496,
            496,
            496,
            496,
            496,
            496,
            496,
            496,
            496,
            496,
            496,
            496,
            496,
            496,
            496,
            496,
            496,
            496,
            496,
            496,
            496,
            496,
            496,
            496,
            496,
            496,
            496,
            496,
            496,
            496,
            496,
            496,
            496,
            496,
            496,
            496,
            496,
            236743,
            236770,
            236770
          ],
          "pipeline_state_compiles": 0,
          "ple_encoders": 0,
          "prefill_ms": 39570.647792,
          "prompt": "a a a a a a a a a a a a a a a a a a a a a a a a a a a a a a a a a a a a a a a a a a a a a a a a a a a a a a a a a a a a a a a a a a a a a a a a a a a a a a a a a a a a a a a a a a a a a a a a a a a a a a a a a a a a a a a a a a a a a a a a a a a a a a a a a a a a a a a a a a a a a a a a a a a a a a a a a a a a a a a a a a a a a a a a a a a a a a a a a a a a a a a a a a a a a a a a a a a a a a a a a a a a a a a a a a a a a a a a a a a a a a a a a a a a a a a a a a a a a a a a a a a a a a a a a a a a a a a a a a a a a a a a a a a a a a a a a a a a a a a a a a a a a a a a a a a a a a a a a a a a a a a a a a a a a a a a a a a a a a a a a a a a a a a a a a a a a a a a a a a a a a a a a a a a a a a a a a a a a a a a a a a a a a a a a a a a a a a a a a a a a a a a a a a a a a a a a a a a a a a a a a a a a a a a a a a a a a a a a a a a a a a a a a a a a a a a a a a a a a a a a a a a a a a a a a a a a a a a a a a a a a a a a a a a a a a a a a a a a a a a a a a a a a a a a a a a a a a a a a a a a a a a a a a a a a a ",
          "prompt_token_ids": [
            236746,
            496,
            496,
            496,
            496,
            496,
            496,
            496,
            496,
            496,
            496,
            496,
            496,
            496,
            496,
            496,
            496,
            496,
            496,
            496,
            496,
            496,
            496,
            496,
            496,
            496,
            496,
            496,
            496,
            496,
            496,
            496,
            496,
            496,
            496,
            496,
            496,
            496,
            496,
            496,
            496,
            496,
            496,
            496,
            496,
            496,
            496,
            496,
            496,
            496,
            496,
            496,
            496,
            496,
            496,
            496,
            496,
            496,
            496,
            496,
            496,
            496,
            496,
            496,
            496,
            496,
            496,
            496,
            496,
            496,
            496,
            496,
            496,
            496,
            496,
            496,
            496,
            496,
            496,
            496,
            496,
            496,
            496,
            496,
            496,
            496,
            496,
            496,
            496,
            496,
            496,
            496,
            496,
            496,
            496,
            496,
            496,
            496,
            496,
            496,
            496,
            496,
            496,
            496,
            496,
            496,
            496,
            496,
            496,
            496,
            496,
            496,
            496,
            496,
            496,
            496,
            496,
            496,
            496,
            496,
            496,
            496,
            496,
            496,
            496,
            496,
            496,
            496,
            496,
            496,
            496,
            496,
            496,
            496,
            496,
            496,
            496,
            496,
            496,
            496,
            496,
            496,
            496,
            496,
            496,
            496,
            496,
            496,
            496,
            496,
            496,
            496,
            496,
            496,
            496,
            496,
            496,
            496,
            496,
            496,
            496,
            496,
            496,
            496,
            496,
            496,
            496,
            496,
            496,
            496,
            496,
            496,
            496,
            496,
            496,
            496,
            496,
            496,
            496,
            496,
            496,
            496,
            496,
            496,
            496,
            496,
            496,
            496,
            496,
            496,
            496,
            496,
            496,
            496,
            496,
            496,
            496,
            496,
            496,
            496,
            496,
            496,
            496,
            496,
            496,
            496,
            496,
            496,
            496,
            496,
            496,
            496,
            496,
            496,
            496,
            496,
            496,
            496,
            496,
            496,
            496,
            496,
            496,
            496,
            496,
            496,
            496,
            496,
            496,
            496,
            496,
            496,
            496,
            496,
            496,
            496,
            496,
            496,
            496,
            496,
            496,
            496,
            496,
            496,
            496,
            496,
            496,
            496,
            496,
            496,
            496,
            496,
            496,
            496,
            496,
            496,
            496,
            496,
            496,
            496,
            496,
            496,
            496,
            496,
            496,
            496,
            496,
            496,
            496,
            496,
            496,
            496,
            496,
            496,
            496,
            496,
            496,
            496,
            496,
            496,
            496,
            496,
            496,
            496,
            496,
            496,
            496,
            496,
            496,
            496,
            496,
            496,
            496,
            496,
            496,
            496,
            496,
            496,
            496,
            496,
            496,
            496,
            496,
            496,
            496,
            496,
            496,
            496,
            496,
            496,
            496,
            496,
            496,
            496,
            496,
            496,
            496,
            496,
            496,
            496,
            496,
            496,
            496,
            496,
            496,
            496,
            496,
            496,
            496,
            496,
            496,
            496,
            496,
            496,
            496,
            496,
            496,
            496,
            496,
            496,
            496,
            496,
            496,
            496,
            496,
            496,
            496,
            496,
            496,
            496,
            496,
            496,
            496,
            496,
            496,
            496,
            496,
            496,
            496,
            496,
            496,
            496,
            496,
            496,
            496,
            496,
            496,
            496,
            496,
            496,
            496,
            496,
            496,
            496,
            496,
            496,
            496,
            496,
            496,
            496,
            496,
            496,
            496,
            496,
            496,
            496,
            496,
            496,
            496,
            496,
            496,
            496,
            496,
            496,
            496,
            496,
            496,
            496,
            496,
            496,
            496,
            496,
            496,
            496,
            496,
            496,
            496,
            496,
            496,
            496,
            496,
            496,
            496,
            496,
            496,
            496,
            496,
            496,
            496,
            496,
            496,
            496,
            496,
            496,
            496,
            496,
            496,
            496,
            496,
            496,
            496,
            496,
            496,
            496,
            496,
            496,
            496,
            496,
            496,
            496,
            496,
            496,
            496,
            496,
            496,
            496,
            496,
            496,
            496,
            496,
            496,
            496,
            496,
            496,
            496,
            496,
            496,
            496,
            496,
            496,
            496,
            496,
            496,
            496,
            496,
            496,
            496,
            496,
            496,
            496,
            496,
            496,
            496,
            496,
            496,
            496,
            496,
            496,
            496,
            496,
            496,
            496,
            496,
            496,
            496,
            496,
            496,
            496,
            496,
            496,
            496,
            496,
            496,
            496,
            496,
            496,
            496,
            496,
            496,
            496,
            496,
            496,
            496,
            496,
            496,
            496,
            496,
            496,
            496,
            496,
            496,
            236743
          ],
          "research_dispatch": {
            "counts": {
              "research_global_d512_atlas_mma_r8k32p64t128": 16
            },
            "overflowed": false,
            "schema": "rvllm.metal.research-dispatch.v3"
          },
          "status": "pass",
          "tok_per_s": 2.127302382293397
        },
        {
          "command_buffer_wait_ns": 43182791709,
          "command_buffers": 3,
          "cpu_encode_ns": 15724498,
          "cpu_wall_ns": 43198516207,
          "decode_ms": 1000.3369580000001,
          "embedding_encoders": 3,
          "encoder_counts_by_kernel_family": {
            "embedding": 3,
            "final_logits_diagnostic": 0,
            "final_sample": 6,
            "layer_body": 1632,
            "layer_scale_fused": 144,
            "ple_input": 0
          },
          "encoders": 1641,
          "final_logits_encoders": 0,
          "final_sample_encoders": 6,
          "finish_reason": "length",
          "forced_waits": 3,
          "generated_text": "11",
          "generated_token_ids": [
            236770,
            236770
          ],
          "hf_reference": null,
          "last_step_command_buffer_wait_ns": 526403125,
          "last_step_command_buffers": 1,
          "last_step_cpu_encode_ns": 5524083,
          "last_step_cpu_wall_ns": 531927208,
          "last_step_encoders": 580,
          "last_step_forced_waits": 1,
          "last_step_gpu_execution_ns": 525582499,
          "last_step_tokens": 1,
          "layer_encoders": 1632,
          "layer_scale_encoder_fusions": 144,
          "library_compiles": 0,
          "max_new_tokens": 2,
          "max_supported_total_tokens": 514,
          "name": "pp512-decode2-repeat",
          "output_text": "a a a a a a a a a a a a a a a a a a a a a a a a a a a a a a a a a a a a a a a a a a a a a a a a a a a a a a a a a a a a a a a a a a a a a a a a a a a a a a a a a a a a a a a a a a a a a a a a a a a a a a a a a a a a a a a a a a a a a a a a a a a a a a a a a a a a a a a a a a a a a a a a a a a a a a a a a a a a a a a a a a a a a a a a a a a a a a a a a a a a a a a a a a a a a a a a a a a a a a a a a a a a a a a a a a a a a a a a a a a a a a a a a a a a a a a a a a a a a a a a a a a a a a a a a a a a a a a a a a a a a a a a a a a a a a a a a a a a a a a a a a a a a a a a a a a a a a a a a a a a a a a a a a a a a a a a a a a a a a a a a a a a a a a a a a a a a a a a a a a a a a a a a a a a a a a a a a a a a a a a a a a a a a a a a a a a a a a a a a a a a a a a a a a a a a a a a a a a a a a a a a a a a a a a a a a a a a a a a a a a a a a a a a a a a a a a a a a a a a a a a a a a a a a a a a a a a a a a a a a a a a a a a a a a a a a a a a a a a a a a a a a a a a a a a a a a a a a a a a a a a a a a a a a a a a a 11",
          "output_token_ids": [
            236746,
            496,
            496,
            496,
            496,
            496,
            496,
            496,
            496,
            496,
            496,
            496,
            496,
            496,
            496,
            496,
            496,
            496,
            496,
            496,
            496,
            496,
            496,
            496,
            496,
            496,
            496,
            496,
            496,
            496,
            496,
            496,
            496,
            496,
            496,
            496,
            496,
            496,
            496,
            496,
            496,
            496,
            496,
            496,
            496,
            496,
            496,
            496,
            496,
            496,
            496,
            496,
            496,
            496,
            496,
            496,
            496,
            496,
            496,
            496,
            496,
            496,
            496,
            496,
            496,
            496,
            496,
            496,
            496,
            496,
            496,
            496,
            496,
            496,
            496,
            496,
            496,
            496,
            496,
            496,
            496,
            496,
            496,
            496,
            496,
            496,
            496,
            496,
            496,
            496,
            496,
            496,
            496,
            496,
            496,
            496,
            496,
            496,
            496,
            496,
            496,
            496,
            496,
            496,
            496,
            496,
            496,
            496,
            496,
            496,
            496,
            496,
            496,
            496,
            496,
            496,
            496,
            496,
            496,
            496,
            496,
            496,
            496,
            496,
            496,
            496,
            496,
            496,
            496,
            496,
            496,
            496,
            496,
            496,
            496,
            496,
            496,
            496,
            496,
            496,
            496,
            496,
            496,
            496,
            496,
            496,
            496,
            496,
            496,
            496,
            496,
            496,
            496,
            496,
            496,
            496,
            496,
            496,
            496,
            496,
            496,
            496,
            496,
            496,
            496,
            496,
            496,
            496,
            496,
            496,
            496,
            496,
            496,
            496,
            496,
            496,
            496,
            496,
            496,
            496,
            496,
            496,
            496,
            496,
            496,
            496,
            496,
            496,
            496,
            496,
            496,
            496,
            496,
            496,
            496,
            496,
            496,
            496,
            496,
            496,
            496,
            496,
            496,
            496,
            496,
            496,
            496,
            496,
            496,
            496,
            496,
            496,
            496,
            496,
            496,
            496,
            496,
            496,
            496,
            496,
            496,
            496,
            496,
            496,
            496,
            496,
            496,
            496,
            496,
            496,
            496,
            496,
            496,
            496,
            496,
            496,
            496,
            496,
            496,
            496,
            496,
            496,
            496,
            496,
            496,
            496,
            496,
            496,
            496,
            496,
            496,
            496,
            496,
            496,
            496,
            496,
            496,
            496,
            496,
            496,
            496,
            496,
            496,
            496,
            496,
            496,
            496,
            496,
            496,
            496,
            496,
            496,
            496,
            496,
            496,
            496,
            496,
            496,
            496,
            496,
            496,
            496,
            496,
            496,
            496,
            496,
            496,
            496,
            496,
            496,
            496,
            496,
            496,
            496,
            496,
            496,
            496,
            496,
            496,
            496,
            496,
            496,
            496,
            496,
            496,
            496,
            496,
            496,
            496,
            496,
            496,
            496,
            496,
            496,
            496,
            496,
            496,
            496,
            496,
            496,
            496,
            496,
            496,
            496,
            496,
            496,
            496,
            496,
            496,
            496,
            496,
            496,
            496,
            496,
            496,
            496,
            496,
            496,
            496,
            496,
            496,
            496,
            496,
            496,
            496,
            496,
            496,
            496,
            496,
            496,
            496,
            496,
            496,
            496,
            496,
            496,
            496,
            496,
            496,
            496,
            496,
            496,
            496,
            496,
            496,
            496,
            496,
            496,
            496,
            496,
            496,
            496,
            496,
            496,
            496,
            496,
            496,
            496,
            496,
            496,
            496,
            496,
            496,
            496,
            496,
            496,
            496,
            496,
            496,
            496,
            496,
            496,
            496,
            496,
            496,
            496,
            496,
            496,
            496,
            496,
            496,
            496,
            496,
            496,
            496,
            496,
            496,
            496,
            496,
            496,
            496,
            496,
            496,
            496,
            496,
            496,
            496,
            496,
            496,
            496,
            496,
            496,
            496,
            496,
            496,
            496,
            496,
            496,
            496,
            496,
            496,
            496,
            496,
            496,
            496,
            496,
            496,
            496,
            496,
            496,
            496,
            496,
            496,
            496,
            496,
            496,
            496,
            496,
            496,
            496,
            496,
            496,
            496,
            496,
            496,
            496,
            496,
            496,
            496,
            496,
            496,
            496,
            496,
            496,
            496,
            496,
            496,
            496,
            496,
            496,
            496,
            496,
            496,
            496,
            496,
            496,
            496,
            496,
            496,
            496,
            496,
            496,
            496,
            496,
            496,
            496,
            496,
            496,
            496,
            496,
            496,
            496,
            496,
            496,
            496,
            496,
            496,
            496,
            496,
            496,
            496,
            496,
            496,
            496,
            496,
            496,
            496,
            496,
            496,
            496,
            496,
            236743,
            236770,
            236770
          ],
          "pipeline_state_compiles": 0,
          "ple_encoders": 0,
          "prefill_ms": 42198.262584,
          "prompt": "a a a a a a a a a a a a a a a a a a a a a a a a a a a a a a a a a a a a a a a a a a a a a a a a a a a a a a a a a a a a a a a a a a a a a a a a a a a a a a a a a a a a a a a a a a a a a a a a a a a a a a a a a a a a a a a a a a a a a a a a a a a a a a a a a a a a a a a a a a a a a a a a a a a a a a a a a a a a a a a a a a a a a a a a a a a a a a a a a a a a a a a a a a a a a a a a a a a a a a a a a a a a a a a a a a a a a a a a a a a a a a a a a a a a a a a a a a a a a a a a a a a a a a a a a a a a a a a a a a a a a a a a a a a a a a a a a a a a a a a a a a a a a a a a a a a a a a a a a a a a a a a a a a a a a a a a a a a a a a a a a a a a a a a a a a a a a a a a a a a a a a a a a a a a a a a a a a a a a a a a a a a a a a a a a a a a a a a a a a a a a a a a a a a a a a a a a a a a a a a a a a a a a a a a a a a a a a a a a a a a a a a a a a a a a a a a a a a a a a a a a a a a a a a a a a a a a a a a a a a a a a a a a a a a a a a a a a a a a a a a a a a a a a a a a a a a a a a a a a a a a a a a a a a a a a a ",
          "prompt_token_ids": [
            236746,
            496,
            496,
            496,
            496,
            496,
            496,
            496,
            496,
            496,
            496,
            496,
            496,
            496,
            496,
            496,
            496,
            496,
            496,
            496,
            496,
            496,
            496,
            496,
            496,
            496,
            496,
            496,
            496,
            496,
            496,
            496,
            496,
            496,
            496,
            496,
            496,
            496,
            496,
            496,
            496,
            496,
            496,
            496,
            496,
            496,
            496,
            496,
            496,
            496,
            496,
            496,
            496,
            496,
            496,
            496,
            496,
            496,
            496,
            496,
            496,
            496,
            496,
            496,
            496,
            496,
            496,
            496,
            496,
            496,
            496,
            496,
            496,
            496,
            496,
            496,
            496,
            496,
            496,
            496,
            496,
            496,
            496,
            496,
            496,
            496,
            496,
            496,
            496,
            496,
            496,
            496,
            496,
            496,
            496,
            496,
            496,
            496,
            496,
            496,
            496,
            496,
            496,
            496,
            496,
            496,
            496,
            496,
            496,
            496,
            496,
            496,
            496,
            496,
            496,
            496,
            496,
            496,
            496,
            496,
            496,
            496,
            496,
            496,
            496,
            496,
            496,
            496,
            496,
            496,
            496,
            496,
            496,
            496,
            496,
            496,
            496,
            496,
            496,
            496,
            496,
            496,
            496,
            496,
            496,
            496,
            496,
            496,
            496,
            496,
            496,
            496,
            496,
            496,
            496,
            496,
            496,
            496,
            496,
            496,
            496,
            496,
            496,
            496,
            496,
            496,
            496,
            496,
            496,
            496,
            496,
            496,
            496,
            496,
            496,
            496,
            496,
            496,
            496,
            496,
            496,
            496,
            496,
            496,
            496,
            496,
            496,
            496,
            496,
            496,
            496,
            496,
            496,
            496,
            496,
            496,
            496,
            496,
            496,
            496,
            496,
            496,
            496,
            496,
            496,
            496,
            496,
            496,
            496,
            496,
            496,
            496,
            496,
            496,
            496,
            496,
            496,
            496,
            496,
            496,
            496,
            496,
            496,
            496,
            496,
            496,
            496,
            496,
            496,
            496,
            496,
            496,
            496,
            496,
            496,
            496,
            496,
            496,
            496,
            496,
            496,
            496,
            496,
            496,
            496,
            496,
            496,
            496,
            496,
            496,
            496,
            496,
            496,
            496,
            496,
            496,
            496,
            496,
            496,
            496,
            496,
            496,
            496,
            496,
            496,
            496,
            496,
            496,
            496,
            496,
            496,
            496,
            496,
            496,
            496,
            496,
            496,
            496,
            496,
            496,
            496,
            496,
            496,
            496,
            496,
            496,
            496,
            496,
            496,
            496,
            496,
            496,
            496,
            496,
            496,
            496,
            496,
            496,
            496,
            496,
            496,
            496,
            496,
            496,
            496,
            496,
            496,
            496,
            496,
            496,
            496,
            496,
            496,
            496,
            496,
            496,
            496,
            496,
            496,
            496,
            496,
            496,
            496,
            496,
            496,
            496,
            496,
            496,
            496,
            496,
            496,
            496,
            496,
            496,
            496,
            496,
            496,
            496,
            496,
            496,
            496,
            496,
            496,
            496,
            496,
            496,
            496,
            496,
            496,
            496,
            496,
            496,
            496,
            496,
            496,
            496,
            496,
            496,
            496,
            496,
            496,
            496,
            496,
            496,
            496,
            496,
            496,
            496,
            496,
            496,
            496,
            496,
            496,
            496,
            496,
            496,
            496,
            496,
            496,
            496,
            496,
            496,
            496,
            496,
            496,
            496,
            496,
            496,
            496,
            496,
            496,
            496,
            496,
            496,
            496,
            496,
            496,
            496,
            496,
            496,
            496,
            496,
            496,
            496,
            496,
            496,
            496,
            496,
            496,
            496,
            496,
            496,
            496,
            496,
            496,
            496,
            496,
            496,
            496,
            496,
            496,
            496,
            496,
            496,
            496,
            496,
            496,
            496,
            496,
            496,
            496,
            496,
            496,
            496,
            496,
            496,
            496,
            496,
            496,
            496,
            496,
            496,
            496,
            496,
            496,
            496,
            496,
            496,
            496,
            496,
            496,
            496,
            496,
            496,
            496,
            496,
            496,
            496,
            496,
            496,
            496,
            496,
            496,
            496,
            496,
            496,
            496,
            496,
            496,
            496,
            496,
            496,
            496,
            496,
            496,
            496,
            496,
            496,
            496,
            496,
            496,
            496,
            496,
            496,
            496,
            496,
            496,
            496,
            496,
            496,
            496,
            496,
            496,
            496,
            496,
            496,
            496,
            496,
            496,
            496,
            496,
            496,
            496,
            496,
            496,
            496,
            496,
            496,
            496,
            496,
            496,
            236743
          ],
          "research_dispatch": {
            "counts": {
              "research_global_d512_atlas_mma_r8k32p64t128": 16
            },
            "overflowed": false,
            "schema": "rvllm.metal.research-dispatch.v3"
          },
          "status": "pass",
          "tok_per_s": 1.9993263110048962
        }
      ],
      "checkpoint_complete": true,
      "checkpoint_completed_cases": 2,
      "checkpoint_total_cases": 2,
      "claim": "Apple Metal text inference workflow; not production-ready until acceptance gates pass",
      "command_buffer_wait_ns": 83669922750,
      "command_buffers": 6,
      "cpu_encode_ns": 39302748,
      "cpu_wall_ns": 83709225498,
      "debug_sync": false,
      "decode_ms": 1940.494792,
      "embedding_encoders": 6,
      "encoder_counts_by_kernel_family": {
        "embedding": 6,
        "final_logits_diagnostic": 0,
        "final_sample": 12,
        "layer_body": 3264,
        "layer_scale_fused": 288,
        "ple_input": 0
      },
      "encoders": 3282,
      "final_logits_encoders": 0,
      "final_sample_encoders": 12,
      "forced_waits": 6,
      "generated_tokens": 4,
      "large_model_opt_in": true,
      "last_step_command_buffer_wait_ns": 526403125,
      "last_step_command_buffers": 1,
      "last_step_cpu_encode_ns": 5524083,
      "last_step_cpu_wall_ns": 531927208,
      "last_step_encoders": 580,
      "last_step_forced_waits": 1,
      "last_step_gpu_execution_ns": 525582499,
      "last_step_tokens": 1,
      "layer_encoders": 3264,
      "layer_scale_encoder_fusions": 288,
      "library_compiles": 1,
      "max_supported_total_tokens": 514,
      "metal_compute_dtype": "bfloat16",
      "metal_moe_router_weight_dtype": "bfloat16",
      "metal_weight_dtype": "bfloat16",
      "model_dir": "/Users/george/.cache/huggingface/hub/models--google--gemma-4-12B-it/snapshots/707f0a3b8a3c7ad586ed01e27eafbad8a27dd0f7",
      "pipeline_state_compiles": 53,
      "ple_encoders": 0,
      "prefill_ms": 81768.910376,
      "prepare_ms": 13834.670624999999,
      "research_dispatch": {
        "counts": {
          "research_global_d512_atlas_mma_r8k32p64t128": 32
        },
        "overflowed": false,
        "schema": "rvllm.metal.research-dispatch.v3"
      },
      "schema": "rvllm.apple_metal_text_session.v1",
      "status": "pass",
      "tok_per_s": 2.061329933216332,
      "total_ms": 97546.258875
    },
    {
      "arena_bytes": 25574999072,
      "backend": "direct",
      "case_count": 2,
      "cases": [
        {
          "command_buffer_wait_ns": 42189784792,
          "command_buffers": 3,
          "cpu_encode_ns": 36452791,
          "cpu_wall_ns": 42226237583,
          "decode_ms": 884.289333,
          "embedding_encoders": 3,
          "encoder_counts_by_kernel_family": {
            "embedding": 3,
            "final_logits_diagnostic": 0,
            "final_sample": 6,
            "layer_body": 1632,
            "layer_scale_fused": 144,
            "ple_input": 0
          },
          "encoders": 1641,
          "final_logits_encoders": 0,
          "final_sample_encoders": 6,
          "finish_reason": "length",
          "forced_waits": 3,
          "generated_text": "11",
          "generated_token_ids": [
            236770,
            236770
          ],
          "hf_reference": null,
          "last_step_command_buffer_wait_ns": 439762792,
          "last_step_command_buffers": 1,
          "last_step_cpu_encode_ns": 3202291,
          "last_step_cpu_wall_ns": 442965083,
          "last_step_encoders": 580,
          "last_step_forced_waits": 1,
          "last_step_gpu_execution_ns": 439419500,
          "last_step_tokens": 1,
          "layer_encoders": 1632,
          "layer_scale_encoder_fusions": 144,
          "library_compiles": 0,
          "max_new_tokens": 2,
          "max_supported_total_tokens": 514,
          "name": "pp512-decode2",
          "output_text": "a a a a a a a a a a a a a a a a a a a a a a a a a a a a a a a a a a a a a a a a a a a a a a a a a a a a a a a a a a a a a a a a a a a a a a a a a a a a a a a a a a a a a a a a a a a a a a a a a a a a a a a a a a a a a a a a a a a a a a a a a a a a a a a a a a a a a a a a a a a a a a a a a a a a a a a a a a a a a a a a a a a a a a a a a a a a a a a a a a a a a a a a a a a a a a a a a a a a a a a a a a a a a a a a a a a a a a a a a a a a a a a a a a a a a a a a a a a a a a a a a a a a a a a a a a a a a a a a a a a a a a a a a a a a a a a a a a a a a a a a a a a a a a a a a a a a a a a a a a a a a a a a a a a a a a a a a a a a a a a a a a a a a a a a a a a a a a a a a a a a a a a a a a a a a a a a a a a a a a a a a a a a a a a a a a a a a a a a a a a a a a a a a a a a a a a a a a a a a a a a a a a a a a a a a a a a a a a a a a a a a a a a a a a a a a a a a a a a a a a a a a a a a a a a a a a a a a a a a a a a a a a a a a a a a a a a a a a a a a a a a a a a a a a a a a a a a a a a a a a a a a a a a a a a a a a 11",
          "output_token_ids": [
            236746,
            496,
            496,
            496,
            496,
            496,
            496,
            496,
            496,
            496,
            496,
            496,
            496,
            496,
            496,
            496,
            496,
            496,
            496,
            496,
            496,
            496,
            496,
            496,
            496,
            496,
            496,
            496,
            496,
            496,
            496,
            496,
            496,
            496,
            496,
            496,
            496,
            496,
            496,
            496,
            496,
            496,
            496,
            496,
            496,
            496,
            496,
            496,
            496,
            496,
            496,
            496,
            496,
            496,
            496,
            496,
            496,
            496,
            496,
            496,
            496,
            496,
            496,
            496,
            496,
            496,
            496,
            496,
            496,
            496,
            496,
            496,
            496,
            496,
            496,
            496,
            496,
            496,
            496,
            496,
            496,
            496,
            496,
            496,
            496,
            496,
            496,
            496,
            496,
            496,
            496,
            496,
            496,
            496,
            496,
            496,
            496,
            496,
            496,
            496,
            496,
            496,
            496,
            496,
            496,
            496,
            496,
            496,
            496,
            496,
            496,
            496,
            496,
            496,
            496,
            496,
            496,
            496,
            496,
            496,
            496,
            496,
            496,
            496,
            496,
            496,
            496,
            496,
            496,
            496,
            496,
            496,
            496,
            496,
            496,
            496,
            496,
            496,
            496,
            496,
            496,
            496,
            496,
            496,
            496,
            496,
            496,
            496,
            496,
            496,
            496,
            496,
            496,
            496,
            496,
            496,
            496,
            496,
            496,
            496,
            496,
            496,
            496,
            496,
            496,
            496,
            496,
            496,
            496,
            496,
            496,
            496,
            496,
            496,
            496,
            496,
            496,
            496,
            496,
            496,
            496,
            496,
            496,
            496,
            496,
            496,
            496,
            496,
            496,
            496,
            496,
            496,
            496,
            496,
            496,
            496,
            496,
            496,
            496,
            496,
            496,
            496,
            496,
            496,
            496,
            496,
            496,
            496,
            496,
            496,
            496,
            496,
            496,
            496,
            496,
            496,
            496,
            496,
            496,
            496,
            496,
            496,
            496,
            496,
            496,
            496,
            496,
            496,
            496,
            496,
            496,
            496,
            496,
            496,
            496,
            496,
            496,
            496,
            496,
            496,
            496,
            496,
            496,
            496,
            496,
            496,
            496,
            496,
            496,
            496,
            496,
            496,
            496,
            496,
            496,
            496,
            496,
            496,
            496,
            496,
            496,
            496,
            496,
            496,
            496,
            496,
            496,
            496,
            496,
            496,
            496,
            496,
            496,
            496,
            496,
            496,
            496,
            496,
            496,
            496,
            496,
            496,
            496,
            496,
            496,
            496,
            496,
            496,
            496,
            496,
            496,
            496,
            496,
            496,
            496,
            496,
            496,
            496,
            496,
            496,
            496,
            496,
            496,
            496,
            496,
            496,
            496,
            496,
            496,
            496,
            496,
            496,
            496,
            496,
            496,
            496,
            496,
            496,
            496,
            496,
            496,
            496,
            496,
            496,
            496,
            496,
            496,
            496,
            496,
            496,
            496,
            496,
            496,
            496,
            496,
            496,
            496,
            496,
            496,
            496,
            496,
            496,
            496,
            496,
            496,
            496,
            496,
            496,
            496,
            496,
            496,
            496,
            496,
            496,
            496,
            496,
            496,
            496,
            496,
            496,
            496,
            496,
            496,
            496,
            496,
            496,
            496,
            496,
            496,
            496,
            496,
            496,
            496,
            496,
            496,
            496,
            496,
            496,
            496,
            496,
            496,
            496,
            496,
            496,
            496,
            496,
            496,
            496,
            496,
            496,
            496,
            496,
            496,
            496,
            496,
            496,
            496,
            496,
            496,
            496,
            496,
            496,
            496,
            496,
            496,
            496,
            496,
            496,
            496,
            496,
            496,
            496,
            496,
            496,
            496,
            496,
            496,
            496,
            496,
            496,
            496,
            496,
            496,
            496,
            496,
            496,
            496,
            496,
            496,
            496,
            496,
            496,
            496,
            496,
            496,
            496,
            496,
            496,
            496,
            496,
            496,
            496,
            496,
            496,
            496,
            496,
            496,
            496,
            496,
            496,
            496,
            496,
            496,
            496,
            496,
            496,
            496,
            496,
            496,
            496,
            496,
            496,
            496,
            496,
            496,
            496,
            496,
            496,
            496,
            496,
            496,
            496,
            496,
            496,
            496,
            496,
            496,
            496,
            496,
            496,
            496,
            496,
            496,
            496,
            496,
            496,
            496,
            496,
            496,
            496,
            496,
            496,
            496,
            496,
            496,
            496,
            496,
            496,
            496,
            496,
            496,
            496,
            496,
            496,
            496,
            496,
            496,
            496,
            496,
            496,
            496,
            236743,
            236770,
            236770
          ],
          "pipeline_state_compiles": 0,
          "ple_encoders": 0,
          "prefill_ms": 41342.01325,
          "prompt": "a a a a a a a a a a a a a a a a a a a a a a a a a a a a a a a a a a a a a a a a a a a a a a a a a a a a a a a a a a a a a a a a a a a a a a a a a a a a a a a a a a a a a a a a a a a a a a a a a a a a a a a a a a a a a a a a a a a a a a a a a a a a a a a a a a a a a a a a a a a a a a a a a a a a a a a a a a a a a a a a a a a a a a a a a a a a a a a a a a a a a a a a a a a a a a a a a a a a a a a a a a a a a a a a a a a a a a a a a a a a a a a a a a a a a a a a a a a a a a a a a a a a a a a a a a a a a a a a a a a a a a a a a a a a a a a a a a a a a a a a a a a a a a a a a a a a a a a a a a a a a a a a a a a a a a a a a a a a a a a a a a a a a a a a a a a a a a a a a a a a a a a a a a a a a a a a a a a a a a a a a a a a a a a a a a a a a a a a a a a a a a a a a a a a a a a a a a a a a a a a a a a a a a a a a a a a a a a a a a a a a a a a a a a a a a a a a a a a a a a a a a a a a a a a a a a a a a a a a a a a a a a a a a a a a a a a a a a a a a a a a a a a a a a a a a a a a a a a a a a a a a a a a a a a a a a ",
          "prompt_token_ids": [
            236746,
            496,
            496,
            496,
            496,
            496,
            496,
            496,
            496,
            496,
            496,
            496,
            496,
            496,
            496,
            496,
            496,
            496,
            496,
            496,
            496,
            496,
            496,
            496,
            496,
            496,
            496,
            496,
            496,
            496,
            496,
            496,
            496,
            496,
            496,
            496,
            496,
            496,
            496,
            496,
            496,
            496,
            496,
            496,
            496,
            496,
            496,
            496,
            496,
            496,
            496,
            496,
            496,
            496,
            496,
            496,
            496,
            496,
            496,
            496,
            496,
            496,
            496,
            496,
            496,
            496,
            496,
            496,
            496,
            496,
            496,
            496,
            496,
            496,
            496,
            496,
            496,
            496,
            496,
            496,
            496,
            496,
            496,
            496,
            496,
            496,
            496,
            496,
            496,
            496,
            496,
            496,
            496,
            496,
            496,
            496,
            496,
            496,
            496,
            496,
            496,
            496,
            496,
            496,
            496,
            496,
            496,
            496,
            496,
            496,
            496,
            496,
            496,
            496,
            496,
            496,
            496,
            496,
            496,
            496,
            496,
            496,
            496,
            496,
            496,
            496,
            496,
            496,
            496,
            496,
            496,
            496,
            496,
            496,
            496,
            496,
            496,
            496,
            496,
            496,
            496,
            496,
            496,
            496,
            496,
            496,
            496,
            496,
            496,
            496,
            496,
            496,
            496,
            496,
            496,
            496,
            496,
            496,
            496,
            496,
            496,
            496,
            496,
            496,
            496,
            496,
            496,
            496,
            496,
            496,
            496,
            496,
            496,
            496,
            496,
            496,
            496,
            496,
            496,
            496,
            496,
            496,
            496,
            496,
            496,
            496,
            496,
            496,
            496,
            496,
            496,
            496,
            496,
            496,
            496,
            496,
            496,
            496,
            496,
            496,
            496,
            496,
            496,
            496,
            496,
            496,
            496,
            496,
            496,
            496,
            496,
            496,
            496,
            496,
            496,
            496,
            496,
            496,
            496,
            496,
            496,
            496,
            496,
            496,
            496,
            496,
            496,
            496,
            496,
            496,
            496,
            496,
            496,
            496,
            496,
            496,
            496,
            496,
            496,
            496,
            496,
            496,
            496,
            496,
            496,
            496,
            496,
            496,
            496,
            496,
            496,
            496,
            496,
            496,
            496,
            496,
            496,
            496,
            496,
            496,
            496,
            496,
            496,
            496,
            496,
            496,
            496,
            496,
            496,
            496,
            496,
            496,
            496,
            496,
            496,
            496,
            496,
            496,
            496,
            496,
            496,
            496,
            496,
            496,
            496,
            496,
            496,
            496,
            496,
            496,
            496,
            496,
            496,
            496,
            496,
            496,
            496,
            496,
            496,
            496,
            496,
            496,
            496,
            496,
            496,
            496,
            496,
            496,
            496,
            496,
            496,
            496,
            496,
            496,
            496,
            496,
            496,
            496,
            496,
            496,
            496,
            496,
            496,
            496,
            496,
            496,
            496,
            496,
            496,
            496,
            496,
            496,
            496,
            496,
            496,
            496,
            496,
            496,
            496,
            496,
            496,
            496,
            496,
            496,
            496,
            496,
            496,
            496,
            496,
            496,
            496,
            496,
            496,
            496,
            496,
            496,
            496,
            496,
            496,
            496,
            496,
            496,
            496,
            496,
            496,
            496,
            496,
            496,
            496,
            496,
            496,
            496,
            496,
            496,
            496,
            496,
            496,
            496,
            496,
            496,
            496,
            496,
            496,
            496,
            496,
            496,
            496,
            496,
            496,
            496,
            496,
            496,
            496,
            496,
            496,
            496,
            496,
            496,
            496,
            496,
            496,
            496,
            496,
            496,
            496,
            496,
            496,
            496,
            496,
            496,
            496,
            496,
            496,
            496,
            496,
            496,
            496,
            496,
            496,
            496,
            496,
            496,
            496,
            496,
            496,
            496,
            496,
            496,
            496,
            496,
            496,
            496,
            496,
            496,
            496,
            496,
            496,
            496,
            496,
            496,
            496,
            496,
            496,
            496,
            496,
            496,
            496,
            496,
            496,
            496,
            496,
            496,
            496,
            496,
            496,
            496,
            496,
            496,
            496,
            496,
            496,
            496,
            496,
            496,
            496,
            496,
            496,
            496,
            496,
            496,
            496,
            496,
            496,
            496,
            496,
            496,
            496,
            496,
            496,
            496,
            496,
            496,
            496,
            496,
            496,
            496,
            496,
            496,
            496,
            496,
            496,
            496,
            496,
            496,
            496,
            496,
            496,
            496,
            496,
            496,
            496,
            496,
            496,
            496,
            496,
            496,
            496,
            496,
            496,
            496,
            496,
            236743
          ],
          "research_dispatch": {
            "counts": {
              "research_global_d512_atlas_mma_r8k32p64t128": 16
            },
            "overflowed": false,
            "schema": "rvllm.metal.research-dispatch.v3"
          },
          "status": "pass",
          "tok_per_s": 2.26170318397361
        },
        {
          "command_buffer_wait_ns": 43890168334,
          "command_buffers": 3,
          "cpu_encode_ns": 14487207,
          "cpu_wall_ns": 43904655541,
          "decode_ms": 956.123292,
          "embedding_encoders": 3,
          "encoder_counts_by_kernel_family": {
            "embedding": 3,
            "final_logits_diagnostic": 0,
            "final_sample": 6,
            "layer_body": 1632,
            "layer_scale_fused": 144,
            "ple_input": 0
          },
          "encoders": 1641,
          "final_logits_encoders": 0,
          "final_sample_encoders": 6,
          "finish_reason": "length",
          "forced_waits": 3,
          "generated_text": "11",
          "generated_token_ids": [
            236770,
            236770
          ],
          "hf_reference": null,
          "last_step_command_buffer_wait_ns": 496553209,
          "last_step_command_buffers": 1,
          "last_step_cpu_encode_ns": 3033874,
          "last_step_cpu_wall_ns": 499587083,
          "last_step_encoders": 580,
          "last_step_forced_waits": 1,
          "last_step_gpu_execution_ns": 496044249,
          "last_step_tokens": 1,
          "layer_encoders": 1632,
          "layer_scale_encoder_fusions": 144,
          "library_compiles": 0,
          "max_new_tokens": 2,
          "max_supported_total_tokens": 514,
          "name": "pp512-decode2-repeat",
          "output_text": "a a a a a a a a a a a a a a a a a a a a a a a a a a a a a a a a a a a a a a a a a a a a a a a a a a a a a a a a a a a a a a a a a a a a a a a a a a a a a a a a a a a a a a a a a a a a a a a a a a a a a a a a a a a a a a a a a a a a a a a a a a a a a a a a a a a a a a a a a a a a a a a a a a a a a a a a a a a a a a a a a a a a a a a a a a a a a a a a a a a a a a a a a a a a a a a a a a a a a a a a a a a a a a a a a a a a a a a a a a a a a a a a a a a a a a a a a a a a a a a a a a a a a a a a a a a a a a a a a a a a a a a a a a a a a a a a a a a a a a a a a a a a a a a a a a a a a a a a a a a a a a a a a a a a a a a a a a a a a a a a a a a a a a a a a a a a a a a a a a a a a a a a a a a a a a a a a a a a a a a a a a a a a a a a a a a a a a a a a a a a a a a a a a a a a a a a a a a a a a a a a a a a a a a a a a a a a a a a a a a a a a a a a a a a a a a a a a a a a a a a a a a a a a a a a a a a a a a a a a a a a a a a a a a a a a a a a a a a a a a a a a a a a a a a a a a a a a a a a a a a a a a a a a a a a a a 11",
          "output_token_ids": [
            236746,
            496,
            496,
            496,
            496,
            496,
            496,
            496,
            496,
            496,
            496,
            496,
            496,
            496,
            496,
            496,
            496,
            496,
            496,
            496,
            496,
            496,
            496,
            496,
            496,
            496,
            496,
            496,
            496,
            496,
            496,
            496,
            496,
            496,
            496,
            496,
            496,
            496,
            496,
            496,
            496,
            496,
            496,
            496,
            496,
            496,
            496,
            496,
            496,
            496,
            496,
            496,
            496,
            496,
            496,
            496,
            496,
            496,
            496,
            496,
            496,
            496,
            496,
            496,
            496,
            496,
            496,
            496,
            496,
            496,
            496,
            496,
            496,
            496,
            496,
            496,
            496,
            496,
            496,
            496,
            496,
            496,
            496,
            496,
            496,
            496,
            496,
            496,
            496,
            496,
            496,
            496,
            496,
            496,
            496,
            496,
            496,
            496,
            496,
            496,
            496,
            496,
            496,
            496,
            496,
            496,
            496,
            496,
            496,
            496,
            496,
            496,
            496,
            496,
            496,
            496,
            496,
            496,
            496,
            496,
            496,
            496,
            496,
            496,
            496,
            496,
            496,
            496,
            496,
            496,
            496,
            496,
            496,
            496,
            496,
            496,
            496,
            496,
            496,
            496,
            496,
            496,
            496,
            496,
            496,
            496,
            496,
            496,
            496,
            496,
            496,
            496,
            496,
            496,
            496,
            496,
            496,
            496,
            496,
            496,
            496,
            496,
            496,
            496,
            496,
            496,
            496,
            496,
            496,
            496,
            496,
            496,
            496,
            496,
            496,
            496,
            496,
            496,
            496,
            496,
            496,
            496,
            496,
            496,
            496,
            496,
            496,
            496,
            496,
            496,
            496,
            496,
            496,
            496,
            496,
            496,
            496,
            496,
            496,
            496,
            496,
            496,
            496,
            496,
            496,
            496,
            496,
            496,
            496,
            496,
            496,
            496,
            496,
            496,
            496,
            496,
            496,
            496,
            496,
            496,
            496,
            496,
            496,
            496,
            496,
            496,
            496,
            496,
            496,
            496,
            496,
            496,
            496,
            496,
            496,
            496,
            496,
            496,
            496,
            496,
            496,
            496,
            496,
            496,
            496,
            496,
            496,
            496,
            496,
            496,
            496,
            496,
            496,
            496,
            496,
            496,
            496,
            496,
            496,
            496,
            496,
            496,
            496,
            496,
            496,
            496,
            496,
            496,
            496,
            496,
            496,
            496,
            496,
            496,
            496,
            496,
            496,
            496,
            496,
            496,
            496,
            496,
            496,
            496,
            496,
            496,
            496,
            496,
            496,
            496,
            496,
            496,
            496,
            496,
            496,
            496,
            496,
            496,
            496,
            496,
            496,
            496,
            496,
            496,
            496,
            496,
            496,
            496,
            496,
            496,
            496,
            496,
            496,
            496,
            496,
            496,
            496,
            496,
            496,
            496,
            496,
            496,
            496,
            496,
            496,
            496,
            496,
            496,
            496,
            496,
            496,
            496,
            496,
            496,
            496,
            496,
            496,
            496,
            496,
            496,
            496,
            496,
            496,
            496,
            496,
            496,
            496,
            496,
            496,
            496,
            496,
            496,
            496,
            496,
            496,
            496,
            496,
            496,
            496,
            496,
            496,
            496,
            496,
            496,
            496,
            496,
            496,
            496,
            496,
            496,
            496,
            496,
            496,
            496,
            496,
            496,
            496,
            496,
            496,
            496,
            496,
            496,
            496,
            496,
            496,
            496,
            496,
            496,
            496,
            496,
            496,
            496,
            496,
            496,
            496,
            496,
            496,
            496,
            496,
            496,
            496,
            496,
            496,
            496,
            496,
            496,
            496,
            496,
            496,
            496,
            496,
            496,
            496,
            496,
            496,
            496,
            496,
            496,
            496,
            496,
            496,
            496,
            496,
            496,
            496,
            496,
            496,
            496,
            496,
            496,
            496,
            496,
            496,
            496,
            496,
            496,
            496,
            496,
            496,
            496,
            496,
            496,
            496,
            496,
            496,
            496,
            496,
            496,
            496,
            496,
            496,
            496,
            496,
            496,
            496,
            496,
            496,
            496,
            496,
            496,
            496,
            496,
            496,
            496,
            496,
            496,
            496,
            496,
            496,
            496,
            496,
            496,
            496,
            496,
            496,
            496,
            496,
            496,
            496,
            496,
            496,
            496,
            496,
            496,
            496,
            496,
            496,
            496,
            496,
            496,
            496,
            496,
            496,
            496,
            496,
            496,
            496,
            496,
            496,
            496,
            496,
            496,
            496,
            496,
            496,
            496,
            496,
            496,
            496,
            496,
            496,
            236743,
            236770,
            236770
          ],
          "pipeline_state_compiles": 0,
          "ple_encoders": 0,
          "prefill_ms": 42948.602958999996,
          "prompt": "a a a a a a a a a a a a a a a a a a a a a a a a a a a a a a a a a a a a a a a a a a a a a a a a a a a a a a a a a a a a a a a a a a a a a a a a a a a a a a a a a a a a a a a a a a a a a a a a a a a a a a a a a a a a a a a a a a a a a a a a a a a a a a a a a a a a a a a a a a a a a a a a a a a a a a a a a a a a a a a a a a a a a a a a a a a a a a a a a a a a a a a a a a a a a a a a a a a a a a a a a a a a a a a a a a a a a a a a a a a a a a a a a a a a a a a a a a a a a a a a a a a a a a a a a a a a a a a a a a a a a a a a a a a a a a a a a a a a a a a a a a a a a a a a a a a a a a a a a a a a a a a a a a a a a a a a a a a a a a a a a a a a a a a a a a a a a a a a a a a a a a a a a a a a a a a a a a a a a a a a a a a a a a a a a a a a a a a a a a a a a a a a a a a a a a a a a a a a a a a a a a a a a a a a a a a a a a a a a a a a a a a a a a a a a a a a a a a a a a a a a a a a a a a a a a a a a a a a a a a a a a a a a a a a a a a a a a a a a a a a a a a a a a a a a a a a a a a a a a a a a a a a a a a a a a a ",
          "prompt_token_ids": [
            236746,
            496,
            496,
            496,
            496,
            496,
            496,
            496,
            496,
            496,
            496,
            496,
            496,
            496,
            496,
            496,
            496,
            496,
            496,
            496,
            496,
            496,
            496,
            496,
            496,
            496,
            496,
            496,
            496,
            496,
            496,
            496,
            496,
            496,
            496,
            496,
            496,
            496,
            496,
            496,
            496,
            496,
            496,
            496,
            496,
            496,
            496,
            496,
            496,
            496,
            496,
            496,
            496,
            496,
            496,
            496,
            496,
            496,
            496,
            496,
            496,
            496,
            496,
            496,
            496,
            496,
            496,
            496,
            496,
            496,
            496,
            496,
            496,
            496,
            496,
            496,
            496,
            496,
            496,
            496,
            496,
            496,
            496,
            496,
            496,
            496,
            496,
            496,
            496,
            496,
            496,
            496,
            496,
            496,
            496,
            496,
            496,
            496,
            496,
            496,
            496,
            496,
            496,
            496,
            496,
            496,
            496,
            496,
            496,
            496,
            496,
            496,
            496,
            496,
            496,
            496,
            496,
            496,
            496,
            496,
            496,
            496,
            496,
            496,
            496,
            496,
            496,
            496,
            496,
            496,
            496,
            496,
            496,
            496,
            496,
            496,
            496,
            496,
            496,
            496,
            496,
            496,
            496,
            496,
            496,
            496,
            496,
            496,
            496,
            496,
            496,
            496,
            496,
            496,
            496,
            496,
            496,
            496,
            496,
            496,
            496,
            496,
            496,
            496,
            496,
            496,
            496,
            496,
            496,
            496,
            496,
            496,
            496,
            496,
            496,
            496,
            496,
            496,
            496,
            496,
            496,
            496,
            496,
            496,
            496,
            496,
            496,
            496,
            496,
            496,
            496,
            496,
            496,
            496,
            496,
            496,
            496,
            496,
            496,
            496,
            496,
            496,
            496,
            496,
            496,
            496,
            496,
            496,
            496,
            496,
            496,
            496,
            496,
            496,
            496,
            496,
            496,
            496,
            496,
            496,
            496,
            496,
            496,
            496,
            496,
            496,
            496,
            496,
            496,
            496,
            496,
            496,
            496,
            496,
            496,
            496,
            496,
            496,
            496,
            496,
            496,
            496,
            496,
            496,
            496,
            496,
            496,
            496,
            496,
            496,
            496,
            496,
            496,
            496,
            496,
            496,
            496,
            496,
            496,
            496,
            496,
            496,
            496,
            496,
            496,
            496,
            496,
            496,
            496,
            496,
            496,
            496,
            496,
            496,
            496,
            496,
            496,
            496,
            496,
            496,
            496,
            496,
            496,
            496,
            496,
            496,
            496,
            496,
            496,
            496,
            496,
            496,
            496,
            496,
            496,
            496,
            496,
            496,
            496,
            496,
            496,
            496,
            496,
            496,
            496,
            496,
            496,
            496,
            496,
            496,
            496,
            496,
            496,
            496,
            496,
            496,
            496,
            496,
            496,
            496,
            496,
            496,
            496,
            496,
            496,
            496,
            496,
            496,
            496,
            496,
            496,
            496,
            496,
            496,
            496,
            496,
            496,
            496,
            496,
            496,
            496,
            496,
            496,
            496,
            496,
            496,
            496,
            496,
            496,
            496,
            496,
            496,
            496,
            496,
            496,
            496,
            496,
            496,
            496,
            496,
            496,
            496,
            496,
            496,
            496,
            496,
            496,
            496,
            496,
            496,
            496,
            496,
            496,
            496,
            496,
            496,
            496,
            496,
            496,
            496,
            496,
            496,
            496,
            496,
            496,
            496,
            496,
            496,
            496,
            496,
            496,
            496,
            496,
            496,
            496,
            496,
            496,
            496,
            496,
            496,
            496,
            496,
            496,
            496,
            496,
            496,
            496,
            496,
            496,
            496,
            496,
            496,
            496,
            496,
            496,
            496,
            496,
            496,
            496,
            496,
            496,
            496,
            496,
            496,
            496,
            496,
            496,
            496,
            496,
            496,
            496,
            496,
            496,
            496,
            496,
            496,
            496,
            496,
            496,
            496,
            496,
            496,
            496,
            496,
            496,
            496,
            496,
            496,
            496,
            496,
            496,
            496,
            496,
            496,
            496,
            496,
            496,
            496,
            496,
            496,
            496,
            496,
            496,
            496,
            496,
            496,
            496,
            496,
            496,
            496,
            496,
            496,
            496,
            496,
            496,
            496,
            496,
            496,
            496,
            496,
            496,
            496,
            496,
            496,
            496,
            496,
            496,
            496,
            496,
            496,
            496,
            496,
            496,
            496,
            496,
            496,
            496,
            496,
            496,
            496,
            496,
            496,
            496,
            496,
            496,
            496,
            496,
            496,
            496,
            496,
            496,
            236743
          ],
          "research_dispatch": {
            "counts": {
              "research_global_d512_atlas_mma_r8k32p64t128": 16
            },
            "overflowed": false,
            "schema": "rvllm.metal.research-dispatch.v3"
          },
          "status": "pass",
          "tok_per_s": 2.0917804395460746
        }
      ],
      "checkpoint_complete": true,
      "checkpoint_completed_cases": 2,
      "checkpoint_total_cases": 2,
      "claim": "Apple Metal text inference workflow; not production-ready until acceptance gates pass",
      "command_buffer_wait_ns": 86079953126,
      "command_buffers": 6,
      "cpu_encode_ns": 50939998,
      "cpu_wall_ns": 86130893124,
      "debug_sync": false,
      "decode_ms": 1840.412625,
      "embedding_encoders": 6,
      "encoder_counts_by_kernel_family": {
        "embedding": 6,
        "final_logits_diagnostic": 0,
        "final_sample": 12,
        "layer_body": 3264,
        "layer_scale_fused": 288,
        "ple_input": 0
      },
      "encoders": 3282,
      "final_logits_encoders": 0,
      "final_sample_encoders": 12,
      "forced_waits": 6,
      "generated_tokens": 4,
      "large_model_opt_in": true,
      "last_step_command_buffer_wait_ns": 496553209,
      "last_step_command_buffers": 1,
      "last_step_cpu_encode_ns": 3033874,
      "last_step_cpu_wall_ns": 499587083,
      "last_step_encoders": 580,
      "last_step_forced_waits": 1,
      "last_step_gpu_execution_ns": 496044249,
      "last_step_tokens": 1,
      "layer_encoders": 3264,
      "layer_scale_encoder_fusions": 288,
      "library_compiles": 1,
      "max_supported_total_tokens": 514,
      "metal_compute_dtype": "bfloat16",
      "metal_moe_router_weight_dtype": "bfloat16",
      "metal_weight_dtype": "bfloat16",
      "model_dir": "/Users/george/.cache/huggingface/hub/models--google--gemma-4-12B-it/snapshots/707f0a3b8a3c7ad586ed01e27eafbad8a27dd0f7",
      "pipeline_state_compiles": 53,
      "ple_encoders": 0,
      "prefill_ms": 84290.616209,
      "prepare_ms": 15157.76525,
      "research_dispatch": {
        "counts": {
          "research_global_d512_atlas_mma_r8k32p64t128": 32
        },
        "overflowed": false,
        "schema": "rvllm.metal.research-dispatch.v3"
      },
      "schema": "rvllm.apple_metal_text_session.v1",
      "status": "pass",
      "tok_per_s": 2.173425646870902,
      "total_ms": 101291.6415
    },
    {
      "arena_bytes": 25574999072,
      "backend": "direct",
      "case_count": 2,
      "cases": [
        {
          "command_buffer_wait_ns": 48134316041,
          "command_buffers": 3,
          "cpu_encode_ns": 27484334,
          "cpu_wall_ns": 48161800375,
          "decode_ms": 993.259709,
          "embedding_encoders": 3,
          "encoder_counts_by_kernel_family": {
            "embedding": 3,
            "final_logits_diagnostic": 0,
            "final_sample": 6,
            "layer_body": 1632,
            "layer_scale_fused": 144,
            "ple_input": 0
          },
          "encoders": 1641,
          "final_logits_encoders": 0,
          "final_sample_encoders": 6,
          "finish_reason": "length",
          "forced_waits": 3,
          "generated_text": "11",
          "generated_token_ids": [
            236770,
            236770
          ],
          "hf_reference": null,
          "last_step_command_buffer_wait_ns": 437519542,
          "last_step_command_buffers": 1,
          "last_step_cpu_encode_ns": 5375875,
          "last_step_cpu_wall_ns": 442895417,
          "last_step_encoders": 580,
          "last_step_forced_waits": 1,
          "last_step_gpu_execution_ns": 434967499,
          "last_step_tokens": 1,
          "layer_encoders": 1632,
          "layer_scale_encoder_fusions": 144,
          "library_compiles": 0,
          "max_new_tokens": 2,
          "max_supported_total_tokens": 514,
          "name": "pp512-decode2",
          "output_text": "a a a a a a a a a a a a a a a a a a a a a a a a a a a a a a a a a a a a a a a a a a a a a a a a a a a a a a a a a a a a a a a a a a a a a a a a a a a a a a a a a a a a a a a a a a a a a a a a a a a a a a a a a a a a a a a a a a a a a a a a a a a a a a a a a a a a a a a a a a a a a a a a a a a a a a a a a a a a a a a a a a a a a a a a a a a a a a a a a a a a a a a a a a a a a a a a a a a a a a a a a a a a a a a a a a a a a a a a a a a a a a a a a a a a a a a a a a a a a a a a a a a a a a a a a a a a a a a a a a a a a a a a a a a a a a a a a a a a a a a a a a a a a a a a a a a a a a a a a a a a a a a a a a a a a a a a a a a a a a a a a a a a a a a a a a a a a a a a a a a a a a a a a a a a a a a a a a a a a a a a a a a a a a a a a a a a a a a a a a a a a a a a a a a a a a a a a a a a a a a a a a a a a a a a a a a a a a a a a a a a a a a a a a a a a a a a a a a a a a a a a a a a a a a a a a a a a a a a a a a a a a a a a a a a a a a a a a a a a a a a a a a a a a a a a a a a a a a a a a a a a a a a a a a a a a a 11",
          "output_token_ids": [
            236746,
            496,
            496,
            496,
            496,
            496,
            496,
            496,
            496,
            496,
            496,
            496,
            496,
            496,
            496,
            496,
            496,
            496,
            496,
            496,
            496,
            496,
            496,
            496,
            496,
            496,
            496,
            496,
            496,
            496,
            496,
            496,
            496,
            496,
            496,
            496,
            496,
            496,
            496,
            496,
            496,
            496,
            496,
            496,
            496,
            496,
            496,
            496,
            496,
            496,
            496,
            496,
            496,
            496,
            496,
            496,
            496,
            496,
            496,
            496,
            496,
            496,
            496,
            496,
            496,
            496,
            496,
            496,
            496,
            496,
            496,
            496,
            496,
            496,
            496,
            496,
            496,
            496,
            496,
            496,
            496,
            496,
            496,
            496,
            496,
            496,
            496,
            496,
            496,
            496,
            496,
            496,
            496,
            496,
            496,
            496,
            496,
            496,
            496,
            496,
            496,
            496,
            496,
            496,
            496,
            496,
            496,
            496,
            496,
            496,
            496,
            496,
            496,
            496,
            496,
            496,
            496,
            496,
            496,
            496,
            496,
            496,
            496,
            496,
            496,
            496,
            496,
            496,
            496,
            496,
            496,
            496,
            496,
            496,
            496,
            496,
            496,
            496,
            496,
            496,
            496,
            496,
            496,
            496,
            496,
            496,
            496,
            496,
            496,
            496,
            496,
            496,
            496,
            496,
            496,
            496,
            496,
            496,
            496,
            496,
            496,
            496,
            496,
            496,
            496,
            496,
            496,
            496,
            496,
            496,
            496,
            496,
            496,
            496,
            496,
            496,
            496,
            496,
            496,
            496,
            496,
            496,
            496,
            496,
            496,
            496,
            496,
            496,
            496,
            496,
            496,
            496,
            496,
            496,
            496,
            496,
            496,
            496,
            496,
            496,
            496,
            496,
            496,
            496,
            496,
            496,
            496,
            496,
            496,
            496,
            496,
            496,
            496,
            496,
            496,
            496,
            496,
            496,
            496,
            496,
            496,
            496,
            496,
            496,
            496,
            496,
            496,
            496,
            496,
            496,
            496,
            496,
            496,
            496,
            496,
            496,
            496,
            496,
            496,
            496,
            496,
            496,
            496,
            496,
            496,
            496,
            496,
            496,
            496,
            496,
            496,
            496,
            496,
            496,
            496,
            496,
            496,
            496,
            496,
            496,
            496,
            496,
            496,
            496,
            496,
            496,
            496,
            496,
            496,
            496,
            496,
            496,
            496,
            496,
            496,
            496,
            496,
            496,
            496,
            496,
            496,
            496,
            496,
            496,
            496,
            496,
            496,
            496,
            496,
            496,
            496,
            496,
            496,
            496,
            496,
            496,
            496,
            496,
            496,
            496,
            496,
            496,
            496,
            496,
            496,
            496,
            496,
            496,
            496,
            496,
            496,
            496,
            496,
            496,
            496,
            496,
            496,
            496,
            496,
            496,
            496,
            496,
            496,
            496,
            496,
            496,
            496,
            496,
            496,
            496,
            496,
            496,
            496,
            496,
            496,
            496,
            496,
            496,
            496,
            496,
            496,
            496,
            496,
            496,
            496,
            496,
            496,
            496,
            496,
            496,
            496,
            496,
            496,
            496,
            496,
            496,
            496,
            496,
            496,
            496,
            496,
            496,
            496,
            496,
            496,
            496,
            496,
            496,
            496,
            496,
            496,
            496,
            496,
            496,
            496,
            496,
            496,
            496,
            496,
            496,
            496,
            496,
            496,
            496,
            496,
            496,
            496,
            496,
            496,
            496,
            496,
            496,
            496,
            496,
            496,
            496,
            496,
            496,
            496,
            496,
            496,
            496,
            496,
            496,
            496,
            496,
            496,
            496,
            496,
            496,
            496,
            496,
            496,
            496,
            496,
            496,
            496,
            496,
            496,
            496,
            496,
            496,
            496,
            496,
            496,
            496,
            496,
            496,
            496,
            496,
            496,
            496,
            496,
            496,
            496,
            496,
            496,
            496,
            496,
            496,
            496,
            496,
            496,
            496,
            496,
            496,
            496,
            496,
            496,
            496,
            496,
            496,
            496,
            496,
            496,
            496,
            496,
            496,
            496,
            496,
            496,
            496,
            496,
            496,
            496,
            496,
            496,
            496,
            496,
            496,
            496,
            496,
            496,
            496,
            496,
            496,
            496,
            496,
            496,
            496,
            496,
            496,
            496,
            496,
            496,
            496,
            496,
            496,
            496,
            496,
            496,
            496,
            496,
            496,
            496,
            496,
            496,
            496,
            496,
            496,
            496,
            496,
            496,
            496,
            496,
            496,
            496,
            496,
            496,
            496,
            496,
            236743,
            236770,
            236770
          ],
          "pipeline_state_compiles": 0,
          "ple_encoders": 0,
          "prefill_ms": 47168.58575,
          "prompt": "a a a a a a a a a a a a a a a a a a a a a a a a a a a a a a a a a a a a a a a a a a a a a a a a a a a a a a a a a a a a a a a a a a a a a a a a a a a a a a a a a a a a a a a a a a a a a a a a a a a a a a a a a a a a a a a a a a a a a a a a a a a a a a a a a a a a a a a a a a a a a a a a a a a a a a a a a a a a a a a a a a a a a a a a a a a a a a a a a a a a a a a a a a a a a a a a a a a a a a a a a a a a a a a a a a a a a a a a a a a a a a a a a a a a a a a a a a a a a a a a a a a a a a a a a a a a a a a a a a a a a a a a a a a a a a a a a a a a a a a a a a a a a a a a a a a a a a a a a a a a a a a a a a a a a a a a a a a a a a a a a a a a a a a a a a a a a a a a a a a a a a a a a a a a a a a a a a a a a a a a a a a a a a a a a a a a a a a a a a a a a a a a a a a a a a a a a a a a a a a a a a a a a a a a a a a a a a a a a a a a a a a a a a a a a a a a a a a a a a a a a a a a a a a a a a a a a a a a a a a a a a a a a a a a a a a a a a a a a a a a a a a a a a a a a a a a a a a a a a a a a a a a a a a a a a a ",
          "prompt_token_ids": [
            236746,
            496,
            496,
            496,
            496,
            496,
            496,
            496,
            496,
            496,
            496,
            496,
            496,
            496,
            496,
            496,
            496,
            496,
            496,
            496,
            496,
            496,
            496,
            496,
            496,
            496,
            496,
            496,
            496,
            496,
            496,
            496,
            496,
            496,
            496,
            496,
            496,
            496,
            496,
            496,
            496,
            496,
            496,
            496,
            496,
            496,
            496,
            496,
            496,
            496,
            496,
            496,
            496,
            496,
            496,
            496,
            496,
            496,
            496,
            496,
            496,
            496,
            496,
            496,
            496,
            496,
            496,
            496,
            496,
            496,
            496,
            496,
            496,
            496,
            496,
            496,
            496,
            496,
            496,
            496,
            496,
            496,
            496,
            496,
            496,
            496,
            496,
            496,
            496,
            496,
            496,
            496,
            496,
            496,
            496,
            496,
            496,
            496,
            496,
            496,
            496,
            496,
            496,
            496,
            496,
            496,
            496,
            496,
            496,
            496,
            496,
            496,
            496,
            496,
            496,
            496,
            496,
            496,
            496,
            496,
            496,
            496,
            496,
            496,
            496,
            496,
            496,
            496,
            496,
            496,
            496,
            496,
            496,
            496,
            496,
            496,
            496,
            496,
            496,
            496,
            496,
            496,
            496,
            496,
            496,
            496,
            496,
            496,
            496,
            496,
            496,
            496,
            496,
            496,
            496,
            496,
            496,
            496,
            496,
            496,
            496,
            496,
            496,
            496,
            496,
            496,
            496,
            496,
            496,
            496,
            496,
            496,
            496,
            496,
            496,
            496,
            496,
            496,
            496,
            496,
            496,
            496,
            496,
            496,
            496,
            496,
            496,
            496,
            496,
            496,
            496,
            496,
            496,
            496,
            496,
            496,
            496,
            496,
            496,
            496,
            496,
            496,
            496,
            496,
            496,
            496,
            496,
            496,
            496,
            496,
            496,
            496,
            496,
            496,
            496,
            496,
            496,
            496,
            496,
            496,
            496,
            496,
            496,
            496,
            496,
            496,
            496,
            496,
            496,
            496,
            496,
            496,
            496,
            496,
            496,
            496,
            496,
            496,
            496,
            496,
            496,
            496,
            496,
            496,
            496,
            496,
            496,
            496,
            496,
            496,
            496,
            496,
            496,
            496,
            496,
            496,
            496,
            496,
            496,
            496,
            496,
            496,
            496,
            496,
            496,
            496,
            496,
            496,
            496,
            496,
            496,
            496,
            496,
            496,
            496,
            496,
            496,
            496,
            496,
            496,
            496,
            496,
            496,
            496,
            496,
            496,
            496,
            496,
            496,
            496,
            496,
            496,
            496,
            496,
            496,
            496,
            496,
            496,
            496,
            496,
            496,
            496,
            496,
            496,
            496,
            496,
            496,
            496,
            496,
            496,
            496,
            496,
            496,
            496,
            496,
            496,
            496,
            496,
            496,
            496,
            496,
            496,
            496,
            496,
            496,
            496,
            496,
            496,
            496,
            496,
            496,
            496,
            496,
            496,
            496,
            496,
            496,
            496,
            496,
            496,
            496,
            496,
            496,
            496,
            496,
            496,
            496,
            496,
            496,
            496,
            496,
            496,
            496,
            496,
            496,
            496,
            496,
            496,
            496,
            496,
            496,
            496,
            496,
            496,
            496,
            496,
            496,
            496,
            496,
            496,
            496,
            496,
            496,
            496,
            496,
            496,
            496,
            496,
            496,
            496,
            496,
            496,
            496,
            496,
            496,
            496,
            496,
            496,
            496,
            496,
            496,
            496,
            496,
            496,
            496,
            496,
            496,
            496,
            496,
            496,
            496,
            496,
            496,
            496,
            496,
            496,
            496,
            496,
            496,
            496,
            496,
            496,
            496,
            496,
            496,
            496,
            496,
            496,
            496,
            496,
            496,
            496,
            496,
            496,
            496,
            496,
            496,
            496,
            496,
            496,
            496,
            496,
            496,
            496,
            496,
            496,
            496,
            496,
            496,
            496,
            496,
            496,
            496,
            496,
            496,
            496,
            496,
            496,
            496,
            496,
            496,
            496,
            496,
            496,
            496,
            496,
            496,
            496,
            496,
            496,
            496,
            496,
            496,
            496,
            496,
            496,
            496,
            496,
            496,
            496,
            496,
            496,
            496,
            496,
            496,
            496,
            496,
            496,
            496,
            496,
            496,
            496,
            496,
            496,
            496,
            496,
            496,
            496,
            496,
            496,
            496,
            496,
            496,
            496,
            496,
            496,
            496,
            496,
            496,
            496,
            496,
            496,
            496,
            496,
            496,
            496,
            496,
            496,
            496,
            496,
            496,
            236743
          ],
          "research_dispatch": {
            "counts": {
              "research_global_d512_atlas_mma_r8k32p64t128": 16
            },
            "overflowed": false,
            "schema": "rvllm.metal.research-dispatch.v3"
          },
          "status": "pass",
          "tok_per_s": 2.013572061644957
        },
        {
          "command_buffer_wait_ns": 42723863667,
          "command_buffers": 3,
          "cpu_encode_ns": 12348916,
          "cpu_wall_ns": 42736212583,
          "decode_ms": 886.425625,
          "embedding_encoders": 3,
          "encoder_counts_by_kernel_family": {
            "embedding": 3,
            "final_logits_diagnostic": 0,
            "final_sample": 6,
            "layer_body": 1632,
            "layer_scale_fused": 144,
            "ple_input": 0
          },
          "encoders": 1641,
          "final_logits_encoders": 0,
          "final_sample_encoders": 6,
          "finish_reason": "length",
          "forced_waits": 3,
          "generated_text": "11",
          "generated_token_ids": [
            236770,
            236770
          ],
          "hf_reference": null,
          "last_step_command_buffer_wait_ns": 385434125,
          "last_step_command_buffers": 1,
          "last_step_cpu_encode_ns": 3338667,
          "last_step_cpu_wall_ns": 388772792,
          "last_step_encoders": 580,
          "last_step_forced_waits": 1,
          "last_step_gpu_execution_ns": 385111083,
          "last_step_tokens": 1,
          "layer_encoders": 1632,
          "layer_scale_encoder_fusions": 144,
          "library_compiles": 0,
          "max_new_tokens": 2,
          "max_supported_total_tokens": 514,
          "name": "pp512-decode2-repeat",
          "output_text": "a a a a a a a a a a a a a a a a a a a a a a a a a a a a a a a a a a a a a a a a a a a a a a a a a a a a a a a a a a a a a a a a a a a a a a a a a a a a a a a a a a a a a a a a a a a a a a a a a a a a a a a a a a a a a a a a a a a a a a a a a a a a a a a a a a a a a a a a a a a a a a a a a a a a a a a a a a a a a a a a a a a a a a a a a a a a a a a a a a a a a a a a a a a a a a a a a a a a a a a a a a a a a a a a a a a a a a a a a a a a a a a a a a a a a a a a a a a a a a a a a a a a a a a a a a a a a a a a a a a a a a a a a a a a a a a a a a a a a a a a a a a a a a a a a a a a a a a a a a a a a a a a a a a a a a a a a a a a a a a a a a a a a a a a a a a a a a a a a a a a a a a a a a a a a a a a a a a a a a a a a a a a a a a a a a a a a a a a a a a a a a a a a a a a a a a a a a a a a a a a a a a a a a a a a a a a a a a a a a a a a a a a a a a a a a a a a a a a a a a a a a a a a a a a a a a a a a a a a a a a a a a a a a a a a a a a a a a a a a a a a a a a a a a a a a a a a a a a a a a a a a a a a a a a a a a 11",
          "output_token_ids": [
            236746,
            496,
            496,
            496,
            496,
            496,
            496,
            496,
            496,
            496,
            496,
            496,
            496,
            496,
            496,
            496,
            496,
            496,
            496,
            496,
            496,
            496,
            496,
            496,
            496,
            496,
            496,
            496,
            496,
            496,
            496,
            496,
            496,
            496,
            496,
            496,
            496,
            496,
            496,
            496,
            496,
            496,
            496,
            496,
            496,
            496,
            496,
            496,
            496,
            496,
            496,
            496,
            496,
            496,
            496,
            496,
            496,
            496,
            496,
            496,
            496,
            496,
            496,
            496,
            496,
            496,
            496,
            496,
            496,
            496,
            496,
            496,
            496,
            496,
            496,
            496,
            496,
            496,
            496,
            496,
            496,
            496,
            496,
            496,
            496,
            496,
            496,
            496,
            496,
            496,
            496,
            496,
            496,
            496,
            496,
            496,
            496,
            496,
            496,
            496,
            496,
            496,
            496,
            496,
            496,
            496,
            496,
            496,
            496,
            496,
            496,
            496,
            496,
            496,
            496,
            496,
            496,
            496,
            496,
            496,
            496,
            496,
            496,
            496,
            496,
            496,
            496,
            496,
            496,
            496,
            496,
            496,
            496,
            496,
            496,
            496,
            496,
            496,
            496,
            496,
            496,
            496,
            496,
            496,
            496,
            496,
            496,
            496,
            496,
            496,
            496,
            496,
            496,
            496,
            496,
            496,
            496,
            496,
            496,
            496,
            496,
            496,
            496,
            496,
            496,
            496,
            496,
            496,
            496,
            496,
            496,
            496,
            496,
            496,
            496,
            496,
            496,
            496,
            496,
            496,
            496,
            496,
            496,
            496,
            496,
            496,
            496,
            496,
            496,
            496,
            496,
            496,
            496,
            496,
            496,
            496,
            496,
            496,
            496,
            496,
            496,
            496,
            496,
            496,
            496,
            496,
            496,
            496,
            496,
            496,
            496,
            496,
            496,
            496,
            496,
            496,
            496,
            496,
            496,
            496,
            496,
            496,
            496,
            496,
            496,
            496,
            496,
            496,
            496,
            496,
            496,
            496,
            496,
            496,
            496,
            496,
            496,
            496,
            496,
            496,
            496,
            496,
            496,
            496,
            496,
            496,
            496,
            496,
            496,
            496,
            496,
            496,
            496,
            496,
            496,
            496,
            496,
            496,
            496,
            496,
            496,
            496,
            496,
            496,
            496,
            496,
            496,
            496,
            496,
            496,
            496,
            496,
            496,
            496,
            496,
            496,
            496,
            496,
            496,
            496,
            496,
            496,
            496,
            496,
            496,
            496,
            496,
            496,
            496,
            496,
            496,
            496,
            496,
            496,
            496,
            496,
            496,
            496,
            496,
            496,
            496,
            496,
            496,
            496,
            496,
            496,
            496,
            496,
            496,
            496,
            496,
            496,
            496,
            496,
            496,
            496,
            496,
            496,
            496,
            496,
            496,
            496,
            496,
            496,
            496,
            496,
            496,
            496,
            496,
            496,
            496,
            496,
            496,
            496,
            496,
            496,
            496,
            496,
            496,
            496,
            496,
            496,
            496,
            496,
            496,
            496,
            496,
            496,
            496,
            496,
            496,
            496,
            496,
            496,
            496,
            496,
            496,
            496,
            496,
            496,
            496,
            496,
            496,
            496,
            496,
            496,
            496,
            496,
            496,
            496,
            496,
            496,
            496,
            496,
            496,
            496,
            496,
            496,
            496,
            496,
            496,
            496,
            496,
            496,
            496,
            496,
            496,
            496,
            496,
            496,
            496,
            496,
            496,
            496,
            496,
            496,
            496,
            496,
            496,
            496,
            496,
            496,
            496,
            496,
            496,
            496,
            496,
            496,
            496,
            496,
            496,
            496,
            496,
            496,
            496,
            496,
            496,
            496,
            496,
            496,
            496,
            496,
            496,
            496,
            496,
            496,
            496,
            496,
            496,
            496,
            496,
            496,
            496,
            496,
            496,
            496,
            496,
            496,
            496,
            496,
            496,
            496,
            496,
            496,
            496,
            496,
            496,
            496,
            496,
            496,
            496,
            496,
            496,
            496,
            496,
            496,
            496,
            496,
            496,
            496,
            496,
            496,
            496,
            496,
            496,
            496,
            496,
            496,
            496,
            496,
            496,
            496,
            496,
            496,
            496,
            496,
            496,
            496,
            496,
            496,
            496,
            496,
            496,
            496,
            496,
            496,
            496,
            496,
            496,
            496,
            496,
            496,
            496,
            496,
            496,
            496,
            496,
            496,
            496,
            496,
            496,
            496,
            496,
            496,
            496,
            496,
            496,
            496,
            496,
            496,
            496,
            236743,
            236770,
            236770
          ],
          "pipeline_state_compiles": 0,
          "ple_encoders": 0,
          "prefill_ms": 41849.847916,
          "prompt": "a a a a a a a a a a a a a a a a a a a a a a a a a a a a a a a a a a a a a a a a a a a a a a a a a a a a a a a a a a a a a a a a a a a a a a a a a a a a a a a a a a a a a a a a a a a a a a a a a a a a a a a a a a a a a a a a a a a a a a a a a a a a a a a a a a a a a a a a a a a a a a a a a a a a a a a a a a a a a a a a a a a a a a a a a a a a a a a a a a a a a a a a a a a a a a a a a a a a a a a a a a a a a a a a a a a a a a a a a a a a a a a a a a a a a a a a a a a a a a a a a a a a a a a a a a a a a a a a a a a a a a a a a a a a a a a a a a a a a a a a a a a a a a a a a a a a a a a a a a a a a a a a a a a a a a a a a a a a a a a a a a a a a a a a a a a a a a a a a a a a a a a a a a a a a a a a a a a a a a a a a a a a a a a a a a a a a a a a a a a a a a a a a a a a a a a a a a a a a a a a a a a a a a a a a a a a a a a a a a a a a a a a a a a a a a a a a a a a a a a a a a a a a a a a a a a a a a a a a a a a a a a a a a a a a a a a a a a a a a a a a a a a a a a a a a a a a a a a a a a a a a a a a a a a a a a ",
          "prompt_token_ids": [
            236746,
            496,
            496,
            496,
            496,
            496,
            496,
            496,
            496,
            496,
            496,
            496,
            496,
            496,
            496,
            496,
            496,
            496,
            496,
            496,
            496,
            496,
            496,
            496,
            496,
            496,
            496,
            496,
            496,
            496,
            496,
            496,
            496,
            496,
            496,
            496,
            496,
            496,
            496,
            496,
            496,
            496,
            496,
            496,
            496,
            496,
            496,
            496,
            496,
            496,
            496,
            496,
            496,
            496,
            496,
            496,
            496,
            496,
            496,
            496,
            496,
            496,
            496,
            496,
            496,
            496,
            496,
            496,
            496,
            496,
            496,
            496,
            496,
            496,
            496,
            496,
            496,
            496,
            496,
            496,
            496,
            496,
            496,
            496,
            496,
            496,
            496,
            496,
            496,
            496,
            496,
            496,
            496,
            496,
            496,
            496,
            496,
            496,
            496,
            496,
            496,
            496,
            496,
            496,
            496,
            496,
            496,
            496,
            496,
            496,
            496,
            496,
            496,
            496,
            496,
            496,
            496,
            496,
            496,
            496,
            496,
            496,
            496,
            496,
            496,
            496,
            496,
            496,
            496,
            496,
            496,
            496,
            496,
            496,
            496,
            496,
            496,
            496,
            496,
            496,
            496,
            496,
            496,
            496,
            496,
            496,
            496,
            496,
            496,
            496,
            496,
            496,
            496,
            496,
            496,
            496,
            496,
            496,
            496,
            496,
            496,
            496,
            496,
            496,
            496,
            496,
            496,
            496,
            496,
            496,
            496,
            496,
            496,
            496,
            496,
            496,
            496,
            496,
            496,
            496,
            496,
            496,
            496,
            496,
            496,
            496,
            496,
            496,
            496,
            496,
            496,
            496,
            496,
            496,
            496,
            496,
            496,
            496,
            496,
            496,
            496,
            496,
            496,
            496,
            496,
            496,
            496,
            496,
            496,
            496,
            496,
            496,
            496,
            496,
            496,
            496,
            496,
            496,
            496,
            496,
            496,
            496,
            496,
            496,
            496,
            496,
            496,
            496,
            496,
            496,
            496,
            496,
            496,
            496,
            496,
            496,
            496,
            496,
            496,
            496,
            496,
            496,
            496,
            496,
            496,
            496,
            496,
            496,
            496,
            496,
            496,
            496,
            496,
            496,
            496,
            496,
            496,
            496,
            496,
            496,
            496,
            496,
            496,
            496,
            496,
            496,
            496,
            496,
            496,
            496,
            496,
            496,
            496,
            496,
            496,
            496,
            496,
            496,
            496,
            496,
            496,
            496,
            496,
            496,
            496,
            496,
            496,
            496,
            496,
            496,
            496,
            496,
            496,
            496,
            496,
            496,
            496,
            496,
            496,
            496,
            496,
            496,
            496,
            496,
            496,
            496,
            496,
            496,
            496,
            496,
            496,
            496,
            496,
            496,
            496,
            496,
            496,
            496,
            496,
            496,
            496,
            496,
            496,
            496,
            496,
            496,
            496,
            496,
            496,
            496,
            496,
            496,
            496,
            496,
            496,
            496,
            496,
            496,
            496,
            496,
            496,
            496,
            496,
            496,
            496,
            496,
            496,
            496,
            496,
            496,
            496,
            496,
            496,
            496,
            496,
            496,
            496,
            496,
            496,
            496,
            496,
            496,
            496,
            496,
            496,
            496,
            496,
            496,
            496,
            496,
            496,
            496,
            496,
            496,
            496,
            496,
            496,
            496,
            496,
            496,
            496,
            496,
            496,
            496,
            496,
            496,
            496,
            496,
            496,
            496,
            496,
            496,
            496,
            496,
            496,
            496,
            496,
            496,
            496,
            496,
            496,
            496,
            496,
            496,
            496,
            496,
            496,
            496,
            496,
            496,
            496,
            496,
            496,
            496,
            496,
            496,
            496,
            496,
            496,
            496,
            496,
            496,
            496,
            496,
            496,
            496,
            496,
            496,
            496,
            496,
            496,
            496,
            496,
            496,
            496,
            496,
            496,
            496,
            496,
            496,
            496,
            496,
            496,
            496,
            496,
            496,
            496,
            496,
            496,
            496,
            496,
            496,
            496,
            496,
            496,
            496,
            496,
            496,
            496,
            496,
            496,
            496,
            496,
            496,
            496,
            496,
            496,
            496,
            496,
            496,
            496,
            496,
            496,
            496,
            496,
            496,
            496,
            496,
            496,
            496,
            496,
            496,
            496,
            496,
            496,
            496,
            496,
            496,
            496,
            496,
            496,
            496,
            496,
            496,
            496,
            496,
            496,
            496,
            496,
            496,
            496,
            496,
            496,
            496,
            496,
            496,
            496,
            496,
            496,
            496,
            496,
            236743
          ],
          "research_dispatch": {
            "counts": {
              "research_global_d512_atlas_mma_r8k32p64t128": 16
            },
            "overflowed": false,
            "schema": "rvllm.metal.research-dispatch.v3"
          },
          "status": "pass",
          "tok_per_s": 2.2562524633693886
        }
      ],
      "checkpoint_complete": true,
      "checkpoint_completed_cases": 2,
      "checkpoint_total_cases": 2,
      "claim": "Apple Metal text inference workflow; not production-ready until acceptance gates pass",
      "command_buffer_wait_ns": 90858179708,
      "command_buffers": 6,
      "cpu_encode_ns": 39833250,
      "cpu_wall_ns": 90898012958,
      "debug_sync": false,
      "decode_ms": 1879.685334,
      "embedding_encoders": 6,
      "encoder_counts_by_kernel_family": {
        "embedding": 6,
        "final_logits_diagnostic": 0,
        "final_sample": 12,
        "layer_body": 3264,
        "layer_scale_fused": 288,
        "ple_input": 0
      },
      "encoders": 3282,
      "final_logits_encoders": 0,
      "final_sample_encoders": 12,
      "forced_waits": 6,
      "generated_tokens": 4,
      "large_model_opt_in": true,
      "last_step_command_buffer_wait_ns": 385434125,
      "last_step_command_buffers": 1,
      "last_step_cpu_encode_ns": 3338667,
      "last_step_cpu_wall_ns": 388772792,
      "last_step_encoders": 580,
      "last_step_forced_waits": 1,
      "last_step_gpu_execution_ns": 385111083,
      "last_step_tokens": 1,
      "layer_encoders": 3264,
      "layer_scale_encoder_fusions": 288,
      "library_compiles": 1,
      "max_supported_total_tokens": 514,
      "metal_compute_dtype": "bfloat16",
      "metal_moe_router_weight_dtype": "bfloat16",
      "metal_weight_dtype": "bfloat16",
      "model_dir": "/Users/george/.cache/huggingface/hub/models--google--gemma-4-12B-it/snapshots/707f0a3b8a3c7ad586ed01e27eafbad8a27dd0f7",
      "pipeline_state_compiles": 53,
      "ple_encoders": 0,
      "prefill_ms": 89018.433666,
      "prepare_ms": 16949.021791,
      "research_dispatch": {
        "counts": {
          "research_global_d512_atlas_mma_r8k32p64t128": 32
        },
        "overflowed": false,
        "schema": "rvllm.metal.research-dispatch.v3"
      },
      "schema": "rvllm.apple_metal_text_session.v1",
      "status": "pass",
      "tok_per_s": 2.1280157522365393,
      "total_ms": 107850.455417
    }
  ],
  "schema": "rvllm.apple_metal_text_session_profile.v1"
}
