{
  "backend": "direct",
  "claim": "Apple Metal text session profile only; not production performance, ANE, external profiler, or production readiness evidence",
  "maximums": {
    "command_buffer_wait_ms": 44214.119832,
    "command_buffer_wait_ms_per_token": 7369.019971999999,
    "command_buffers_per_token": 1.5,
    "cpu_encode_ms": 67.519669,
    "cpu_encode_ms_per_token": 11.253278166666666,
    "decode_ms": 1188.2454579999999,
    "encoders_per_token": 820.5,
    "forced_waits_per_token": 1.5,
    "latency_ms_per_token": 198.04090966666664,
    "layer_scale_fusions_per_token": 72.0,
    "prefill_ms": 43093.60625,
    "prepare_ms": 20305.349334,
    "tok_per_s": 5.049461758599039
  },
  "medians": {
    "command_buffer_wait_ms": 44214.119832,
    "command_buffer_wait_ms_per_token": 7369.019971999999,
    "command_buffers_per_token": 1.5,
    "cpu_encode_ms": 67.519669,
    "cpu_encode_ms_per_token": 11.253278166666666,
    "decode_ms": 1188.2454579999999,
    "encoders_per_token": 820.5,
    "forced_waits_per_token": 1.5,
    "latency_ms_per_token": 198.04090966666664,
    "layer_scale_fusions_per_token": 72.0,
    "prefill_ms": 43093.60625,
    "prepare_ms": 20305.349334,
    "tok_per_s": 5.049461758599039
  },
  "metal_compute_dtype": "bfloat16",
  "metal_moe_router_weight_dtype": "bfloat16",
  "metal_weight_dtype": "bfloat16",
  "minimums": {
    "command_buffer_wait_ms": 44214.119832,
    "command_buffer_wait_ms_per_token": 7369.019971999999,
    "command_buffers_per_token": 1.5,
    "cpu_encode_ms": 67.519669,
    "cpu_encode_ms_per_token": 11.253278166666666,
    "decode_ms": 1188.2454579999999,
    "encoders_per_token": 820.5,
    "forced_waits_per_token": 1.5,
    "latency_ms_per_token": 198.04090966666664,
    "layer_scale_fusions_per_token": 72.0,
    "prefill_ms": 43093.60625,
    "prepare_ms": 20305.349334,
    "tok_per_s": 5.049461758599039
  },
  "model_dir": "/Users/george/.cache/huggingface/hub/models--google--gemma-4-12B-it/snapshots/707f0a3b8a3c7ad586ed01e27eafbad8a27dd0f7",
  "sample_count": 1,
  "samples": [
    {
      "arena_bytes": 24716958240,
      "backend": "direct",
      "case_count": 3,
      "cases": [
        {
          "command_buffer_wait_ns": 16005517166,
          "command_buffers": 3,
          "cpu_encode_ns": 36446043,
          "cpu_wall_ns": 16041963209,
          "decode_ms": 448.355958,
          "embedding_encoders": 3,
          "encoder_counts_by_kernel_family": {
            "embedding": 3,
            "final_logits_diagnostic": 0,
            "final_sample": 6,
            "layer_body": 1632,
            "layer_scale_fused": 144,
            "ple_input": 0
          },
          "encoders": 1641,
          "final_logits_encoders": 0,
          "final_sample_encoders": 6,
          "finish_reason": "length",
          "forced_waits": 3,
          "generated_text": "11",
          "generated_token_ids": [
            236770,
            236770
          ],
          "hf_reference": null,
          "last_step_command_buffer_wait_ns": 210389375,
          "last_step_command_buffers": 1,
          "last_step_cpu_encode_ns": 2827459,
          "last_step_cpu_wall_ns": 213216834,
          "last_step_encoders": 580,
          "last_step_forced_waits": 1,
          "last_step_gpu_execution_ns": 210115124,
          "last_step_tokens": 1,
          "layer_encoders": 1632,
          "layer_scale_encoder_fusions": 144,
          "library_compiles": 0,
          "max_new_tokens": 2,
          "max_supported_total_tokens": 258,
          "name": "pp256-decode2-warmup",
          "output_text": "a a a a a a a a a a a a a a a a a a a a a a a a a a a a a a a a a a a a a a a a a a a a a a a a a a a a a a a a a a a a a a a a a a a a a a a a a a a a a a a a a a a a a a a a a a a a a a a a a a a a a a a a a a a a a a a a a a a a a a a a a a a a a a a a a a a a a a a a a a a a a a a a a a a a a a a a a a a a a a a a a a a a a a a a a a a a a a a a a a a a a a a a a a a a a a a a a a a a a a a a a a a a a a a a a a a a a a a a a a a a a a a a a a a a a a a a a a a a a a a a a a a a a a a a a a a a a a a 11",
          "output_token_ids": [
            236746,
            496,
            496,
            496,
            496,
            496,
            496,
            496,
            496,
            496,
            496,
            496,
            496,
            496,
            496,
            496,
            496,
            496,
            496,
            496,
            496,
            496,
            496,
            496,
            496,
            496,
            496,
            496,
            496,
            496,
            496,
            496,
            496,
            496,
            496,
            496,
            496,
            496,
            496,
            496,
            496,
            496,
            496,
            496,
            496,
            496,
            496,
            496,
            496,
            496,
            496,
            496,
            496,
            496,
            496,
            496,
            496,
            496,
            496,
            496,
            496,
            496,
            496,
            496,
            496,
            496,
            496,
            496,
            496,
            496,
            496,
            496,
            496,
            496,
            496,
            496,
            496,
            496,
            496,
            496,
            496,
            496,
            496,
            496,
            496,
            496,
            496,
            496,
            496,
            496,
            496,
            496,
            496,
            496,
            496,
            496,
            496,
            496,
            496,
            496,
            496,
            496,
            496,
            496,
            496,
            496,
            496,
            496,
            496,
            496,
            496,
            496,
            496,
            496,
            496,
            496,
            496,
            496,
            496,
            496,
            496,
            496,
            496,
            496,
            496,
            496,
            496,
            496,
            496,
            496,
            496,
            496,
            496,
            496,
            496,
            496,
            496,
            496,
            496,
            496,
            496,
            496,
            496,
            496,
            496,
            496,
            496,
            496,
            496,
            496,
            496,
            496,
            496,
            496,
            496,
            496,
            496,
            496,
            496,
            496,
            496,
            496,
            496,
            496,
            496,
            496,
            496,
            496,
            496,
            496,
            496,
            496,
            496,
            496,
            496,
            496,
            496,
            496,
            496,
            496,
            496,
            496,
            496,
            496,
            496,
            496,
            496,
            496,
            496,
            496,
            496,
            496,
            496,
            496,
            496,
            496,
            496,
            496,
            496,
            496,
            496,
            496,
            496,
            496,
            496,
            496,
            496,
            496,
            496,
            496,
            496,
            496,
            496,
            496,
            496,
            496,
            496,
            496,
            496,
            496,
            496,
            496,
            496,
            496,
            496,
            496,
            496,
            496,
            496,
            496,
            496,
            496,
            496,
            496,
            496,
            496,
            496,
            496,
            496,
            496,
            496,
            496,
            496,
            496,
            496,
            496,
            496,
            496,
            496,
            496,
            496,
            496,
            496,
            496,
            496,
            236743,
            236770,
            236770
          ],
          "pipeline_state_compiles": 0,
          "ple_encoders": 0,
          "prefill_ms": 15593.721333,
          "prompt": "a a a a a a a a a a a a a a a a a a a a a a a a a a a a a a a a a a a a a a a a a a a a a a a a a a a a a a a a a a a a a a a a a a a a a a a a a a a a a a a a a a a a a a a a a a a a a a a a a a a a a a a a a a a a a a a a a a a a a a a a a a a a a a a a a a a a a a a a a a a a a a a a a a a a a a a a a a a a a a a a a a a a a a a a a a a a a a a a a a a a a a a a a a a a a a a a a a a a a a a a a a a a a a a a a a a a a a a a a a a a a a a a a a a a a a a a a a a a a a a a a a a a a a a a a a a a a a a ",
          "prompt_token_ids": [
            236746,
            496,
            496,
            496,
            496,
            496,
            496,
            496,
            496,
            496,
            496,
            496,
            496,
            496,
            496,
            496,
            496,
            496,
            496,
            496,
            496,
            496,
            496,
            496,
            496,
            496,
            496,
            496,
            496,
            496,
            496,
            496,
            496,
            496,
            496,
            496,
            496,
            496,
            496,
            496,
            496,
            496,
            496,
            496,
            496,
            496,
            496,
            496,
            496,
            496,
            496,
            496,
            496,
            496,
            496,
            496,
            496,
            496,
            496,
            496,
            496,
            496,
            496,
            496,
            496,
            496,
            496,
            496,
            496,
            496,
            496,
            496,
            496,
            496,
            496,
            496,
            496,
            496,
            496,
            496,
            496,
            496,
            496,
            496,
            496,
            496,
            496,
            496,
            496,
            496,
            496,
            496,
            496,
            496,
            496,
            496,
            496,
            496,
            496,
            496,
            496,
            496,
            496,
            496,
            496,
            496,
            496,
            496,
            496,
            496,
            496,
            496,
            496,
            496,
            496,
            496,
            496,
            496,
            496,
            496,
            496,
            496,
            496,
            496,
            496,
            496,
            496,
            496,
            496,
            496,
            496,
            496,
            496,
            496,
            496,
            496,
            496,
            496,
            496,
            496,
            496,
            496,
            496,
            496,
            496,
            496,
            496,
            496,
            496,
            496,
            496,
            496,
            496,
            496,
            496,
            496,
            496,
            496,
            496,
            496,
            496,
            496,
            496,
            496,
            496,
            496,
            496,
            496,
            496,
            496,
            496,
            496,
            496,
            496,
            496,
            496,
            496,
            496,
            496,
            496,
            496,
            496,
            496,
            496,
            496,
            496,
            496,
            496,
            496,
            496,
            496,
            496,
            496,
            496,
            496,
            496,
            496,
            496,
            496,
            496,
            496,
            496,
            496,
            496,
            496,
            496,
            496,
            496,
            496,
            496,
            496,
            496,
            496,
            496,
            496,
            496,
            496,
            496,
            496,
            496,
            496,
            496,
            496,
            496,
            496,
            496,
            496,
            496,
            496,
            496,
            496,
            496,
            496,
            496,
            496,
            496,
            496,
            496,
            496,
            496,
            496,
            496,
            496,
            496,
            496,
            496,
            496,
            496,
            496,
            496,
            496,
            496,
            496,
            496,
            496,
            236743
          ],
          "research_dispatch": {
            "counts": {
              "research_global_d512_atlas_mma_r8k32p64t128": 16
            },
            "overflowed": false,
            "schema": "rvllm.metal.research-dispatch.v3"
          },
          "status": "pass",
          "tok_per_s": 4.460741436160418
        },
        {
          "command_buffer_wait_ns": 14769799083,
          "command_buffers": 3,
          "cpu_encode_ns": 13728668,
          "cpu_wall_ns": 14783527751,
          "decode_ms": 371.31199999999995,
          "embedding_encoders": 3,
          "encoder_counts_by_kernel_family": {
            "embedding": 3,
            "final_logits_diagnostic": 0,
            "final_sample": 6,
            "layer_body": 1632,
            "layer_scale_fused": 144,
            "ple_input": 0
          },
          "encoders": 1641,
          "final_logits_encoders": 0,
          "final_sample_encoders": 6,
          "finish_reason": "length",
          "forced_waits": 3,
          "generated_text": "11",
          "generated_token_ids": [
            236770,
            236770
          ],
          "hf_reference": null,
          "last_step_command_buffer_wait_ns": 178834792,
          "last_step_command_buffers": 1,
          "last_step_cpu_encode_ns": 2324167,
          "last_step_cpu_wall_ns": 181158959,
          "last_step_encoders": 580,
          "last_step_forced_waits": 1,
          "last_step_gpu_execution_ns": 178171125,
          "last_step_tokens": 1,
          "layer_encoders": 1632,
          "layer_scale_encoder_fusions": 144,
          "library_compiles": 0,
          "max_new_tokens": 2,
          "max_supported_total_tokens": 258,
          "name": "pp256-decode2-measure-1",
          "output_text": "a a a a a a a a a a a a a a a a a a a a a a a a a a a a a a a a a a a a a a a a a a a a a a a a a a a a a a a a a a a a a a a a a a a a a a a a a a a a a a a a a a a a a a a a a a a a a a a a a a a a a a a a a a a a a a a a a a a a a a a a a a a a a a a a a a a a a a a a a a a a a a a a a a a a a a a a a a a a a a a a a a a a a a a a a a a a a a a a a a a a a a a a a a a a a a a a a a a a a a a a a a a a a a a a a a a a a a a a a a a a a a a a a a a a a a a a a a a a a a a a a a a a a a a a a a a a a a a 11",
          "output_token_ids": [
            236746,
            496,
            496,
            496,
            496,
            496,
            496,
            496,
            496,
            496,
            496,
            496,
            496,
            496,
            496,
            496,
            496,
            496,
            496,
            496,
            496,
            496,
            496,
            496,
            496,
            496,
            496,
            496,
            496,
            496,
            496,
            496,
            496,
            496,
            496,
            496,
            496,
            496,
            496,
            496,
            496,
            496,
            496,
            496,
            496,
            496,
            496,
            496,
            496,
            496,
            496,
            496,
            496,
            496,
            496,
            496,
            496,
            496,
            496,
            496,
            496,
            496,
            496,
            496,
            496,
            496,
            496,
            496,
            496,
            496,
            496,
            496,
            496,
            496,
            496,
            496,
            496,
            496,
            496,
            496,
            496,
            496,
            496,
            496,
            496,
            496,
            496,
            496,
            496,
            496,
            496,
            496,
            496,
            496,
            496,
            496,
            496,
            496,
            496,
            496,
            496,
            496,
            496,
            496,
            496,
            496,
            496,
            496,
            496,
            496,
            496,
            496,
            496,
            496,
            496,
            496,
            496,
            496,
            496,
            496,
            496,
            496,
            496,
            496,
            496,
            496,
            496,
            496,
            496,
            496,
            496,
            496,
            496,
            496,
            496,
            496,
            496,
            496,
            496,
            496,
            496,
            496,
            496,
            496,
            496,
            496,
            496,
            496,
            496,
            496,
            496,
            496,
            496,
            496,
            496,
            496,
            496,
            496,
            496,
            496,
            496,
            496,
            496,
            496,
            496,
            496,
            496,
            496,
            496,
            496,
            496,
            496,
            496,
            496,
            496,
            496,
            496,
            496,
            496,
            496,
            496,
            496,
            496,
            496,
            496,
            496,
            496,
            496,
            496,
            496,
            496,
            496,
            496,
            496,
            496,
            496,
            496,
            496,
            496,
            496,
            496,
            496,
            496,
            496,
            496,
            496,
            496,
            496,
            496,
            496,
            496,
            496,
            496,
            496,
            496,
            496,
            496,
            496,
            496,
            496,
            496,
            496,
            496,
            496,
            496,
            496,
            496,
            496,
            496,
            496,
            496,
            496,
            496,
            496,
            496,
            496,
            496,
            496,
            496,
            496,
            496,
            496,
            496,
            496,
            496,
            496,
            496,
            496,
            496,
            496,
            496,
            496,
            496,
            496,
            496,
            236743,
            236770,
            236770
          ],
          "pipeline_state_compiles": 0,
          "ple_encoders": 0,
          "prefill_ms": 14412.267,
          "prompt": "a a a a a a a a a a a a a a a a a a a a a a a a a a a a a a a a a a a a a a a a a a a a a a a a a a a a a a a a a a a a a a a a a a a a a a a a a a a a a a a a a a a a a a a a a a a a a a a a a a a a a a a a a a a a a a a a a a a a a a a a a a a a a a a a a a a a a a a a a a a a a a a a a a a a a a a a a a a a a a a a a a a a a a a a a a a a a a a a a a a a a a a a a a a a a a a a a a a a a a a a a a a a a a a a a a a a a a a a a a a a a a a a a a a a a a a a a a a a a a a a a a a a a a a a a a a a a a a ",
          "prompt_token_ids": [
            236746,
            496,
            496,
            496,
            496,
            496,
            496,
            496,
            496,
            496,
            496,
            496,
            496,
            496,
            496,
            496,
            496,
            496,
            496,
            496,
            496,
            496,
            496,
            496,
            496,
            496,
            496,
            496,
            496,
            496,
            496,
            496,
            496,
            496,
            496,
            496,
            496,
            496,
            496,
            496,
            496,
            496,
            496,
            496,
            496,
            496,
            496,
            496,
            496,
            496,
            496,
            496,
            496,
            496,
            496,
            496,
            496,
            496,
            496,
            496,
            496,
            496,
            496,
            496,
            496,
            496,
            496,
            496,
            496,
            496,
            496,
            496,
            496,
            496,
            496,
            496,
            496,
            496,
            496,
            496,
            496,
            496,
            496,
            496,
            496,
            496,
            496,
            496,
            496,
            496,
            496,
            496,
            496,
            496,
            496,
            496,
            496,
            496,
            496,
            496,
            496,
            496,
            496,
            496,
            496,
            496,
            496,
            496,
            496,
            496,
            496,
            496,
            496,
            496,
            496,
            496,
            496,
            496,
            496,
            496,
            496,
            496,
            496,
            496,
            496,
            496,
            496,
            496,
            496,
            496,
            496,
            496,
            496,
            496,
            496,
            496,
            496,
            496,
            496,
            496,
            496,
            496,
            496,
            496,
            496,
            496,
            496,
            496,
            496,
            496,
            496,
            496,
            496,
            496,
            496,
            496,
            496,
            496,
            496,
            496,
            496,
            496,
            496,
            496,
            496,
            496,
            496,
            496,
            496,
            496,
            496,
            496,
            496,
            496,
            496,
            496,
            496,
            496,
            496,
            496,
            496,
            496,
            496,
            496,
            496,
            496,
            496,
            496,
            496,
            496,
            496,
            496,
            496,
            496,
            496,
            496,
            496,
            496,
            496,
            496,
            496,
            496,
            496,
            496,
            496,
            496,
            496,
            496,
            496,
            496,
            496,
            496,
            496,
            496,
            496,
            496,
            496,
            496,
            496,
            496,
            496,
            496,
            496,
            496,
            496,
            496,
            496,
            496,
            496,
            496,
            496,
            496,
            496,
            496,
            496,
            496,
            496,
            496,
            496,
            496,
            496,
            496,
            496,
            496,
            496,
            496,
            496,
            496,
            496,
            496,
            496,
            496,
            496,
            496,
            496,
            236743
          ],
          "research_dispatch": {
            "counts": {
              "research_global_d512_atlas_mma_r8k32p64t128": 16
            },
            "overflowed": false,
            "schema": "rvllm.metal.research-dispatch.v3"
          },
          "status": "pass",
          "tok_per_s": 5.386305855991727
        },
        {
          "command_buffer_wait_ns": 13438803583,
          "command_buffers": 3,
          "cpu_encode_ns": 17344958,
          "cpu_wall_ns": 13456148541,
          "decode_ms": 368.5775,
          "embedding_encoders": 3,
          "encoder_counts_by_kernel_family": {
            "embedding": 3,
            "final_logits_diagnostic": 0,
            "final_sample": 6,
            "layer_body": 1632,
            "layer_scale_fused": 144,
            "ple_input": 0
          },
          "encoders": 1641,
          "final_logits_encoders": 0,
          "final_sample_encoders": 6,
          "finish_reason": "length",
          "forced_waits": 3,
          "generated_text": "11",
          "generated_token_ids": [
            236770,
            236770
          ],
          "hf_reference": null,
          "last_step_command_buffer_wait_ns": 176522750,
          "last_step_command_buffers": 1,
          "last_step_cpu_encode_ns": 5936583,
          "last_step_cpu_wall_ns": 182459333,
          "last_step_encoders": 580,
          "last_step_forced_waits": 1,
          "last_step_gpu_execution_ns": 175683666,
          "last_step_tokens": 1,
          "layer_encoders": 1632,
          "layer_scale_encoder_fusions": 144,
          "library_compiles": 0,
          "max_new_tokens": 2,
          "max_supported_total_tokens": 258,
          "name": "pp256-decode2-measure-2",
          "output_text": "a a a a a a a a a a a a a a a a a a a a a a a a a a a a a a a a a a a a a a a a a a a a a a a a a a a a a a a a a a a a a a a a a a a a a a a a a a a a a a a a a a a a a a a a a a a a a a a a a a a a a a a a a a a a a a a a a a a a a a a a a a a a a a a a a a a a a a a a a a a a a a a a a a a a a a a a a a a a a a a a a a a a a a a a a a a a a a a a a a a a a a a a a a a a a a a a a a a a a a a a a a a a a a a a a a a a a a a a a a a a a a a a a a a a a a a a a a a a a a a a a a a a a a a a a a a a a a a 11",
          "output_token_ids": [
            236746,
            496,
            496,
            496,
            496,
            496,
            496,
            496,
            496,
            496,
            496,
            496,
            496,
            496,
            496,
            496,
            496,
            496,
            496,
            496,
            496,
            496,
            496,
            496,
            496,
            496,
            496,
            496,
            496,
            496,
            496,
            496,
            496,
            496,
            496,
            496,
            496,
            496,
            496,
            496,
            496,
            496,
            496,
            496,
            496,
            496,
            496,
            496,
            496,
            496,
            496,
            496,
            496,
            496,
            496,
            496,
            496,
            496,
            496,
            496,
            496,
            496,
            496,
            496,
            496,
            496,
            496,
            496,
            496,
            496,
            496,
            496,
            496,
            496,
            496,
            496,
            496,
            496,
            496,
            496,
            496,
            496,
            496,
            496,
            496,
            496,
            496,
            496,
            496,
            496,
            496,
            496,
            496,
            496,
            496,
            496,
            496,
            496,
            496,
            496,
            496,
            496,
            496,
            496,
            496,
            496,
            496,
            496,
            496,
            496,
            496,
            496,
            496,
            496,
            496,
            496,
            496,
            496,
            496,
            496,
            496,
            496,
            496,
            496,
            496,
            496,
            496,
            496,
            496,
            496,
            496,
            496,
            496,
            496,
            496,
            496,
            496,
            496,
            496,
            496,
            496,
            496,
            496,
            496,
            496,
            496,
            496,
            496,
            496,
            496,
            496,
            496,
            496,
            496,
            496,
            496,
            496,
            496,
            496,
            496,
            496,
            496,
            496,
            496,
            496,
            496,
            496,
            496,
            496,
            496,
            496,
            496,
            496,
            496,
            496,
            496,
            496,
            496,
            496,
            496,
            496,
            496,
            496,
            496,
            496,
            496,
            496,
            496,
            496,
            496,
            496,
            496,
            496,
            496,
            496,
            496,
            496,
            496,
            496,
            496,
            496,
            496,
            496,
            496,
            496,
            496,
            496,
            496,
            496,
            496,
            496,
            496,
            496,
            496,
            496,
            496,
            496,
            496,
            496,
            496,
            496,
            496,
            496,
            496,
            496,
            496,
            496,
            496,
            496,
            496,
            496,
            496,
            496,
            496,
            496,
            496,
            496,
            496,
            496,
            496,
            496,
            496,
            496,
            496,
            496,
            496,
            496,
            496,
            496,
            496,
            496,
            496,
            496,
            496,
            496,
            236743,
            236770,
            236770
          ],
          "pipeline_state_compiles": 0,
          "ple_encoders": 0,
          "prefill_ms": 13087.617917,
          "prompt": "a a a a a a a a a a a a a a a a a a a a a a a a a a a a a a a a a a a a a a a a a a a a a a a a a a a a a a a a a a a a a a a a a a a a a a a a a a a a a a a a a a a a a a a a a a a a a a a a a a a a a a a a a a a a a a a a a a a a a a a a a a a a a a a a a a a a a a a a a a a a a a a a a a a a a a a a a a a a a a a a a a a a a a a a a a a a a a a a a a a a a a a a a a a a a a a a a a a a a a a a a a a a a a a a a a a a a a a a a a a a a a a a a a a a a a a a a a a a a a a a a a a a a a a a a a a a a a a ",
          "prompt_token_ids": [
            236746,
            496,
            496,
            496,
            496,
            496,
            496,
            496,
            496,
            496,
            496,
            496,
            496,
            496,
            496,
            496,
            496,
            496,
            496,
            496,
            496,
            496,
            496,
            496,
            496,
            496,
            496,
            496,
            496,
            496,
            496,
            496,
            496,
            496,
            496,
            496,
            496,
            496,
            496,
            496,
            496,
            496,
            496,
            496,
            496,
            496,
            496,
            496,
            496,
            496,
            496,
            496,
            496,
            496,
            496,
            496,
            496,
            496,
            496,
            496,
            496,
            496,
            496,
            496,
            496,
            496,
            496,
            496,
            496,
            496,
            496,
            496,
            496,
            496,
            496,
            496,
            496,
            496,
            496,
            496,
            496,
            496,
            496,
            496,
            496,
            496,
            496,
            496,
            496,
            496,
            496,
            496,
            496,
            496,
            496,
            496,
            496,
            496,
            496,
            496,
            496,
            496,
            496,
            496,
            496,
            496,
            496,
            496,
            496,
            496,
            496,
            496,
            496,
            496,
            496,
            496,
            496,
            496,
            496,
            496,
            496,
            496,
            496,
            496,
            496,
            496,
            496,
            496,
            496,
            496,
            496,
            496,
            496,
            496,
            496,
            496,
            496,
            496,
            496,
            496,
            496,
            496,
            496,
            496,
            496,
            496,
            496,
            496,
            496,
            496,
            496,
            496,
            496,
            496,
            496,
            496,
            496,
            496,
            496,
            496,
            496,
            496,
            496,
            496,
            496,
            496,
            496,
            496,
            496,
            496,
            496,
            496,
            496,
            496,
            496,
            496,
            496,
            496,
            496,
            496,
            496,
            496,
            496,
            496,
            496,
            496,
            496,
            496,
            496,
            496,
            496,
            496,
            496,
            496,
            496,
            496,
            496,
            496,
            496,
            496,
            496,
            496,
            496,
            496,
            496,
            496,
            496,
            496,
            496,
            496,
            496,
            496,
            496,
            496,
            496,
            496,
            496,
            496,
            496,
            496,
            496,
            496,
            496,
            496,
            496,
            496,
            496,
            496,
            496,
            496,
            496,
            496,
            496,
            496,
            496,
            496,
            496,
            496,
            496,
            496,
            496,
            496,
            496,
            496,
            496,
            496,
            496,
            496,
            496,
            496,
            496,
            496,
            496,
            496,
            496,
            236743
          ],
          "research_dispatch": {
            "counts": {
              "research_global_d512_atlas_mma_r8k32p64t128": 16
            },
            "overflowed": false,
            "schema": "rvllm.metal.research-dispatch.v3"
          },
          "status": "pass",
          "tok_per_s": 5.426267202962742
        }
      ],
      "checkpoint_complete": true,
      "checkpoint_completed_cases": 3,
      "checkpoint_total_cases": 3,
      "claim": "Apple Metal text inference workflow; not production-ready until acceptance gates pass",
      "command_buffer_wait_ns": 44214119832,
      "command_buffers": 9,
      "cpu_encode_ns": 67519669,
      "cpu_wall_ns": 44281639501,
      "debug_sync": false,
      "decode_ms": 1188.2454579999999,
      "embedding_encoders": 9,
      "encoder_counts_by_kernel_family": {
        "embedding": 9,
        "final_logits_diagnostic": 0,
        "final_sample": 18,
        "layer_body": 4896,
        "layer_scale_fused": 432,
        "ple_input": 0
      },
      "encoders": 4923,
      "final_logits_encoders": 0,
      "final_sample_encoders": 18,
      "forced_waits": 9,
      "generated_tokens": 6,
      "large_model_opt_in": true,
      "last_step_command_buffer_wait_ns": 176522750,
      "last_step_command_buffers": 1,
      "last_step_cpu_encode_ns": 5936583,
      "last_step_cpu_wall_ns": 182459333,
      "last_step_encoders": 580,
      "last_step_forced_waits": 1,
      "last_step_gpu_execution_ns": 175683666,
      "last_step_tokens": 1,
      "layer_encoders": 4896,
      "layer_scale_encoder_fusions": 432,
      "library_compiles": 1,
      "max_supported_total_tokens": 258,
      "metal_compute_dtype": "bfloat16",
      "metal_moe_router_weight_dtype": "bfloat16",
      "metal_weight_dtype": "bfloat16",
      "model_dir": "/Users/george/.cache/huggingface/hub/models--google--gemma-4-12B-it/snapshots/707f0a3b8a3c7ad586ed01e27eafbad8a27dd0f7",
      "pipeline_state_compiles": 53,
      "ple_encoders": 0,
      "prefill_ms": 43093.60625,
      "prepare_ms": 20305.349334,
      "research_dispatch": {
        "counts": {
          "research_global_d512_atlas_mma_r8k32p64t128": 48
        },
        "overflowed": false,
        "schema": "rvllm.metal.research-dispatch.v3"
      },
      "schema": "rvllm.apple_metal_text_session.v1",
      "status": "pass",
      "tok_per_s": 5.049461758599039,
      "total_ms": 64591.419540999996
    }
  ],
  "schema": "rvllm.apple_metal_text_session_profile.v1"
}
{
  "backend": "direct",
  "claim": "Apple Metal text session profile only; not production performance, ANE, external profiler, or production readiness evidence",
  "maximums": {
    "command_buffer_wait_ms": 34851.01996,
    "command_buffer_wait_ms_per_token": 5808.503326666666,
    "command_buffers_per_token": 1.5,
    "cpu_encode_ms": 83.895498,
    "cpu_encode_ms_per_token": 13.982583,
    "decode_ms": 1010.057125,
    "encoders_per_token": 820.5,
    "forced_waits_per_token": 1.5,
    "latency_ms_per_token": 168.34285416666668,
    "layer_scale_fusions_per_token": 72.0,
    "prefill_ms": 33925.038042,
    "prepare_ms": 19033.159541,
    "tok_per_s": 5.940258081937691
  },
  "medians": {
    "command_buffer_wait_ms": 34851.01996,
    "command_buffer_wait_ms_per_token": 5808.503326666666,
    "command_buffers_per_token": 1.5,
    "cpu_encode_ms": 83.895498,
    "cpu_encode_ms_per_token": 13.982583,
    "decode_ms": 1010.057125,
    "encoders_per_token": 820.5,
    "forced_waits_per_token": 1.5,
    "latency_ms_per_token": 168.34285416666668,
    "layer_scale_fusions_per_token": 72.0,
    "prefill_ms": 33925.038042,
    "prepare_ms": 19033.159541,
    "tok_per_s": 5.940258081937691
  },
  "metal_compute_dtype": "bfloat16",
  "metal_moe_router_weight_dtype": "bfloat16",
  "metal_weight_dtype": "bfloat16",
  "minimums": {
    "command_buffer_wait_ms": 34851.01996,
    "command_buffer_wait_ms_per_token": 5808.503326666666,
    "command_buffers_per_token": 1.5,
    "cpu_encode_ms": 83.895498,
    "cpu_encode_ms_per_token": 13.982583,
    "decode_ms": 1010.057125,
    "encoders_per_token": 820.5,
    "forced_waits_per_token": 1.5,
    "latency_ms_per_token": 168.34285416666668,
    "layer_scale_fusions_per_token": 72.0,
    "prefill_ms": 33925.038042,
    "prepare_ms": 19033.159541,
    "tok_per_s": 5.940258081937691
  },
  "model_dir": "/Users/george/.cache/huggingface/hub/models--google--gemma-4-12B-it/snapshots/707f0a3b8a3c7ad586ed01e27eafbad8a27dd0f7",
  "sample_count": 1,
  "samples": [
    {
      "arena_bytes": 24718537248,
      "backend": "direct",
      "case_count": 3,
      "cases": [
        {
          "command_buffer_wait_ns": 12291086585,
          "command_buffers": 3,
          "cpu_encode_ns": 47534456,
          "cpu_wall_ns": 12338621041,
          "decode_ms": 337.498333,
          "embedding_encoders": 3,
          "encoder_counts_by_kernel_family": {
            "embedding": 3,
            "final_logits_diagnostic": 0,
            "final_sample": 6,
            "layer_body": 1632,
            "layer_scale_fused": 144,
            "ple_input": 0
          },
          "encoders": 1641,
          "final_logits_encoders": 0,
          "final_sample_encoders": 6,
          "finish_reason": "length",
          "forced_waits": 3,
          "generated_text": "11",
          "generated_token_ids": [
            236770,
            236770
          ],
          "hf_reference": null,
          "last_step_command_buffer_wait_ns": 159136542,
          "last_step_command_buffers": 1,
          "last_step_cpu_encode_ns": 6068999,
          "last_step_cpu_wall_ns": 165205541,
          "last_step_encoders": 580,
          "last_step_forced_waits": 1,
          "last_step_gpu_execution_ns": 158337750,
          "last_step_tokens": 1,
          "layer_encoders": 1632,
          "layer_scale_encoder_fusions": 144,
          "library_compiles": 0,
          "max_new_tokens": 2,
          "max_supported_total_tokens": 258,
          "name": "pp256-decode2-warmup",
          "output_text": "a a a a a a a a a a a a a a a a a a a a a a a a a a a a a a a a a a a a a a a a a a a a a a a a a a a a a a a a a a a a a a a a a a a a a a a a a a a a a a a a a a a a a a a a a a a a a a a a a a a a a a a a a a a a a a a a a a a a a a a a a a a a a a a a a a a a a a a a a a a a a a a a a a a a a a a a a a a a a a a a a a a a a a a a a a a a a a a a a a a a a a a a a a a a a a a a a a a a a a a a a a a a a a a a a a a a a a a a a a a a a a a a a a a a a a a a a a a a a a a a a a a a a a a a a a a a a a a 11",
          "output_token_ids": [
            236746,
            496,
            496,
            496,
            496,
            496,
            496,
            496,
            496,
            496,
            496,
            496,
            496,
            496,
            496,
            496,
            496,
            496,
            496,
            496,
            496,
            496,
            496,
            496,
            496,
            496,
            496,
            496,
            496,
            496,
            496,
            496,
            496,
            496,
            496,
            496,
            496,
            496,
            496,
            496,
            496,
            496,
            496,
            496,
            496,
            496,
            496,
            496,
            496,
            496,
            496,
            496,
            496,
            496,
            496,
            496,
            496,
            496,
            496,
            496,
            496,
            496,
            496,
            496,
            496,
            496,
            496,
            496,
            496,
            496,
            496,
            496,
            496,
            496,
            496,
            496,
            496,
            496,
            496,
            496,
            496,
            496,
            496,
            496,
            496,
            496,
            496,
            496,
            496,
            496,
            496,
            496,
            496,
            496,
            496,
            496,
            496,
            496,
            496,
            496,
            496,
            496,
            496,
            496,
            496,
            496,
            496,
            496,
            496,
            496,
            496,
            496,
            496,
            496,
            496,
            496,
            496,
            496,
            496,
            496,
            496,
            496,
            496,
            496,
            496,
            496,
            496,
            496,
            496,
            496,
            496,
            496,
            496,
            496,
            496,
            496,
            496,
            496,
            496,
            496,
            496,
            496,
            496,
            496,
            496,
            496,
            496,
            496,
            496,
            496,
            496,
            496,
            496,
            496,
            496,
            496,
            496,
            496,
            496,
            496,
            496,
            496,
            496,
            496,
            496,
            496,
            496,
            496,
            496,
            496,
            496,
            496,
            496,
            496,
            496,
            496,
            496,
            496,
            496,
            496,
            496,
            496,
            496,
            496,
            496,
            496,
            496,
            496,
            496,
            496,
            496,
            496,
            496,
            496,
            496,
            496,
            496,
            496,
            496,
            496,
            496,
            496,
            496,
            496,
            496,
            496,
            496,
            496,
            496,
            496,
            496,
            496,
            496,
            496,
            496,
            496,
            496,
            496,
            496,
            496,
            496,
            496,
            496,
            496,
            496,
            496,
            496,
            496,
            496,
            496,
            496,
            496,
            496,
            496,
            496,
            496,
            496,
            496,
            496,
            496,
            496,
            496,
            496,
            496,
            496,
            496,
            496,
            496,
            496,
            496,
            496,
            496,
            496,
            496,
            496,
            236743,
            236770,
            236770
          ],
          "pipeline_state_compiles": 0,
          "ple_encoders": 0,
          "prefill_ms": 12001.203959,
          "prompt": "a a a a a a a a a a a a a a a a a a a a a a a a a a a a a a a a a a a a a a a a a a a a a a a a a a a a a a a a a a a a a a a a a a a a a a a a a a a a a a a a a a a a a a a a a a a a a a a a a a a a a a a a a a a a a a a a a a a a a a a a a a a a a a a a a a a a a a a a a a a a a a a a a a a a a a a a a a a a a a a a a a a a a a a a a a a a a a a a a a a a a a a a a a a a a a a a a a a a a a a a a a a a a a a a a a a a a a a a a a a a a a a a a a a a a a a a a a a a a a a a a a a a a a a a a a a a a a a ",
          "prompt_token_ids": [
            236746,
            496,
            496,
            496,
            496,
            496,
            496,
            496,
            496,
            496,
            496,
            496,
            496,
            496,
            496,
            496,
            496,
            496,
            496,
            496,
            496,
            496,
            496,
            496,
            496,
            496,
            496,
            496,
            496,
            496,
            496,
            496,
            496,
            496,
            496,
            496,
            496,
            496,
            496,
            496,
            496,
            496,
            496,
            496,
            496,
            496,
            496,
            496,
            496,
            496,
            496,
            496,
            496,
            496,
            496,
            496,
            496,
            496,
            496,
            496,
            496,
            496,
            496,
            496,
            496,
            496,
            496,
            496,
            496,
            496,
            496,
            496,
            496,
            496,
            496,
            496,
            496,
            496,
            496,
            496,
            496,
            496,
            496,
            496,
            496,
            496,
            496,
            496,
            496,
            496,
            496,
            496,
            496,
            496,
            496,
            496,
            496,
            496,
            496,
            496,
            496,
            496,
            496,
            496,
            496,
            496,
            496,
            496,
            496,
            496,
            496,
            496,
            496,
            496,
            496,
            496,
            496,
            496,
            496,
            496,
            496,
            496,
            496,
            496,
            496,
            496,
            496,
            496,
            496,
            496,
            496,
            496,
            496,
            496,
            496,
            496,
            496,
            496,
            496,
            496,
            496,
            496,
            496,
            496,
            496,
            496,
            496,
            496,
            496,
            496,
            496,
            496,
            496,
            496,
            496,
            496,
            496,
            496,
            496,
            496,
            496,
            496,
            496,
            496,
            496,
            496,
            496,
            496,
            496,
            496,
            496,
            496,
            496,
            496,
            496,
            496,
            496,
            496,
            496,
            496,
            496,
            496,
            496,
            496,
            496,
            496,
            496,
            496,
            496,
            496,
            496,
            496,
            496,
            496,
            496,
            496,
            496,
            496,
            496,
            496,
            496,
            496,
            496,
            496,
            496,
            496,
            496,
            496,
            496,
            496,
            496,
            496,
            496,
            496,
            496,
            496,
            496,
            496,
            496,
            496,
            496,
            496,
            496,
            496,
            496,
            496,
            496,
            496,
            496,
            496,
            496,
            496,
            496,
            496,
            496,
            496,
            496,
            496,
            496,
            496,
            496,
            496,
            496,
            496,
            496,
            496,
            496,
            496,
            496,
            496,
            496,
            496,
            496,
            496,
            496,
            236743
          ],
          "research_dispatch": {
            "counts": {
              "research_global_d512_split_coopkey_r8k8p64t128s32_merge": 16,
              "research_global_d512_split_coopkey_r8k8p64t128s32_partial": 16
            },
            "overflowed": false,
            "schema": "rvllm.metal.research-dispatch.v3"
          },
          "status": "pass",
          "tok_per_s": 5.925955195754997
        },
        {
          "command_buffer_wait_ns": 10944563459,
          "command_buffers": 3,
          "cpu_encode_ns": 17836666,
          "cpu_wall_ns": 10962400125,
          "decode_ms": 331.17341700000003,
          "embedding_encoders": 3,
          "encoder_counts_by_kernel_family": {
            "embedding": 3,
            "final_logits_diagnostic": 0,
            "final_sample": 6,
            "layer_body": 1632,
            "layer_scale_fused": 144,
            "ple_input": 0
          },
          "encoders": 1641,
          "final_logits_encoders": 0,
          "final_sample_encoders": 6,
          "finish_reason": "length",
          "forced_waits": 3,
          "generated_text": "11",
          "generated_token_ids": [
            236770,
            236770
          ],
          "hf_reference": null,
          "last_step_command_buffer_wait_ns": 159193167,
          "last_step_command_buffers": 1,
          "last_step_cpu_encode_ns": 6096875,
          "last_step_cpu_wall_ns": 165290042,
          "last_step_encoders": 580,
          "last_step_forced_waits": 1,
          "last_step_gpu_execution_ns": 158195583,
          "last_step_tokens": 1,
          "layer_encoders": 1632,
          "layer_scale_encoder_fusions": 144,
          "library_compiles": 0,
          "max_new_tokens": 2,
          "max_supported_total_tokens": 258,
          "name": "pp256-decode2-measure-1",
          "output_text": "a a a a a a a a a a a a a a a a a a a a a a a a a a a a a a a a a a a a a a a a a a a a a a a a a a a a a a a a a a a a a a a a a a a a a a a a a a a a a a a a a a a a a a a a a a a a a a a a a a a a a a a a a a a a a a a a a a a a a a a a a a a a a a a a a a a a a a a a a a a a a a a a a a a a a a a a a a a a a a a a a a a a a a a a a a a a a a a a a a a a a a a a a a a a a a a a a a a a a a a a a a a a a a a a a a a a a a a a a a a a a a a a a a a a a a a a a a a a a a a a a a a a a a a a a a a a a a a 11",
          "output_token_ids": [
            236746,
            496,
            496,
            496,
            496,
            496,
            496,
            496,
            496,
            496,
            496,
            496,
            496,
            496,
            496,
            496,
            496,
            496,
            496,
            496,
            496,
            496,
            496,
            496,
            496,
            496,
            496,
            496,
            496,
            496,
            496,
            496,
            496,
            496,
            496,
            496,
            496,
            496,
            496,
            496,
            496,
            496,
            496,
            496,
            496,
            496,
            496,
            496,
            496,
            496,
            496,
            496,
            496,
            496,
            496,
            496,
            496,
            496,
            496,
            496,
            496,
            496,
            496,
            496,
            496,
            496,
            496,
            496,
            496,
            496,
            496,
            496,
            496,
            496,
            496,
            496,
            496,
            496,
            496,
            496,
            496,
            496,
            496,
            496,
            496,
            496,
            496,
            496,
            496,
            496,
            496,
            496,
            496,
            496,
            496,
            496,
            496,
            496,
            496,
            496,
            496,
            496,
            496,
            496,
            496,
            496,
            496,
            496,
            496,
            496,
            496,
            496,
            496,
            496,
            496,
            496,
            496,
            496,
            496,
            496,
            496,
            496,
            496,
            496,
            496,
            496,
            496,
            496,
            496,
            496,
            496,
            496,
            496,
            496,
            496,
            496,
            496,
            496,
            496,
            496,
            496,
            496,
            496,
            496,
            496,
            496,
            496,
            496,
            496,
            496,
            496,
            496,
            496,
            496,
            496,
            496,
            496,
            496,
            496,
            496,
            496,
            496,
            496,
            496,
            496,
            496,
            496,
            496,
            496,
            496,
            496,
            496,
            496,
            496,
            496,
            496,
            496,
            496,
            496,
            496,
            496,
            496,
            496,
            496,
            496,
            496,
            496,
            496,
            496,
            496,
            496,
            496,
            496,
            496,
            496,
            496,
            496,
            496,
            496,
            496,
            496,
            496,
            496,
            496,
            496,
            496,
            496,
            496,
            496,
            496,
            496,
            496,
            496,
            496,
            496,
            496,
            496,
            496,
            496,
            496,
            496,
            496,
            496,
            496,
            496,
            496,
            496,
            496,
            496,
            496,
            496,
            496,
            496,
            496,
            496,
            496,
            496,
            496,
            496,
            496,
            496,
            496,
            496,
            496,
            496,
            496,
            496,
            496,
            496,
            496,
            496,
            496,
            496,
            496,
            496,
            236743,
            236770,
            236770
          ],
          "pipeline_state_compiles": 0,
          "ple_encoders": 0,
          "prefill_ms": 10631.273874999999,
          "prompt": "a a a a a a a a a a a a a a a a a a a a a a a a a a a a a a a a a a a a a a a a a a a a a a a a a a a a a a a a a a a a a a a a a a a a a a a a a a a a a a a a a a a a a a a a a a a a a a a a a a a a a a a a a a a a a a a a a a a a a a a a a a a a a a a a a a a a a a a a a a a a a a a a a a a a a a a a a a a a a a a a a a a a a a a a a a a a a a a a a a a a a a a a a a a a a a a a a a a a a a a a a a a a a a a a a a a a a a a a a a a a a a a a a a a a a a a a a a a a a a a a a a a a a a a a a a a a a a a ",
          "prompt_token_ids": [
            236746,
            496,
            496,
            496,
            496,
            496,
            496,
            496,
            496,
            496,
            496,
            496,
            496,
            496,
            496,
            496,
            496,
            496,
            496,
            496,
            496,
            496,
            496,
            496,
            496,
            496,
            496,
            496,
            496,
            496,
            496,
            496,
            496,
            496,
            496,
            496,
            496,
            496,
            496,
            496,
            496,
            496,
            496,
            496,
            496,
            496,
            496,
            496,
            496,
            496,
            496,
            496,
            496,
            496,
            496,
            496,
            496,
            496,
            496,
            496,
            496,
            496,
            496,
            496,
            496,
            496,
            496,
            496,
            496,
            496,
            496,
            496,
            496,
            496,
            496,
            496,
            496,
            496,
            496,
            496,
            496,
            496,
            496,
            496,
            496,
            496,
            496,
            496,
            496,
            496,
            496,
            496,
            496,
            496,
            496,
            496,
            496,
            496,
            496,
            496,
            496,
            496,
            496,
            496,
            496,
            496,
            496,
            496,
            496,
            496,
            496,
            496,
            496,
            496,
            496,
            496,
            496,
            496,
            496,
            496,
            496,
            496,
            496,
            496,
            496,
            496,
            496,
            496,
            496,
            496,
            496,
            496,
            496,
            496,
            496,
            496,
            496,
            496,
            496,
            496,
            496,
            496,
            496,
            496,
            496,
            496,
            496,
            496,
            496,
            496,
            496,
            496,
            496,
            496,
            496,
            496,
            496,
            496,
            496,
            496,
            496,
            496,
            496,
            496,
            496,
            496,
            496,
            496,
            496,
            496,
            496,
            496,
            496,
            496,
            496,
            496,
            496,
            496,
            496,
            496,
            496,
            496,
            496,
            496,
            496,
            496,
            496,
            496,
            496,
            496,
            496,
            496,
            496,
            496,
            496,
            496,
            496,
            496,
            496,
            496,
            496,
            496,
            496,
            496,
            496,
            496,
            496,
            496,
            496,
            496,
            496,
            496,
            496,
            496,
            496,
            496,
            496,
            496,
            496,
            496,
            496,
            496,
            496,
            496,
            496,
            496,
            496,
            496,
            496,
            496,
            496,
            496,
            496,
            496,
            496,
            496,
            496,
            496,
            496,
            496,
            496,
            496,
            496,
            496,
            496,
            496,
            496,
            496,
            496,
            496,
            496,
            496,
            496,
            496,
            496,
            236743
          ],
          "research_dispatch": {
            "counts": {
              "research_global_d512_split_coopkey_r8k8p64t128s32_merge": 16,
              "research_global_d512_split_coopkey_r8k8p64t128s32_partial": 16
            },
            "overflowed": false,
            "schema": "rvllm.metal.research-dispatch.v3"
          },
          "status": "pass",
          "tok_per_s": 6.039132059926174
        },
        {
          "command_buffer_wait_ns": 11615369916,
          "command_buffers": 3,
          "cpu_encode_ns": 18524376,
          "cpu_wall_ns": 11633894292,
          "decode_ms": 341.385375,
          "embedding_encoders": 3,
          "encoder_counts_by_kernel_family": {
            "embedding": 3,
            "final_logits_diagnostic": 0,
            "final_sample": 6,
            "layer_body": 1632,
            "layer_scale_fused": 144,
            "ple_input": 0
          },
          "encoders": 1641,
          "final_logits_encoders": 0,
          "final_sample_encoders": 6,
          "finish_reason": "length",
          "forced_waits": 3,
          "generated_text": "11",
          "generated_token_ids": [
            236770,
            236770
          ],
          "hf_reference": null,
          "last_step_command_buffer_wait_ns": 163949583,
          "last_step_command_buffers": 1,
          "last_step_cpu_encode_ns": 9387584,
          "last_step_cpu_wall_ns": 173337167,
          "last_step_encoders": 580,
          "last_step_forced_waits": 1,
          "last_step_gpu_execution_ns": 162697916,
          "last_step_tokens": 1,
          "layer_encoders": 1632,
          "layer_scale_encoder_fusions": 144,
          "library_compiles": 0,
          "max_new_tokens": 2,
          "max_supported_total_tokens": 258,
          "name": "pp256-decode2-measure-2",
          "output_text": "a a a a a a a a a a a a a a a a a a a a a a a a a a a a a a a a a a a a a a a a a a a a a a a a a a a a a a a a a a a a a a a a a a a a a a a a a a a a a a a a a a a a a a a a a a a a a a a a a a a a a a a a a a a a a a a a a a a a a a a a a a a a a a a a a a a a a a a a a a a a a a a a a a a a a a a a a a a a a a a a a a a a a a a a a a a a a a a a a a a a a a a a a a a a a a a a a a a a a a a a a a a a a a a a a a a a a a a a a a a a a a a a a a a a a a a a a a a a a a a a a a a a a a a a a a a a a a a 11",
          "output_token_ids": [
            236746,
            496,
            496,
            496,
            496,
            496,
            496,
            496,
            496,
            496,
            496,
            496,
            496,
            496,
            496,
            496,
            496,
            496,
            496,
            496,
            496,
            496,
            496,
            496,
            496,
            496,
            496,
            496,
            496,
            496,
            496,
            496,
            496,
            496,
            496,
            496,
            496,
            496,
            496,
            496,
            496,
            496,
            496,
            496,
            496,
            496,
            496,
            496,
            496,
            496,
            496,
            496,
            496,
            496,
            496,
            496,
            496,
            496,
            496,
            496,
            496,
            496,
            496,
            496,
            496,
            496,
            496,
            496,
            496,
            496,
            496,
            496,
            496,
            496,
            496,
            496,
            496,
            496,
            496,
            496,
            496,
            496,
            496,
            496,
            496,
            496,
            496,
            496,
            496,
            496,
            496,
            496,
            496,
            496,
            496,
            496,
            496,
            496,
            496,
            496,
            496,
            496,
            496,
            496,
            496,
            496,
            496,
            496,
            496,
            496,
            496,
            496,
            496,
            496,
            496,
            496,
            496,
            496,
            496,
            496,
            496,
            496,
            496,
            496,
            496,
            496,
            496,
            496,
            496,
            496,
            496,
            496,
            496,
            496,
            496,
            496,
            496,
            496,
            496,
            496,
            496,
            496,
            496,
            496,
            496,
            496,
            496,
            496,
            496,
            496,
            496,
            496,
            496,
            496,
            496,
            496,
            496,
            496,
            496,
            496,
            496,
            496,
            496,
            496,
            496,
            496,
            496,
            496,
            496,
            496,
            496,
            496,
            496,
            496,
            496,
            496,
            496,
            496,
            496,
            496,
            496,
            496,
            496,
            496,
            496,
            496,
            496,
            496,
            496,
            496,
            496,
            496,
            496,
            496,
            496,
            496,
            496,
            496,
            496,
            496,
            496,
            496,
            496,
            496,
            496,
            496,
            496,
            496,
            496,
            496,
            496,
            496,
            496,
            496,
            496,
            496,
            496,
            496,
            496,
            496,
            496,
            496,
            496,
            496,
            496,
            496,
            496,
            496,
            496,
            496,
            496,
            496,
            496,
            496,
            496,
            496,
            496,
            496,
            496,
            496,
            496,
            496,
            496,
            496,
            496,
            496,
            496,
            496,
            496,
            496,
            496,
            496,
            496,
            496,
            496,
            236743,
            236770,
            236770
          ],
          "pipeline_state_compiles": 0,
          "ple_encoders": 0,
          "prefill_ms": 11292.560207999999,
          "prompt": "a a a a a a a a a a a a a a a a a a a a a a a a a a a a a a a a a a a a a a a a a a a a a a a a a a a a a a a a a a a a a a a a a a a a a a a a a a a a a a a a a a a a a a a a a a a a a a a a a a a a a a a a a a a a a a a a a a a a a a a a a a a a a a a a a a a a a a a a a a a a a a a a a a a a a a a a a a a a a a a a a a a a a a a a a a a a a a a a a a a a a a a a a a a a a a a a a a a a a a a a a a a a a a a a a a a a a a a a a a a a a a a a a a a a a a a a a a a a a a a a a a a a a a a a a a a a a a a ",
          "prompt_token_ids": [
            236746,
            496,
            496,
            496,
            496,
            496,
            496,
            496,
            496,
            496,
            496,
            496,
            496,
            496,
            496,
            496,
            496,
            496,
            496,
            496,
            496,
            496,
            496,
            496,
            496,
            496,
            496,
            496,
            496,
            496,
            496,
            496,
            496,
            496,
            496,
            496,
            496,
            496,
            496,
            496,
            496,
            496,
            496,
            496,
            496,
            496,
            496,
            496,
            496,
            496,
            496,
            496,
            496,
            496,
            496,
            496,
            496,
            496,
            496,
            496,
            496,
            496,
            496,
            496,
            496,
            496,
            496,
            496,
            496,
            496,
            496,
            496,
            496,
            496,
            496,
            496,
            496,
            496,
            496,
            496,
            496,
            496,
            496,
            496,
            496,
            496,
            496,
            496,
            496,
            496,
            496,
            496,
            496,
            496,
            496,
            496,
            496,
            496,
            496,
            496,
            496,
            496,
            496,
            496,
            496,
            496,
            496,
            496,
            496,
            496,
            496,
            496,
            496,
            496,
            496,
            496,
            496,
            496,
            496,
            496,
            496,
            496,
            496,
            496,
            496,
            496,
            496,
            496,
            496,
            496,
            496,
            496,
            496,
            496,
            496,
            496,
            496,
            496,
            496,
            496,
            496,
            496,
            496,
            496,
            496,
            496,
            496,
            496,
            496,
            496,
            496,
            496,
            496,
            496,
            496,
            496,
            496,
            496,
            496,
            496,
            496,
            496,
            496,
            496,
            496,
            496,
            496,
            496,
            496,
            496,
            496,
            496,
            496,
            496,
            496,
            496,
            496,
            496,
            496,
            496,
            496,
            496,
            496,
            496,
            496,
            496,
            496,
            496,
            496,
            496,
            496,
            496,
            496,
            496,
            496,
            496,
            496,
            496,
            496,
            496,
            496,
            496,
            496,
            496,
            496,
            496,
            496,
            496,
            496,
            496,
            496,
            496,
            496,
            496,
            496,
            496,
            496,
            496,
            496,
            496,
            496,
            496,
            496,
            496,
            496,
            496,
            496,
            496,
            496,
            496,
            496,
            496,
            496,
            496,
            496,
            496,
            496,
            496,
            496,
            496,
            496,
            496,
            496,
            496,
            496,
            496,
            496,
            496,
            496,
            496,
            496,
            496,
            496,
            496,
            496,
            236743
          ],
          "research_dispatch": {
            "counts": {
              "research_global_d512_split_coopkey_r8k8p64t128s32_merge": 16,
              "research_global_d512_split_coopkey_r8k8p64t128s32_partial": 16
            },
            "overflowed": false,
            "schema": "rvllm.metal.research-dispatch.v3"
          },
          "status": "pass",
          "tok_per_s": 5.858481781769357
        }
      ],
      "checkpoint_complete": true,
      "checkpoint_completed_cases": 3,
      "checkpoint_total_cases": 3,
      "claim": "Apple Metal text inference workflow; not production-ready until acceptance gates pass",
      "command_buffer_wait_ns": 34851019960,
      "command_buffers": 9,
      "cpu_encode_ns": 83895498,
      "cpu_wall_ns": 34934915458,
      "debug_sync": false,
      "decode_ms": 1010.057125,
      "embedding_encoders": 9,
      "encoder_counts_by_kernel_family": {
        "embedding": 9,
        "final_logits_diagnostic": 0,
        "final_sample": 18,
        "layer_body": 4896,
        "layer_scale_fused": 432,
        "ple_input": 0
      },
      "encoders": 4923,
      "final_logits_encoders": 0,
      "final_sample_encoders": 18,
      "forced_waits": 9,
      "generated_tokens": 6,
      "large_model_opt_in": true,
      "last_step_command_buffer_wait_ns": 163949583,
      "last_step_command_buffers": 1,
      "last_step_cpu_encode_ns": 9387584,
      "last_step_cpu_wall_ns": 173337167,
      "last_step_encoders": 580,
      "last_step_forced_waits": 1,
      "last_step_gpu_execution_ns": 162697916,
      "last_step_tokens": 1,
      "layer_encoders": 4896,
      "layer_scale_encoder_fusions": 432,
      "library_compiles": 1,
      "max_supported_total_tokens": 258,
      "metal_compute_dtype": "bfloat16",
      "metal_moe_router_weight_dtype": "bfloat16",
      "metal_weight_dtype": "bfloat16",
      "model_dir": "/Users/george/.cache/huggingface/hub/models--google--gemma-4-12B-it/snapshots/707f0a3b8a3c7ad586ed01e27eafbad8a27dd0f7",
      "pipeline_state_compiles": 54,
      "ple_encoders": 0,
      "prefill_ms": 33925.038042,
      "prepare_ms": 19033.159541,
      "research_dispatch": {
        "counts": {
          "research_global_d512_split_coopkey_r8k8p64t128s32_merge": 48,
          "research_global_d512_split_coopkey_r8k8p64t128s32_partial": 48
        },
        "overflowed": false,
        "schema": "rvllm.metal.research-dispatch.v3"
      },
      "schema": "rvllm.apple_metal_text_session.v1",
      "status": "pass",
      "tok_per_s": 5.940258081937691,
      "total_ms": 53972.312417
    }
  ],
  "schema": "rvllm.apple_metal_text_session_profile.v1"
}
{
  "backend": "direct",
  "claim": "Apple Metal text session profile only; not production performance, ANE, external profiler, or production readiness evidence",
  "maximums": {
    "command_buffer_wait_ms": 34956.729415,
    "command_buffer_wait_ms_per_token": 5826.121569166667,
    "command_buffers_per_token": 1.5,
    "cpu_encode_ms": 60.513084,
    "cpu_encode_ms_per_token": 10.085514,
    "decode_ms": 999.140708,
    "encoders_per_token": 820.5,
    "forced_waits_per_token": 1.5,
    "latency_ms_per_token": 166.52345133333333,
    "layer_scale_fusions_per_token": 72.0,
    "prefill_ms": 34018.329708000005,
    "prepare_ms": 18854.075375,
    "tok_per_s": 6.00516018610664
  },
  "medians": {
    "command_buffer_wait_ms": 34956.729415,
    "command_buffer_wait_ms_per_token": 5826.121569166667,
    "command_buffers_per_token": 1.5,
    "cpu_encode_ms": 60.513084,
    "cpu_encode_ms_per_token": 10.085514,
    "decode_ms": 999.140708,
    "encoders_per_token": 820.5,
    "forced_waits_per_token": 1.5,
    "latency_ms_per_token": 166.52345133333333,
    "layer_scale_fusions_per_token": 72.0,
    "prefill_ms": 34018.329708000005,
    "prepare_ms": 18854.075375,
    "tok_per_s": 6.00516018610664
  },
  "metal_compute_dtype": "bfloat16",
  "metal_moe_router_weight_dtype": "bfloat16",
  "metal_weight_dtype": "bfloat16",
  "minimums": {
    "command_buffer_wait_ms": 34956.729415,
    "command_buffer_wait_ms_per_token": 5826.121569166667,
    "command_buffers_per_token": 1.5,
    "cpu_encode_ms": 60.513084,
    "cpu_encode_ms_per_token": 10.085514,
    "decode_ms": 999.140708,
    "encoders_per_token": 820.5,
    "forced_waits_per_token": 1.5,
    "latency_ms_per_token": 166.52345133333333,
    "layer_scale_fusions_per_token": 72.0,
    "prefill_ms": 34018.329708000005,
    "prepare_ms": 18854.075375,
    "tok_per_s": 6.00516018610664
  },
  "model_dir": "/Users/george/.cache/huggingface/hub/models--google--gemma-4-12B-it/snapshots/707f0a3b8a3c7ad586ed01e27eafbad8a27dd0f7",
  "sample_count": 1,
  "samples": [
    {
      "arena_bytes": 24718537248,
      "backend": "direct",
      "case_count": 3,
      "cases": [
        {
          "command_buffer_wait_ns": 12286730250,
          "command_buffers": 3,
          "cpu_encode_ns": 26790958,
          "cpu_wall_ns": 12313521208,
          "decode_ms": 332.695542,
          "embedding_encoders": 3,
          "encoder_counts_by_kernel_family": {
            "embedding": 3,
            "final_logits_diagnostic": 0,
            "final_sample": 6,
            "layer_body": 1632,
            "layer_scale_fused": 144,
            "ple_input": 0
          },
          "encoders": 1641,
          "final_logits_encoders": 0,
          "final_sample_encoders": 6,
          "finish_reason": "length",
          "forced_waits": 3,
          "generated_text": "11",
          "generated_token_ids": [
            236770,
            236770
          ],
          "hf_reference": null,
          "last_step_command_buffer_wait_ns": 159421083,
          "last_step_command_buffers": 1,
          "last_step_cpu_encode_ns": 6034375,
          "last_step_cpu_wall_ns": 165455458,
          "last_step_encoders": 580,
          "last_step_forced_waits": 1,
          "last_step_gpu_execution_ns": 158381541,
          "last_step_tokens": 1,
          "layer_encoders": 1632,
          "layer_scale_encoder_fusions": 144,
          "library_compiles": 0,
          "max_new_tokens": 2,
          "max_supported_total_tokens": 258,
          "name": "pp256-decode2-warmup",
          "output_text": "a a a a a a a a a a a a a a a a a a a a a a a a a a a a a a a a a a a a a a a a a a a a a a a a a a a a a a a a a a a a a a a a a a a a a a a a a a a a a a a a a a a a a a a a a a a a a a a a a a a a a a a a a a a a a a a a a a a a a a a a a a a a a a a a a a a a a a a a a a a a a a a a a a a a a a a a a a a a a a a a a a a a a a a a a a a a a a a a a a a a a a a a a a a a a a a a a a a a a a a a a a a a a a a a a a a a a a a a a a a a a a a a a a a a a a a a a a a a a a a a a a a a a a a a a a a a a a a 11",
          "output_token_ids": [
            236746,
            496,
            496,
            496,
            496,
            496,
            496,
            496,
            496,
            496,
            496,
            496,
            496,
            496,
            496,
            496,
            496,
            496,
            496,
            496,
            496,
            496,
            496,
            496,
            496,
            496,
            496,
            496,
            496,
            496,
            496,
            496,
            496,
            496,
            496,
            496,
            496,
            496,
            496,
            496,
            496,
            496,
            496,
            496,
            496,
            496,
            496,
            496,
            496,
            496,
            496,
            496,
            496,
            496,
            496,
            496,
            496,
            496,
            496,
            496,
            496,
            496,
            496,
            496,
            496,
            496,
            496,
            496,
            496,
            496,
            496,
            496,
            496,
            496,
            496,
            496,
            496,
            496,
            496,
            496,
            496,
            496,
            496,
            496,
            496,
            496,
            496,
            496,
            496,
            496,
            496,
            496,
            496,
            496,
            496,
            496,
            496,
            496,
            496,
            496,
            496,
            496,
            496,
            496,
            496,
            496,
            496,
            496,
            496,
            496,
            496,
            496,
            496,
            496,
            496,
            496,
            496,
            496,
            496,
            496,
            496,
            496,
            496,
            496,
            496,
            496,
            496,
            496,
            496,
            496,
            496,
            496,
            496,
            496,
            496,
            496,
            496,
            496,
            496,
            496,
            496,
            496,
            496,
            496,
            496,
            496,
            496,
            496,
            496,
            496,
            496,
            496,
            496,
            496,
            496,
            496,
            496,
            496,
            496,
            496,
            496,
            496,
            496,
            496,
            496,
            496,
            496,
            496,
            496,
            496,
            496,
            496,
            496,
            496,
            496,
            496,
            496,
            496,
            496,
            496,
            496,
            496,
            496,
            496,
            496,
            496,
            496,
            496,
            496,
            496,
            496,
            496,
            496,
            496,
            496,
            496,
            496,
            496,
            496,
            496,
            496,
            496,
            496,
            496,
            496,
            496,
            496,
            496,
            496,
            496,
            496,
            496,
            496,
            496,
            496,
            496,
            496,
            496,
            496,
            496,
            496,
            496,
            496,
            496,
            496,
            496,
            496,
            496,
            496,
            496,
            496,
            496,
            496,
            496,
            496,
            496,
            496,
            496,
            496,
            496,
            496,
            496,
            496,
            496,
            496,
            496,
            496,
            496,
            496,
            496,
            496,
            496,
            496,
            496,
            496,
            236743,
            236770,
            236770
          ],
          "pipeline_state_compiles": 0,
          "ple_encoders": 0,
          "prefill_ms": 11980.935125,
          "prompt": "a a a a a a a a a a a a a a a a a a a a a a a a a a a a a a a a a a a a a a a a a a a a a a a a a a a a a a a a a a a a a a a a a a a a a a a a a a a a a a a a a a a a a a a a a a a a a a a a a a a a a a a a a a a a a a a a a a a a a a a a a a a a a a a a a a a a a a a a a a a a a a a a a a a a a a a a a a a a a a a a a a a a a a a a a a a a a a a a a a a a a a a a a a a a a a a a a a a a a a a a a a a a a a a a a a a a a a a a a a a a a a a a a a a a a a a a a a a a a a a a a a a a a a a a a a a a a a a ",
          "prompt_token_ids": [
            236746,
            496,
            496,
            496,
            496,
            496,
            496,
            496,
            496,
            496,
            496,
            496,
            496,
            496,
            496,
            496,
            496,
            496,
            496,
            496,
            496,
            496,
            496,
            496,
            496,
            496,
            496,
            496,
            496,
            496,
            496,
            496,
            496,
            496,
            496,
            496,
            496,
            496,
            496,
            496,
            496,
            496,
            496,
            496,
            496,
            496,
            496,
            496,
            496,
            496,
            496,
            496,
            496,
            496,
            496,
            496,
            496,
            496,
            496,
            496,
            496,
            496,
            496,
            496,
            496,
            496,
            496,
            496,
            496,
            496,
            496,
            496,
            496,
            496,
            496,
            496,
            496,
            496,
            496,
            496,
            496,
            496,
            496,
            496,
            496,
            496,
            496,
            496,
            496,
            496,
            496,
            496,
            496,
            496,
            496,
            496,
            496,
            496,
            496,
            496,
            496,
            496,
            496,
            496,
            496,
            496,
            496,
            496,
            496,
            496,
            496,
            496,
            496,
            496,
            496,
            496,
            496,
            496,
            496,
            496,
            496,
            496,
            496,
            496,
            496,
            496,
            496,
            496,
            496,
            496,
            496,
            496,
            496,
            496,
            496,
            496,
            496,
            496,
            496,
            496,
            496,
            496,
            496,
            496,
            496,
            496,
            496,
            496,
            496,
            496,
            496,
            496,
            496,
            496,
            496,
            496,
            496,
            496,
            496,
            496,
            496,
            496,
            496,
            496,
            496,
            496,
            496,
            496,
            496,
            496,
            496,
            496,
            496,
            496,
            496,
            496,
            496,
            496,
            496,
            496,
            496,
            496,
            496,
            496,
            496,
            496,
            496,
            496,
            496,
            496,
            496,
            496,
            496,
            496,
            496,
            496,
            496,
            496,
            496,
            496,
            496,
            496,
            496,
            496,
            496,
            496,
            496,
            496,
            496,
            496,
            496,
            496,
            496,
            496,
            496,
            496,
            496,
            496,
            496,
            496,
            496,
            496,
            496,
            496,
            496,
            496,
            496,
            496,
            496,
            496,
            496,
            496,
            496,
            496,
            496,
            496,
            496,
            496,
            496,
            496,
            496,
            496,
            496,
            496,
            496,
            496,
            496,
            496,
            496,
            496,
            496,
            496,
            496,
            496,
            496,
            236743
          ],
          "research_dispatch": {
            "counts": {
              "research_global_d512_split_coopkey_r8k8p64t128s32_merge": 16,
              "research_global_d512_split_coopkey_r8k8p64t128s32_partial": 16
            },
            "overflowed": false,
            "schema": "rvllm.metal.research-dispatch.v3"
          },
          "status": "pass",
          "tok_per_s": 6.0115022521101285
        },
        {
          "command_buffer_wait_ns": 11053164082,
          "command_buffers": 3,
          "cpu_encode_ns": 16836501,
          "cpu_wall_ns": 11070000583,
          "decode_ms": 331.89375,
          "embedding_encoders": 3,
          "encoder_counts_by_kernel_family": {
            "embedding": 3,
            "final_logits_diagnostic": 0,
            "final_sample": 6,
            "layer_body": 1632,
            "layer_scale_fused": 144,
            "ple_input": 0
          },
          "encoders": 1641,
          "final_logits_encoders": 0,
          "final_sample_encoders": 6,
          "finish_reason": "length",
          "forced_waits": 3,
          "generated_text": "11",
          "generated_token_ids": [
            236770,
            236770
          ],
          "hf_reference": null,
          "last_step_command_buffer_wait_ns": 160815958,
          "last_step_command_buffers": 1,
          "last_step_cpu_encode_ns": 5663375,
          "last_step_cpu_wall_ns": 166479333,
          "last_step_encoders": 580,
          "last_step_forced_waits": 1,
          "last_step_gpu_execution_ns": 159839708,
          "last_step_tokens": 1,
          "layer_encoders": 1632,
          "layer_scale_encoder_fusions": 144,
          "library_compiles": 0,
          "max_new_tokens": 2,
          "max_supported_total_tokens": 258,
          "name": "pp256-decode2-measure-1",
          "output_text": "a a a a a a a a a a a a a a a a a a a a a a a a a a a a a a a a a a a a a a a a a a a a a a a a a a a a a a a a a a a a a a a a a a a a a a a a a a a a a a a a a a a a a a a a a a a a a a a a a a a a a a a a a a a a a a a a a a a a a a a a a a a a a a a a a a a a a a a a a a a a a a a a a a a a a a a a a a a a a a a a a a a a a a a a a a a a a a a a a a a a a a a a a a a a a a a a a a a a a a a a a a a a a a a a a a a a a a a a a a a a a a a a a a a a a a a a a a a a a a a a a a a a a a a a a a a a a a a 11",
          "output_token_ids": [
            236746,
            496,
            496,
            496,
            496,
            496,
            496,
            496,
            496,
            496,
            496,
            496,
            496,
            496,
            496,
            496,
            496,
            496,
            496,
            496,
            496,
            496,
            496,
            496,
            496,
            496,
            496,
            496,
            496,
            496,
            496,
            496,
            496,
            496,
            496,
            496,
            496,
            496,
            496,
            496,
            496,
            496,
            496,
            496,
            496,
            496,
            496,
            496,
            496,
            496,
            496,
            496,
            496,
            496,
            496,
            496,
            496,
            496,
            496,
            496,
            496,
            496,
            496,
            496,
            496,
            496,
            496,
            496,
            496,
            496,
            496,
            496,
            496,
            496,
            496,
            496,
            496,
            496,
            496,
            496,
            496,
            496,
            496,
            496,
            496,
            496,
            496,
            496,
            496,
            496,
            496,
            496,
            496,
            496,
            496,
            496,
            496,
            496,
            496,
            496,
            496,
            496,
            496,
            496,
            496,
            496,
            496,
            496,
            496,
            496,
            496,
            496,
            496,
            496,
            496,
            496,
            496,
            496,
            496,
            496,
            496,
            496,
            496,
            496,
            496,
            496,
            496,
            496,
            496,
            496,
            496,
            496,
            496,
            496,
            496,
            496,
            496,
            496,
            496,
            496,
            496,
            496,
            496,
            496,
            496,
            496,
            496,
            496,
            496,
            496,
            496,
            496,
            496,
            496,
            496,
            496,
            496,
            496,
            496,
            496,
            496,
            496,
            496,
            496,
            496,
            496,
            496,
            496,
            496,
            496,
            496,
            496,
            496,
            496,
            496,
            496,
            496,
            496,
            496,
            496,
            496,
            496,
            496,
            496,
            496,
            496,
            496,
            496,
            496,
            496,
            496,
            496,
            496,
            496,
            496,
            496,
            496,
            496,
            496,
            496,
            496,
            496,
            496,
            496,
            496,
            496,
            496,
            496,
            496,
            496,
            496,
            496,
            496,
            496,
            496,
            496,
            496,
            496,
            496,
            496,
            496,
            496,
            496,
            496,
            496,
            496,
            496,
            496,
            496,
            496,
            496,
            496,
            496,
            496,
            496,
            496,
            496,
            496,
            496,
            496,
            496,
            496,
            496,
            496,
            496,
            496,
            496,
            496,
            496,
            496,
            496,
            496,
            496,
            496,
            496,
            236743,
            236770,
            236770
          ],
          "pipeline_state_compiles": 0,
          "ple_encoders": 0,
          "prefill_ms": 10738.164667,
          "prompt": "a a a a a a a a a a a a a a a a a a a a a a a a a a a a a a a a a a a a a a a a a a a a a a a a a a a a a a a a a a a a a a a a a a a a a a a a a a a a a a a a a a a a a a a a a a a a a a a a a a a a a a a a a a a a a a a a a a a a a a a a a a a a a a a a a a a a a a a a a a a a a a a a a a a a a a a a a a a a a a a a a a a a a a a a a a a a a a a a a a a a a a a a a a a a a a a a a a a a a a a a a a a a a a a a a a a a a a a a a a a a a a a a a a a a a a a a a a a a a a a a a a a a a a a a a a a a a a a ",
          "prompt_token_ids": [
            236746,
            496,
            496,
            496,
            496,
            496,
            496,
            496,
            496,
            496,
            496,
            496,
            496,
            496,
            496,
            496,
            496,
            496,
            496,
            496,
            496,
            496,
            496,
            496,
            496,
            496,
            496,
            496,
            496,
            496,
            496,
            496,
            496,
            496,
            496,
            496,
            496,
            496,
            496,
            496,
            496,
            496,
            496,
            496,
            496,
            496,
            496,
            496,
            496,
            496,
            496,
            496,
            496,
            496,
            496,
            496,
            496,
            496,
            496,
            496,
            496,
            496,
            496,
            496,
            496,
            496,
            496,
            496,
            496,
            496,
            496,
            496,
            496,
            496,
            496,
            496,
            496,
            496,
            496,
            496,
            496,
            496,
            496,
            496,
            496,
            496,
            496,
            496,
            496,
            496,
            496,
            496,
            496,
            496,
            496,
            496,
            496,
            496,
            496,
            496,
            496,
            496,
            496,
            496,
            496,
            496,
            496,
            496,
            496,
            496,
            496,
            496,
            496,
            496,
            496,
            496,
            496,
            496,
            496,
            496,
            496,
            496,
            496,
            496,
            496,
            496,
            496,
            496,
            496,
            496,
            496,
            496,
            496,
            496,
            496,
            496,
            496,
            496,
            496,
            496,
            496,
            496,
            496,
            496,
            496,
            496,
            496,
            496,
            496,
            496,
            496,
            496,
            496,
            496,
            496,
            496,
            496,
            496,
            496,
            496,
            496,
            496,
            496,
            496,
            496,
            496,
            496,
            496,
            496,
            496,
            496,
            496,
            496,
            496,
            496,
            496,
            496,
            496,
            496,
            496,
            496,
            496,
            496,
            496,
            496,
            496,
            496,
            496,
            496,
            496,
            496,
            496,
            496,
            496,
            496,
            496,
            496,
            496,
            496,
            496,
            496,
            496,
            496,
            496,
            496,
            496,
            496,
            496,
            496,
            496,
            496,
            496,
            496,
            496,
            496,
            496,
            496,
            496,
            496,
            496,
            496,
            496,
            496,
            496,
            496,
            496,
            496,
            496,
            496,
            496,
            496,
            496,
            496,
            496,
            496,
            496,
            496,
            496,
            496,
            496,
            496,
            496,
            496,
            496,
            496,
            496,
            496,
            496,
            496,
            496,
            496,
            496,
            496,
            496,
            496,
            236743
          ],
          "research_dispatch": {
            "counts": {
              "research_global_d512_split_coopkey_r8k8p64t128s32_merge": 16,
              "research_global_d512_split_coopkey_r8k8p64t128s32_partial": 16
            },
            "overflowed": false,
            "schema": "rvllm.metal.research-dispatch.v3"
          },
          "status": "pass",
          "tok_per_s": 6.026024895015348
        },
        {
          "command_buffer_wait_ns": 11616835083,
          "command_buffers": 3,
          "cpu_encode_ns": 16885625,
          "cpu_wall_ns": 11633720708,
          "decode_ms": 334.551416,
          "embedding_encoders": 3,
          "encoder_counts_by_kernel_family": {
            "embedding": 3,
            "final_logits_diagnostic": 0,
            "final_sample": 6,
            "layer_body": 1632,
            "layer_scale_fused": 144,
            "ple_input": 0
          },
          "encoders": 1641,
          "final_logits_encoders": 0,
          "final_sample_encoders": 6,
          "finish_reason": "length",
          "forced_waits": 3,
          "generated_text": "11",
          "generated_token_ids": [
            236770,
            236770
          ],
          "hf_reference": null,
          "last_step_command_buffer_wait_ns": 161902750,
          "last_step_command_buffers": 1,
          "last_step_cpu_encode_ns": 6041500,
          "last_step_cpu_wall_ns": 167944250,
          "last_step_encoders": 580,
          "last_step_forced_waits": 1,
          "last_step_gpu_execution_ns": 160905624,
          "last_step_tokens": 1,
          "layer_encoders": 1632,
          "layer_scale_encoder_fusions": 144,
          "library_compiles": 0,
          "max_new_tokens": 2,
          "max_supported_total_tokens": 258,
          "name": "pp256-decode2-measure-2",
          "output_text": "a a a a a a a a a a a a a a a a a a a a a a a a a a a a a a a a a a a a a a a a a a a a a a a a a a a a a a a a a a a a a a a a a a a a a a a a a a a a a a a a a a a a a a a a a a a a a a a a a a a a a a a a a a a a a a a a a a a a a a a a a a a a a a a a a a a a a a a a a a a a a a a a a a a a a a a a a a a a a a a a a a a a a a a a a a a a a a a a a a a a a a a a a a a a a a a a a a a a a a a a a a a a a a a a a a a a a a a a a a a a a a a a a a a a a a a a a a a a a a a a a a a a a a a a a a a a a a a 11",
          "output_token_ids": [
            236746,
            496,
            496,
            496,
            496,
            496,
            496,
            496,
            496,
            496,
            496,
            496,
            496,
            496,
            496,
            496,
            496,
            496,
            496,
            496,
            496,
            496,
            496,
            496,
            496,
            496,
            496,
            496,
            496,
            496,
            496,
            496,
            496,
            496,
            496,
            496,
            496,
            496,
            496,
            496,
            496,
            496,
            496,
            496,
            496,
            496,
            496,
            496,
            496,
            496,
            496,
            496,
            496,
            496,
            496,
            496,
            496,
            496,
            496,
            496,
            496,
            496,
            496,
            496,
            496,
            496,
            496,
            496,
            496,
            496,
            496,
            496,
            496,
            496,
            496,
            496,
            496,
            496,
            496,
            496,
            496,
            496,
            496,
            496,
            496,
            496,
            496,
            496,
            496,
            496,
            496,
            496,
            496,
            496,
            496,
            496,
            496,
            496,
            496,
            496,
            496,
            496,
            496,
            496,
            496,
            496,
            496,
            496,
            496,
            496,
            496,
            496,
            496,
            496,
            496,
            496,
            496,
            496,
            496,
            496,
            496,
            496,
            496,
            496,
            496,
            496,
            496,
            496,
            496,
            496,
            496,
            496,
            496,
            496,
            496,
            496,
            496,
            496,
            496,
            496,
            496,
            496,
            496,
            496,
            496,
            496,
            496,
            496,
            496,
            496,
            496,
            496,
            496,
            496,
            496,
            496,
            496,
            496,
            496,
            496,
            496,
            496,
            496,
            496,
            496,
            496,
            496,
            496,
            496,
            496,
            496,
            496,
            496,
            496,
            496,
            496,
            496,
            496,
            496,
            496,
            496,
            496,
            496,
            496,
            496,
            496,
            496,
            496,
            496,
            496,
            496,
            496,
            496,
            496,
            496,
            496,
            496,
            496,
            496,
            496,
            496,
            496,
            496,
            496,
            496,
            496,
            496,
            496,
            496,
            496,
            496,
            496,
            496,
            496,
            496,
            496,
            496,
            496,
            496,
            496,
            496,
            496,
            496,
            496,
            496,
            496,
            496,
            496,
            496,
            496,
            496,
            496,
            496,
            496,
            496,
            496,
            496,
            496,
            496,
            496,
            496,
            496,
            496,
            496,
            496,
            496,
            496,
            496,
            496,
            496,
            496,
            496,
            496,
            496,
            496,
            236743,
            236770,
            236770
          ],
          "pipeline_state_compiles": 0,
          "ple_encoders": 0,
          "prefill_ms": 11299.229916,
          "prompt": "a a a a a a a a a a a a a a a a a a a a a a a a a a a a a a a a a a a a a a a a a a a a a a a a a a a a a a a a a a a a a a a a a a a a a a a a a a a a a a a a a a a a a a a a a a a a a a a a a a a a a a a a a a a a a a a a a a a a a a a a a a a a a a a a a a a a a a a a a a a a a a a a a a a a a a a a a a a a a a a a a a a a a a a a a a a a a a a a a a a a a a a a a a a a a a a a a a a a a a a a a a a a a a a a a a a a a a a a a a a a a a a a a a a a a a a a a a a a a a a a a a a a a a a a a a a a a a a ",
          "prompt_token_ids": [
            236746,
            496,
            496,
            496,
            496,
            496,
            496,
            496,
            496,
            496,
            496,
            496,
            496,
            496,
            496,
            496,
            496,
            496,
            496,
            496,
            496,
            496,
            496,
            496,
            496,
            496,
            496,
            496,
            496,
            496,
            496,
            496,
            496,
            496,
            496,
            496,
            496,
            496,
            496,
            496,
            496,
            496,
            496,
            496,
            496,
            496,
            496,
            496,
            496,
            496,
            496,
            496,
            496,
            496,
            496,
            496,
            496,
            496,
            496,
            496,
            496,
            496,
            496,
            496,
            496,
            496,
            496,
            496,
            496,
            496,
            496,
            496,
            496,
            496,
            496,
            496,
            496,
            496,
            496,
            496,
            496,
            496,
            496,
            496,
            496,
            496,
            496,
            496,
            496,
            496,
            496,
            496,
            496,
            496,
            496,
            496,
            496,
            496,
            496,
            496,
            496,
            496,
            496,
            496,
            496,
            496,
            496,
            496,
            496,
            496,
            496,
            496,
            496,
            496,
            496,
            496,
            496,
            496,
            496,
            496,
            496,
            496,
            496,
            496,
            496,
            496,
            496,
            496,
            496,
            496,
            496,
            496,
            496,
            496,
            496,
            496,
            496,
            496,
            496,
            496,
            496,
            496,
            496,
            496,
            496,
            496,
            496,
            496,
            496,
            496,
            496,
            496,
            496,
            496,
            496,
            496,
            496,
            496,
            496,
            496,
            496,
            496,
            496,
            496,
            496,
            496,
            496,
            496,
            496,
            496,
            496,
            496,
            496,
            496,
            496,
            496,
            496,
            496,
            496,
            496,
            496,
            496,
            496,
            496,
            496,
            496,
            496,
            496,
            496,
            496,
            496,
            496,
            496,
            496,
            496,
            496,
            496,
            496,
            496,
            496,
            496,
            496,
            496,
            496,
            496,
            496,
            496,
            496,
            496,
            496,
            496,
            496,
            496,
            496,
            496,
            496,
            496,
            496,
            496,
            496,
            496,
            496,
            496,
            496,
            496,
            496,
            496,
            496,
            496,
            496,
            496,
            496,
            496,
            496,
            496,
            496,
            496,
            496,
            496,
            496,
            496,
            496,
            496,
            496,
            496,
            496,
            496,
            496,
            496,
            496,
            496,
            496,
            496,
            496,
            496,
            236743
          ],
          "research_dispatch": {
            "counts": {
              "research_global_d512_split_coopkey_r8k8p64t128s32_merge": 16,
              "research_global_d512_split_coopkey_r8k8p64t128s32_partial": 16
            },
            "overflowed": false,
            "schema": "rvllm.metal.research-dispatch.v3"
          },
          "status": "pass",
          "tok_per_s": 5.978154341454051
        }
      ],
      "checkpoint_complete": true,
      "checkpoint_completed_cases": 3,
      "checkpoint_total_cases": 3,
      "claim": "Apple Metal text inference workflow; not production-ready until acceptance gates pass",
      "command_buffer_wait_ns": 34956729415,
      "command_buffers": 9,
      "cpu_encode_ns": 60513084,
      "cpu_wall_ns": 35017242499,
      "debug_sync": false,
      "decode_ms": 999.140708,
      "embedding_encoders": 9,
      "encoder_counts_by_kernel_family": {
        "embedding": 9,
        "final_logits_diagnostic": 0,
        "final_sample": 18,
        "layer_body": 4896,
        "layer_scale_fused": 432,
        "ple_input": 0
      },
      "encoders": 4923,
      "final_logits_encoders": 0,
      "final_sample_encoders": 18,
      "forced_waits": 9,
      "generated_tokens": 6,
      "large_model_opt_in": true,
      "last_step_command_buffer_wait_ns": 161902750,
      "last_step_command_buffers": 1,
      "last_step_cpu_encode_ns": 6041500,
      "last_step_cpu_wall_ns": 167944250,
      "last_step_encoders": 580,
      "last_step_forced_waits": 1,
      "last_step_gpu_execution_ns": 160905624,
      "last_step_tokens": 1,
      "layer_encoders": 4896,
      "layer_scale_encoder_fusions": 432,
      "library_compiles": 1,
      "max_supported_total_tokens": 258,
      "metal_compute_dtype": "bfloat16",
      "metal_moe_router_weight_dtype": "bfloat16",
      "metal_weight_dtype": "bfloat16",
      "model_dir": "/Users/george/.cache/huggingface/hub/models--google--gemma-4-12B-it/snapshots/707f0a3b8a3c7ad586ed01e27eafbad8a27dd0f7",
      "pipeline_state_compiles": 54,
      "ple_encoders": 0,
      "prefill_ms": 34018.329708000005,
      "prepare_ms": 18854.075375,
      "research_dispatch": {
        "counts": {
          "research_global_d512_split_coopkey_r8k8p64t128s32_merge": 48,
          "research_global_d512_split_coopkey_r8k8p64t128s32_partial": 48
        },
        "overflowed": false,
        "schema": "rvllm.metal.research-dispatch.v3"
      },
      "schema": "rvllm.apple_metal_text_session.v1",
      "status": "pass",
      "tok_per_s": 6.00516018610664,
      "total_ms": 53875.862625
    }
  ],
  "schema": "rvllm.apple_metal_text_session_profile.v1"
}
{
  "backend": "direct",
  "claim": "Apple Metal text session profile only; not production performance, ANE, external profiler, or production readiness evidence",
  "maximums": {
    "command_buffer_wait_ms": 34568.081291,
    "command_buffer_wait_ms_per_token": 5761.346881833334,
    "command_buffers_per_token": 1.5,
    "cpu_encode_ms": 78.11871,
    "cpu_encode_ms_per_token": 13.019784999999999,
    "decode_ms": 1066.501709,
    "encoders_per_token": 820.5,
    "forced_waits_per_token": 1.5,
    "latency_ms_per_token": 177.75028483333332,
    "layer_scale_fusions_per_token": 72.0,
    "prefill_ms": 33579.93225,
    "prepare_ms": 19890.631292,
    "tok_per_s": 5.625870028493316
  },
  "medians": {
    "command_buffer_wait_ms": 34568.081291,
    "command_buffer_wait_ms_per_token": 5761.346881833334,
    "command_buffers_per_token": 1.5,
    "cpu_encode_ms": 78.11871,
    "cpu_encode_ms_per_token": 13.019784999999999,
    "decode_ms": 1066.501709,
    "encoders_per_token": 820.5,
    "forced_waits_per_token": 1.5,
    "latency_ms_per_token": 177.75028483333332,
    "layer_scale_fusions_per_token": 72.0,
    "prefill_ms": 33579.93225,
    "prepare_ms": 19890.631292,
    "tok_per_s": 5.625870028493316
  },
  "metal_compute_dtype": "bfloat16",
  "metal_moe_router_weight_dtype": "bfloat16",
  "metal_weight_dtype": "bfloat16",
  "minimums": {
    "command_buffer_wait_ms": 34568.081291,
    "command_buffer_wait_ms_per_token": 5761.346881833334,
    "command_buffers_per_token": 1.5,
    "cpu_encode_ms": 78.11871,
    "cpu_encode_ms_per_token": 13.019784999999999,
    "decode_ms": 1066.501709,
    "encoders_per_token": 820.5,
    "forced_waits_per_token": 1.5,
    "latency_ms_per_token": 177.75028483333332,
    "layer_scale_fusions_per_token": 72.0,
    "prefill_ms": 33579.93225,
    "prepare_ms": 19890.631292,
    "tok_per_s": 5.625870028493316
  },
  "model_dir": "/Users/george/.cache/huggingface/hub/models--google--gemma-4-12B-it/snapshots/707f0a3b8a3c7ad586ed01e27eafbad8a27dd0f7",
  "sample_count": 1,
  "samples": [
    {
      "arena_bytes": 24716958240,
      "backend": "direct",
      "case_count": 3,
      "cases": [
        {
          "command_buffer_wait_ns": 12230645125,
          "command_buffers": 3,
          "cpu_encode_ns": 41944709,
          "cpu_wall_ns": 12272589834,
          "decode_ms": 356.63050000000004,
          "embedding_encoders": 3,
          "encoder_counts_by_kernel_family": {
            "embedding": 3,
            "final_logits_diagnostic": 0,
            "final_sample": 6,
            "layer_body": 1632,
            "layer_scale_fused": 144,
            "ple_input": 0
          },
          "encoders": 1641,
          "final_logits_encoders": 0,
          "final_sample_encoders": 6,
          "finish_reason": "length",
          "forced_waits": 3,
          "generated_text": "11",
          "generated_token_ids": [
            236770,
            236770
          ],
          "hf_reference": null,
          "last_step_command_buffer_wait_ns": 168406542,
          "last_step_command_buffers": 1,
          "last_step_cpu_encode_ns": 6446542,
          "last_step_cpu_wall_ns": 174853084,
          "last_step_encoders": 580,
          "last_step_forced_waits": 1,
          "last_step_gpu_execution_ns": 167678666,
          "last_step_tokens": 1,
          "layer_encoders": 1632,
          "layer_scale_encoder_fusions": 144,
          "library_compiles": 0,
          "max_new_tokens": 2,
          "max_supported_total_tokens": 258,
          "name": "pp256-decode2-warmup",
          "output_text": "a a a a a a a a a a a a a a a a a a a a a a a a a a a a a a a a a a a a a a a a a a a a a a a a a a a a a a a a a a a a a a a a a a a a a a a a a a a a a a a a a a a a a a a a a a a a a a a a a a a a a a a a a a a a a a a a a a a a a a a a a a a a a a a a a a a a a a a a a a a a a a a a a a a a a a a a a a a a a a a a a a a a a a a a a a a a a a a a a a a a a a a a a a a a a a a a a a a a a a a a a a a a a a a a a a a a a a a a a a a a a a a a a a a a a a a a a a a a a a a a a a a a a a a a a a a a a a a 11",
          "output_token_ids": [
            236746,
            496,
            496,
            496,
            496,
            496,
            496,
            496,
            496,
            496,
            496,
            496,
            496,
            496,
            496,
            496,
            496,
            496,
            496,
            496,
            496,
            496,
            496,
            496,
            496,
            496,
            496,
            496,
            496,
            496,
            496,
            496,
            496,
            496,
            496,
            496,
            496,
            496,
            496,
            496,
            496,
            496,
            496,
            496,
            496,
            496,
            496,
            496,
            496,
            496,
            496,
            496,
            496,
            496,
            496,
            496,
            496,
            496,
            496,
            496,
            496,
            496,
            496,
            496,
            496,
            496,
            496,
            496,
            496,
            496,
            496,
            496,
            496,
            496,
            496,
            496,
            496,
            496,
            496,
            496,
            496,
            496,
            496,
            496,
            496,
            496,
            496,
            496,
            496,
            496,
            496,
            496,
            496,
            496,
            496,
            496,
            496,
            496,
            496,
            496,
            496,
            496,
            496,
            496,
            496,
            496,
            496,
            496,
            496,
            496,
            496,
            496,
            496,
            496,
            496,
            496,
            496,
            496,
            496,
            496,
            496,
            496,
            496,
            496,
            496,
            496,
            496,
            496,
            496,
            496,
            496,
            496,
            496,
            496,
            496,
            496,
            496,
            496,
            496,
            496,
            496,
            496,
            496,
            496,
            496,
            496,
            496,
            496,
            496,
            496,
            496,
            496,
            496,
            496,
            496,
            496,
            496,
            496,
            496,
            496,
            496,
            496,
            496,
            496,
            496,
            496,
            496,
            496,
            496,
            496,
            496,
            496,
            496,
            496,
            496,
            496,
            496,
            496,
            496,
            496,
            496,
            496,
            496,
            496,
            496,
            496,
            496,
            496,
            496,
            496,
            496,
            496,
            496,
            496,
            496,
            496,
            496,
            496,
            496,
            496,
            496,
            496,
            496,
            496,
            496,
            496,
            496,
            496,
            496,
            496,
            496,
            496,
            496,
            496,
            496,
            496,
            496,
            496,
            496,
            496,
            496,
            496,
            496,
            496,
            496,
            496,
            496,
            496,
            496,
            496,
            496,
            496,
            496,
            496,
            496,
            496,
            496,
            496,
            496,
            496,
            496,
            496,
            496,
            496,
            496,
            496,
            496,
            496,
            496,
            496,
            496,
            496,
            496,
            496,
            496,
            236743,
            236770,
            236770
          ],
          "pipeline_state_compiles": 0,
          "ple_encoders": 0,
          "prefill_ms": 11916.072625,
          "prompt": "a a a a a a a a a a a a a a a a a a a a a a a a a a a a a a a a a a a a a a a a a a a a a a a a a a a a a a a a a a a a a a a a a a a a a a a a a a a a a a a a a a a a a a a a a a a a a a a a a a a a a a a a a a a a a a a a a a a a a a a a a a a a a a a a a a a a a a a a a a a a a a a a a a a a a a a a a a a a a a a a a a a a a a a a a a a a a a a a a a a a a a a a a a a a a a a a a a a a a a a a a a a a a a a a a a a a a a a a a a a a a a a a a a a a a a a a a a a a a a a a a a a a a a a a a a a a a a a ",
          "prompt_token_ids": [
            236746,
            496,
            496,
            496,
            496,
            496,
            496,
            496,
            496,
            496,
            496,
            496,
            496,
            496,
            496,
            496,
            496,
            496,
            496,
            496,
            496,
            496,
            496,
            496,
            496,
            496,
            496,
            496,
            496,
            496,
            496,
            496,
            496,
            496,
            496,
            496,
            496,
            496,
            496,
            496,
            496,
            496,
            496,
            496,
            496,
            496,
            496,
            496,
            496,
            496,
            496,
            496,
            496,
            496,
            496,
            496,
            496,
            496,
            496,
            496,
            496,
            496,
            496,
            496,
            496,
            496,
            496,
            496,
            496,
            496,
            496,
            496,
            496,
            496,
            496,
            496,
            496,
            496,
            496,
            496,
            496,
            496,
            496,
            496,
            496,
            496,
            496,
            496,
            496,
            496,
            496,
            496,
            496,
            496,
            496,
            496,
            496,
            496,
            496,
            496,
            496,
            496,
            496,
            496,
            496,
            496,
            496,
            496,
            496,
            496,
            496,
            496,
            496,
            496,
            496,
            496,
            496,
            496,
            496,
            496,
            496,
            496,
            496,
            496,
            496,
            496,
            496,
            496,
            496,
            496,
            496,
            496,
            496,
            496,
            496,
            496,
            496,
            496,
            496,
            496,
            496,
            496,
            496,
            496,
            496,
            496,
            496,
            496,
            496,
            496,
            496,
            496,
            496,
            496,
            496,
            496,
            496,
            496,
            496,
            496,
            496,
            496,
            496,
            496,
            496,
            496,
            496,
            496,
            496,
            496,
            496,
            496,
            496,
            496,
            496,
            496,
            496,
            496,
            496,
            496,
            496,
            496,
            496,
            496,
            496,
            496,
            496,
            496,
            496,
            496,
            496,
            496,
            496,
            496,
            496,
            496,
            496,
            496,
            496,
            496,
            496,
            496,
            496,
            496,
            496,
            496,
            496,
            496,
            496,
            496,
            496,
            496,
            496,
            496,
            496,
            496,
            496,
            496,
            496,
            496,
            496,
            496,
            496,
            496,
            496,
            496,
            496,
            496,
            496,
            496,
            496,
            496,
            496,
            496,
            496,
            496,
            496,
            496,
            496,
            496,
            496,
            496,
            496,
            496,
            496,
            496,
            496,
            496,
            496,
            496,
            496,
            496,
            496,
            496,
            496,
            236743
          ],
          "research_dispatch": {
            "counts": {
              "research_global_d512_atlas_mma_r8k32p64t128": 16
            },
            "overflowed": false,
            "schema": "rvllm.metal.research-dispatch.v3"
          },
          "status": "pass",
          "tok_per_s": 5.608045301789947
        },
        {
          "command_buffer_wait_ns": 11012883625,
          "command_buffers": 3,
          "cpu_encode_ns": 17719834,
          "cpu_wall_ns": 11030603459,
          "decode_ms": 355.723125,
          "embedding_encoders": 3,
          "encoder_counts_by_kernel_family": {
            "embedding": 3,
            "final_logits_diagnostic": 0,
            "final_sample": 6,
            "layer_body": 1632,
            "layer_scale_fused": 144,
            "ple_input": 0
          },
          "encoders": 1641,
          "final_logits_encoders": 0,
          "final_sample_encoders": 6,
          "finish_reason": "length",
          "forced_waits": 3,
          "generated_text": "11",
          "generated_token_ids": [
            236770,
            236770
          ],
          "hf_reference": null,
          "last_step_command_buffer_wait_ns": 170716500,
          "last_step_command_buffers": 1,
          "last_step_cpu_encode_ns": 5876250,
          "last_step_cpu_wall_ns": 176592750,
          "last_step_encoders": 580,
          "last_step_forced_waits": 1,
          "last_step_gpu_execution_ns": 169628624,
          "last_step_tokens": 1,
          "layer_encoders": 1632,
          "layer_scale_encoder_fusions": 144,
          "library_compiles": 0,
          "max_new_tokens": 2,
          "max_supported_total_tokens": 258,
          "name": "pp256-decode2-measure-1",
          "output_text": "a a a a a a a a a a a a a a a a a a a a a a a a a a a a a a a a a a a a a a a a a a a a a a a a a a a a a a a a a a a a a a a a a a a a a a a a a a a a a a a a a a a a a a a a a a a a a a a a a a a a a a a a a a a a a a a a a a a a a a a a a a a a a a a a a a a a a a a a a a a a a a a a a a a a a a a a a a a a a a a a a a a a a a a a a a a a a a a a a a a a a a a a a a a a a a a a a a a a a a a a a a a a a a a a a a a a a a a a a a a a a a a a a a a a a a a a a a a a a a a a a a a a a a a a a a a a a a a 11",
          "output_token_ids": [
            236746,
            496,
            496,
            496,
            496,
            496,
            496,
            496,
            496,
            496,
            496,
            496,
            496,
            496,
            496,
            496,
            496,
            496,
            496,
            496,
            496,
            496,
            496,
            496,
            496,
            496,
            496,
            496,
            496,
            496,
            496,
            496,
            496,
            496,
            496,
            496,
            496,
            496,
            496,
            496,
            496,
            496,
            496,
            496,
            496,
            496,
            496,
            496,
            496,
            496,
            496,
            496,
            496,
            496,
            496,
            496,
            496,
            496,
            496,
            496,
            496,
            496,
            496,
            496,
            496,
            496,
            496,
            496,
            496,
            496,
            496,
            496,
            496,
            496,
            496,
            496,
            496,
            496,
            496,
            496,
            496,
            496,
            496,
            496,
            496,
            496,
            496,
            496,
            496,
            496,
            496,
            496,
            496,
            496,
            496,
            496,
            496,
            496,
            496,
            496,
            496,
            496,
            496,
            496,
            496,
            496,
            496,
            496,
            496,
            496,
            496,
            496,
            496,
            496,
            496,
            496,
            496,
            496,
            496,
            496,
            496,
            496,
            496,
            496,
            496,
            496,
            496,
            496,
            496,
            496,
            496,
            496,
            496,
            496,
            496,
            496,
            496,
            496,
            496,
            496,
            496,
            496,
            496,
            496,
            496,
            496,
            496,
            496,
            496,
            496,
            496,
            496,
            496,
            496,
            496,
            496,
            496,
            496,
            496,
            496,
            496,
            496,
            496,
            496,
            496,
            496,
            496,
            496,
            496,
            496,
            496,
            496,
            496,
            496,
            496,
            496,
            496,
            496,
            496,
            496,
            496,
            496,
            496,
            496,
            496,
            496,
            496,
            496,
            496,
            496,
            496,
            496,
            496,
            496,
            496,
            496,
            496,
            496,
            496,
            496,
            496,
            496,
            496,
            496,
            496,
            496,
            496,
            496,
            496,
            496,
            496,
            496,
            496,
            496,
            496,
            496,
            496,
            496,
            496,
            496,
            496,
            496,
            496,
            496,
            496,
            496,
            496,
            496,
            496,
            496,
            496,
            496,
            496,
            496,
            496,
            496,
            496,
            496,
            496,
            496,
            496,
            496,
            496,
            496,
            496,
            496,
            496,
            496,
            496,
            496,
            496,
            496,
            496,
            496,
            496,
            236743,
            236770,
            236770
          ],
          "pipeline_state_compiles": 0,
          "ple_encoders": 0,
          "prefill_ms": 10674.938458,
          "prompt": "a a a a a a a a a a a a a a a a a a a a a a a a a a a a a a a a a a a a a a a a a a a a a a a a a a a a a a a a a a a a a a a a a a a a a a a a a a a a a a a a a a a a a a a a a a a a a a a a a a a a a a a a a a a a a a a a a a a a a a a a a a a a a a a a a a a a a a a a a a a a a a a a a a a a a a a a a a a a a a a a a a a a a a a a a a a a a a a a a a a a a a a a a a a a a a a a a a a a a a a a a a a a a a a a a a a a a a a a a a a a a a a a a a a a a a a a a a a a a a a a a a a a a a a a a a a a a a a ",
          "prompt_token_ids": [
            236746,
            496,
            496,
            496,
            496,
            496,
            496,
            496,
            496,
            496,
            496,
            496,
            496,
            496,
            496,
            496,
            496,
            496,
            496,
            496,
            496,
            496,
            496,
            496,
            496,
            496,
            496,
            496,
            496,
            496,
            496,
            496,
            496,
            496,
            496,
            496,
            496,
            496,
            496,
            496,
            496,
            496,
            496,
            496,
            496,
            496,
            496,
            496,
            496,
            496,
            496,
            496,
            496,
            496,
            496,
            496,
            496,
            496,
            496,
            496,
            496,
            496,
            496,
            496,
            496,
            496,
            496,
            496,
            496,
            496,
            496,
            496,
            496,
            496,
            496,
            496,
            496,
            496,
            496,
            496,
            496,
            496,
            496,
            496,
            496,
            496,
            496,
            496,
            496,
            496,
            496,
            496,
            496,
            496,
            496,
            496,
            496,
            496,
            496,
            496,
            496,
            496,
            496,
            496,
            496,
            496,
            496,
            496,
            496,
            496,
            496,
            496,
            496,
            496,
            496,
            496,
            496,
            496,
            496,
            496,
            496,
            496,
            496,
            496,
            496,
            496,
            496,
            496,
            496,
            496,
            496,
            496,
            496,
            496,
            496,
            496,
            496,
            496,
            496,
            496,
            496,
            496,
            496,
            496,
            496,
            496,
            496,
            496,
            496,
            496,
            496,
            496,
            496,
            496,
            496,
            496,
            496,
            496,
            496,
            496,
            496,
            496,
            496,
            496,
            496,
            496,
            496,
            496,
            496,
            496,
            496,
            496,
            496,
            496,
            496,
            496,
            496,
            496,
            496,
            496,
            496,
            496,
            496,
            496,
            496,
            496,
            496,
            496,
            496,
            496,
            496,
            496,
            496,
            496,
            496,
            496,
            496,
            496,
            496,
            496,
            496,
            496,
            496,
            496,
            496,
            496,
            496,
            496,
            496,
            496,
            496,
            496,
            496,
            496,
            496,
            496,
            496,
            496,
            496,
            496,
            496,
            496,
            496,
            496,
            496,
            496,
            496,
            496,
            496,
            496,
            496,
            496,
            496,
            496,
            496,
            496,
            496,
            496,
            496,
            496,
            496,
            496,
            496,
            496,
            496,
            496,
            496,
            496,
            496,
            496,
            496,
            496,
            496,
            496,
            496,
            236743
          ],
          "research_dispatch": {
            "counts": {
              "research_global_d512_atlas_mma_r8k32p64t128": 16
            },
            "overflowed": false,
            "schema": "rvllm.metal.research-dispatch.v3"
          },
          "status": "pass",
          "tok_per_s": 5.6223502478226575
        },
        {
          "command_buffer_wait_ns": 11324552541,
          "command_buffers": 3,
          "cpu_encode_ns": 18454167,
          "cpu_wall_ns": 11343006708,
          "decode_ms": 354.148084,
          "embedding_encoders": 3,
          "encoder_counts_by_kernel_family": {
            "embedding": 3,
            "final_logits_diagnostic": 0,
            "final_sample": 6,
            "layer_body": 1632,
            "layer_scale_fused": 144,
            "ple_input": 0
          },
          "encoders": 1641,
          "final_logits_encoders": 0,
          "final_sample_encoders": 6,
          "finish_reason": "length",
          "forced_waits": 3,
          "generated_text": "11",
          "generated_token_ids": [
            236770,
            236770
          ],
          "hf_reference": null,
          "last_step_command_buffer_wait_ns": 170409792,
          "last_step_command_buffers": 1,
          "last_step_cpu_encode_ns": 6026166,
          "last_step_cpu_wall_ns": 176435958,
          "last_step_encoders": 580,
          "last_step_forced_waits": 1,
          "last_step_gpu_execution_ns": 169487708,
          "last_step_tokens": 1,
          "layer_encoders": 1632,
          "layer_scale_encoder_fusions": 144,
          "library_compiles": 0,
          "max_new_tokens": 2,
          "max_supported_total_tokens": 258,
          "name": "pp256-decode2-measure-2",
          "output_text": "a a a a a a a a a a a a a a a a a a a a a a a a a a a a a a a a a a a a a a a a a a a a a a a a a a a a a a a a a a a a a a a a a a a a a a a a a a a a a a a a a a a a a a a a a a a a a a a a a a a a a a a a a a a a a a a a a a a a a a a a a a a a a a a a a a a a a a a a a a a a a a a a a a a a a a a a a a a a a a a a a a a a a a a a a a a a a a a a a a a a a a a a a a a a a a a a a a a a a a a a a a a a a a a a a a a a a a a a a a a a a a a a a a a a a a a a a a a a a a a a a a a a a a a a a a a a a a a 11",
          "output_token_ids": [
            236746,
            496,
            496,
            496,
            496,
            496,
            496,
            496,
            496,
            496,
            496,
            496,
            496,
            496,
            496,
            496,
            496,
            496,
            496,
            496,
            496,
            496,
            496,
            496,
            496,
            496,
            496,
            496,
            496,
            496,
            496,
            496,
            496,
            496,
            496,
            496,
            496,
            496,
            496,
            496,
            496,
            496,
            496,
            496,
            496,
            496,
            496,
            496,
            496,
            496,
            496,
            496,
            496,
            496,
            496,
            496,
            496,
            496,
            496,
            496,
            496,
            496,
            496,
            496,
            496,
            496,
            496,
            496,
            496,
            496,
            496,
            496,
            496,
            496,
            496,
            496,
            496,
            496,
            496,
            496,
            496,
            496,
            496,
            496,
            496,
            496,
            496,
            496,
            496,
            496,
            496,
            496,
            496,
            496,
            496,
            496,
            496,
            496,
            496,
            496,
            496,
            496,
            496,
            496,
            496,
            496,
            496,
            496,
            496,
            496,
            496,
            496,
            496,
            496,
            496,
            496,
            496,
            496,
            496,
            496,
            496,
            496,
            496,
            496,
            496,
            496,
            496,
            496,
            496,
            496,
            496,
            496,
            496,
            496,
            496,
            496,
            496,
            496,
            496,
            496,
            496,
            496,
            496,
            496,
            496,
            496,
            496,
            496,
            496,
            496,
            496,
            496,
            496,
            496,
            496,
            496,
            496,
            496,
            496,
            496,
            496,
            496,
            496,
            496,
            496,
            496,
            496,
            496,
            496,
            496,
            496,
            496,
            496,
            496,
            496,
            496,
            496,
            496,
            496,
            496,
            496,
            496,
            496,
            496,
            496,
            496,
            496,
            496,
            496,
            496,
            496,
            496,
            496,
            496,
            496,
            496,
            496,
            496,
            496,
            496,
            496,
            496,
            496,
            496,
            496,
            496,
            496,
            496,
            496,
            496,
            496,
            496,
            496,
            496,
            496,
            496,
            496,
            496,
            496,
            496,
            496,
            496,
            496,
            496,
            496,
            496,
            496,
            496,
            496,
            496,
            496,
            496,
            496,
            496,
            496,
            496,
            496,
            496,
            496,
            496,
            496,
            496,
            496,
            496,
            496,
            496,
            496,
            496,
            496,
            496,
            496,
            496,
            496,
            496,
            496,
            236743,
            236770,
            236770
          ],
          "pipeline_state_compiles": 0,
          "ple_encoders": 0,
          "prefill_ms": 10988.921167,
          "prompt": "a a a a a a a a a a a a a a a a a a a a a a a a a a a a a a a a a a a a a a a a a a a a a a a a a a a a a a a a a a a a a a a a a a a a a a a a a a a a a a a a a a a a a a a a a a a a a a a a a a a a a a a a a a a a a a a a a a a a a a a a a a a a a a a a a a a a a a a a a a a a a a a a a a a a a a a a a a a a a a a a a a a a a a a a a a a a a a a a a a a a a a a a a a a a a a a a a a a a a a a a a a a a a a a a a a a a a a a a a a a a a a a a a a a a a a a a a a a a a a a a a a a a a a a a a a a a a a a ",
          "prompt_token_ids": [
            236746,
            496,
            496,
            496,
            496,
            496,
            496,
            496,
            496,
            496,
            496,
            496,
            496,
            496,
            496,
            496,
            496,
            496,
            496,
            496,
            496,
            496,
            496,
            496,
            496,
            496,
            496,
            496,
            496,
            496,
            496,
            496,
            496,
            496,
            496,
            496,
            496,
            496,
            496,
            496,
            496,
            496,
            496,
            496,
            496,
            496,
            496,
            496,
            496,
            496,
            496,
            496,
            496,
            496,
            496,
            496,
            496,
            496,
            496,
            496,
            496,
            496,
            496,
            496,
            496,
            496,
            496,
            496,
            496,
            496,
            496,
            496,
            496,
            496,
            496,
            496,
            496,
            496,
            496,
            496,
            496,
            496,
            496,
            496,
            496,
            496,
            496,
            496,
            496,
            496,
            496,
            496,
            496,
            496,
            496,
            496,
            496,
            496,
            496,
            496,
            496,
            496,
            496,
            496,
            496,
            496,
            496,
            496,
            496,
            496,
            496,
            496,
            496,
            496,
            496,
            496,
            496,
            496,
            496,
            496,
            496,
            496,
            496,
            496,
            496,
            496,
            496,
            496,
            496,
            496,
            496,
            496,
            496,
            496,
            496,
            496,
            496,
            496,
            496,
            496,
            496,
            496,
            496,
            496,
            496,
            496,
            496,
            496,
            496,
            496,
            496,
            496,
            496,
            496,
            496,
            496,
            496,
            496,
            496,
            496,
            496,
            496,
            496,
            496,
            496,
            496,
            496,
            496,
            496,
            496,
            496,
            496,
            496,
            496,
            496,
            496,
            496,
            496,
            496,
            496,
            496,
            496,
            496,
            496,
            496,
            496,
            496,
            496,
            496,
            496,
            496,
            496,
            496,
            496,
            496,
            496,
            496,
            496,
            496,
            496,
            496,
            496,
            496,
            496,
            496,
            496,
            496,
            496,
            496,
            496,
            496,
            496,
            496,
            496,
            496,
            496,
            496,
            496,
            496,
            496,
            496,
            496,
            496,
            496,
            496,
            496,
            496,
            496,
            496,
            496,
            496,
            496,
            496,
            496,
            496,
            496,
            496,
            496,
            496,
            496,
            496,
            496,
            496,
            496,
            496,
            496,
            496,
            496,
            496,
            496,
            496,
            496,
            496,
            496,
            496,
            236743
          ],
          "research_dispatch": {
            "counts": {
              "research_global_d512_atlas_mma_r8k32p64t128": 16
            },
            "overflowed": false,
            "schema": "rvllm.metal.research-dispatch.v3"
          },
          "status": "pass",
          "tok_per_s": 5.647355132944896
        }
      ],
      "checkpoint_complete": true,
      "checkpoint_completed_cases": 3,
      "checkpoint_total_cases": 3,
      "claim": "Apple Metal text inference workflow; not production-ready until acceptance gates pass",
      "command_buffer_wait_ns": 34568081291,
      "command_buffers": 9,
      "cpu_encode_ns": 78118710,
      "cpu_wall_ns": 34646200001,
      "debug_sync": false,
      "decode_ms": 1066.501709,
      "embedding_encoders": 9,
      "encoder_counts_by_kernel_family": {
        "embedding": 9,
        "final_logits_diagnostic": 0,
        "final_sample": 18,
        "layer_body": 4896,
        "layer_scale_fused": 432,
        "ple_input": 0
      },
      "encoders": 4923,
      "final_logits_encoders": 0,
      "final_sample_encoders": 18,
      "forced_waits": 9,
      "generated_tokens": 6,
      "large_model_opt_in": true,
      "last_step_command_buffer_wait_ns": 170409792,
      "last_step_command_buffers": 1,
      "last_step_cpu_encode_ns": 6026166,
      "last_step_cpu_wall_ns": 176435958,
      "last_step_encoders": 580,
      "last_step_forced_waits": 1,
      "last_step_gpu_execution_ns": 169487708,
      "last_step_tokens": 1,
      "layer_encoders": 4896,
      "layer_scale_encoder_fusions": 432,
      "library_compiles": 1,
      "max_supported_total_tokens": 258,
      "metal_compute_dtype": "bfloat16",
      "metal_moe_router_weight_dtype": "bfloat16",
      "metal_weight_dtype": "bfloat16",
      "model_dir": "/Users/george/.cache/huggingface/hub/models--google--gemma-4-12B-it/snapshots/707f0a3b8a3c7ad586ed01e27eafbad8a27dd0f7",
      "pipeline_state_compiles": 53,
      "ple_encoders": 0,
      "prefill_ms": 33579.93225,
      "prepare_ms": 19890.631292,
      "research_dispatch": {
        "counts": {
          "research_global_d512_atlas_mma_r8k32p64t128": 48
        },
        "overflowed": false,
        "schema": "rvllm.metal.research-dispatch.v3"
      },
      "schema": "rvllm.apple_metal_text_session.v1",
      "status": "pass",
      "tok_per_s": 5.625870028493316,
      "total_ms": 54540.56725
    }
  ],
  "schema": "rvllm.apple_metal_text_session_profile.v1"
}
