{
  "backend": "direct",
  "claim": "Apple Metal text session profile only; not production performance, ANE, external profiler, or production readiness evidence",
  "maximums": {
    "command_buffer_wait_ms": 55575.038459,
    "command_buffer_wait_ms_per_token": 9262.506409833333,
    "command_buffers_per_token": 1.5,
    "cpu_encode_ms": 68.888917,
    "cpu_encode_ms_per_token": 11.481486166666668,
    "decode_ms": 1490.978,
    "encoders_per_token": 820.5,
    "forced_waits_per_token": 1.5,
    "latency_ms_per_token": 248.49633333333335,
    "layer_scale_fusions_per_token": 72.0,
    "prefill_ms": 54153.156792,
    "prepare_ms": 17835.354,
    "tok_per_s": 4.024204247145162
  },
  "medians": {
    "command_buffer_wait_ms": 55575.038459,
    "command_buffer_wait_ms_per_token": 9262.506409833333,
    "command_buffers_per_token": 1.5,
    "cpu_encode_ms": 68.888917,
    "cpu_encode_ms_per_token": 11.481486166666668,
    "decode_ms": 1490.978,
    "encoders_per_token": 820.5,
    "forced_waits_per_token": 1.5,
    "latency_ms_per_token": 248.49633333333335,
    "layer_scale_fusions_per_token": 72.0,
    "prefill_ms": 54153.156792,
    "prepare_ms": 17835.354,
    "tok_per_s": 4.024204247145162
  },
  "metal_compute_dtype": "bfloat16",
  "metal_moe_router_weight_dtype": "bfloat16",
  "metal_weight_dtype": "bfloat16",
  "minimums": {
    "command_buffer_wait_ms": 55575.038459,
    "command_buffer_wait_ms_per_token": 9262.506409833333,
    "command_buffers_per_token": 1.5,
    "cpu_encode_ms": 68.888917,
    "cpu_encode_ms_per_token": 11.481486166666668,
    "decode_ms": 1490.978,
    "encoders_per_token": 820.5,
    "forced_waits_per_token": 1.5,
    "latency_ms_per_token": 248.49633333333335,
    "layer_scale_fusions_per_token": 72.0,
    "prefill_ms": 54153.156792,
    "prepare_ms": 17835.354,
    "tok_per_s": 4.024204247145162
  },
  "model_dir": "/Users/george/.cache/huggingface/hub/models--google--gemma-4-12B-it/snapshots/707f0a3b8a3c7ad586ed01e27eafbad8a27dd0f7",
  "sample_count": 1,
  "samples": [
    {
      "arena_bytes": 24716958240,
      "backend": "direct",
      "case_count": 3,
      "cases": [
        {
          "command_buffer_wait_ns": 26445005667,
          "command_buffers": 3,
          "cpu_encode_ns": 35335249,
          "cpu_wall_ns": 26480340916,
          "decode_ms": 744.9622919999999,
          "embedding_encoders": 3,
          "encoder_counts_by_kernel_family": {
            "embedding": 3,
            "final_logits_diagnostic": 0,
            "final_sample": 6,
            "layer_body": 1632,
            "layer_scale_fused": 144,
            "ple_input": 0
          },
          "encoders": 1641,
          "final_logits_encoders": 0,
          "final_sample_encoders": 6,
          "finish_reason": "length",
          "forced_waits": 3,
          "generated_text": "11",
          "generated_token_ids": [
            236770,
            236770
          ],
          "hf_reference": null,
          "last_step_command_buffer_wait_ns": 289210708,
          "last_step_command_buffers": 1,
          "last_step_cpu_encode_ns": 6425625,
          "last_step_cpu_wall_ns": 295636333,
          "last_step_encoders": 580,
          "last_step_forced_waits": 1,
          "last_step_gpu_execution_ns": 285625124,
          "last_step_tokens": 1,
          "layer_encoders": 1632,
          "layer_scale_encoder_fusions": 144,
          "library_compiles": 0,
          "max_new_tokens": 2,
          "max_supported_total_tokens": 258,
          "name": "pp256-decode2-warmup",
          "output_text": "a a a a a a a a a a a a a a a a a a a a a a a a a a a a a a a a a a a a a a a a a a a a a a a a a a a a a a a a a a a a a a a a a a a a a a a a a a a a a a a a a a a a a a a a a a a a a a a a a a a a a a a a a a a a a a a a a a a a a a a a a a a a a a a a a a a a a a a a a a a a a a a a a a a a a a a a a a a a a a a a a a a a a a a a a a a a a a a a a a a a a a a a a a a a a a a a a a a a a a a a a a a a a a a a a a a a a a a a a a a a a a a a a a a a a a a a a a a a a a a a a a a a a a a a a a a a a a a 11",
          "output_token_ids": [
            236746,
            496,
            496,
            496,
            496,
            496,
            496,
            496,
            496,
            496,
            496,
            496,
            496,
            496,
            496,
            496,
            496,
            496,
            496,
            496,
            496,
            496,
            496,
            496,
            496,
            496,
            496,
            496,
            496,
            496,
            496,
            496,
            496,
            496,
            496,
            496,
            496,
            496,
            496,
            496,
            496,
            496,
            496,
            496,
            496,
            496,
            496,
            496,
            496,
            496,
            496,
            496,
            496,
            496,
            496,
            496,
            496,
            496,
            496,
            496,
            496,
            496,
            496,
            496,
            496,
            496,
            496,
            496,
            496,
            496,
            496,
            496,
            496,
            496,
            496,
            496,
            496,
            496,
            496,
            496,
            496,
            496,
            496,
            496,
            496,
            496,
            496,
            496,
            496,
            496,
            496,
            496,
            496,
            496,
            496,
            496,
            496,
            496,
            496,
            496,
            496,
            496,
            496,
            496,
            496,
            496,
            496,
            496,
            496,
            496,
            496,
            496,
            496,
            496,
            496,
            496,
            496,
            496,
            496,
            496,
            496,
            496,
            496,
            496,
            496,
            496,
            496,
            496,
            496,
            496,
            496,
            496,
            496,
            496,
            496,
            496,
            496,
            496,
            496,
            496,
            496,
            496,
            496,
            496,
            496,
            496,
            496,
            496,
            496,
            496,
            496,
            496,
            496,
            496,
            496,
            496,
            496,
            496,
            496,
            496,
            496,
            496,
            496,
            496,
            496,
            496,
            496,
            496,
            496,
            496,
            496,
            496,
            496,
            496,
            496,
            496,
            496,
            496,
            496,
            496,
            496,
            496,
            496,
            496,
            496,
            496,
            496,
            496,
            496,
            496,
            496,
            496,
            496,
            496,
            496,
            496,
            496,
            496,
            496,
            496,
            496,
            496,
            496,
            496,
            496,
            496,
            496,
            496,
            496,
            496,
            496,
            496,
            496,
            496,
            496,
            496,
            496,
            496,
            496,
            496,
            496,
            496,
            496,
            496,
            496,
            496,
            496,
            496,
            496,
            496,
            496,
            496,
            496,
            496,
            496,
            496,
            496,
            496,
            496,
            496,
            496,
            496,
            496,
            496,
            496,
            496,
            496,
            496,
            496,
            496,
            496,
            496,
            496,
            496,
            496,
            236743,
            236770,
            236770
          ],
          "pipeline_state_compiles": 0,
          "ple_encoders": 0,
          "prefill_ms": 25735.491542,
          "prompt": "a a a a a a a a a a a a a a a a a a a a a a a a a a a a a a a a a a a a a a a a a a a a a a a a a a a a a a a a a a a a a a a a a a a a a a a a a a a a a a a a a a a a a a a a a a a a a a a a a a a a a a a a a a a a a a a a a a a a a a a a a a a a a a a a a a a a a a a a a a a a a a a a a a a a a a a a a a a a a a a a a a a a a a a a a a a a a a a a a a a a a a a a a a a a a a a a a a a a a a a a a a a a a a a a a a a a a a a a a a a a a a a a a a a a a a a a a a a a a a a a a a a a a a a a a a a a a a a ",
          "prompt_token_ids": [
            236746,
            496,
            496,
            496,
            496,
            496,
            496,
            496,
            496,
            496,
            496,
            496,
            496,
            496,
            496,
            496,
            496,
            496,
            496,
            496,
            496,
            496,
            496,
            496,
            496,
            496,
            496,
            496,
            496,
            496,
            496,
            496,
            496,
            496,
            496,
            496,
            496,
            496,
            496,
            496,
            496,
            496,
            496,
            496,
            496,
            496,
            496,
            496,
            496,
            496,
            496,
            496,
            496,
            496,
            496,
            496,
            496,
            496,
            496,
            496,
            496,
            496,
            496,
            496,
            496,
            496,
            496,
            496,
            496,
            496,
            496,
            496,
            496,
            496,
            496,
            496,
            496,
            496,
            496,
            496,
            496,
            496,
            496,
            496,
            496,
            496,
            496,
            496,
            496,
            496,
            496,
            496,
            496,
            496,
            496,
            496,
            496,
            496,
            496,
            496,
            496,
            496,
            496,
            496,
            496,
            496,
            496,
            496,
            496,
            496,
            496,
            496,
            496,
            496,
            496,
            496,
            496,
            496,
            496,
            496,
            496,
            496,
            496,
            496,
            496,
            496,
            496,
            496,
            496,
            496,
            496,
            496,
            496,
            496,
            496,
            496,
            496,
            496,
            496,
            496,
            496,
            496,
            496,
            496,
            496,
            496,
            496,
            496,
            496,
            496,
            496,
            496,
            496,
            496,
            496,
            496,
            496,
            496,
            496,
            496,
            496,
            496,
            496,
            496,
            496,
            496,
            496,
            496,
            496,
            496,
            496,
            496,
            496,
            496,
            496,
            496,
            496,
            496,
            496,
            496,
            496,
            496,
            496,
            496,
            496,
            496,
            496,
            496,
            496,
            496,
            496,
            496,
            496,
            496,
            496,
            496,
            496,
            496,
            496,
            496,
            496,
            496,
            496,
            496,
            496,
            496,
            496,
            496,
            496,
            496,
            496,
            496,
            496,
            496,
            496,
            496,
            496,
            496,
            496,
            496,
            496,
            496,
            496,
            496,
            496,
            496,
            496,
            496,
            496,
            496,
            496,
            496,
            496,
            496,
            496,
            496,
            496,
            496,
            496,
            496,
            496,
            496,
            496,
            496,
            496,
            496,
            496,
            496,
            496,
            496,
            496,
            496,
            496,
            496,
            496,
            236743
          ],
          "research_dispatch": {
            "counts": {
              "research_global_d512_atlas_mma_r8k32p64t128": 16
            },
            "overflowed": false,
            "schema": "rvllm.metal.research-dispatch.v3"
          },
          "status": "pass",
          "tok_per_s": 2.6846996438311
        },
        {
          "command_buffer_wait_ns": 15897525750,
          "command_buffers": 3,
          "cpu_encode_ns": 17160209,
          "cpu_wall_ns": 15914685959,
          "decode_ms": 373.416375,
          "embedding_encoders": 3,
          "encoder_counts_by_kernel_family": {
            "embedding": 3,
            "final_logits_diagnostic": 0,
            "final_sample": 6,
            "layer_body": 1632,
            "layer_scale_fused": 144,
            "ple_input": 0
          },
          "encoders": 1641,
          "final_logits_encoders": 0,
          "final_sample_encoders": 6,
          "finish_reason": "length",
          "forced_waits": 3,
          "generated_text": "11",
          "generated_token_ids": [
            236770,
            236770
          ],
          "hf_reference": null,
          "last_step_command_buffer_wait_ns": 178632750,
          "last_step_command_buffers": 1,
          "last_step_cpu_encode_ns": 6061917,
          "last_step_cpu_wall_ns": 184694667,
          "last_step_encoders": 580,
          "last_step_forced_waits": 1,
          "last_step_gpu_execution_ns": 177680583,
          "last_step_tokens": 1,
          "layer_encoders": 1632,
          "layer_scale_encoder_fusions": 144,
          "library_compiles": 0,
          "max_new_tokens": 2,
          "max_supported_total_tokens": 258,
          "name": "pp256-decode2-measure-1",
          "output_text": "a a a a a a a a a a a a a a a a a a a a a a a a a a a a a a a a a a a a a a a a a a a a a a a a a a a a a a a a a a a a a a a a a a a a a a a a a a a a a a a a a a a a a a a a a a a a a a a a a a a a a a a a a a a a a a a a a a a a a a a a a a a a a a a a a a a a a a a a a a a a a a a a a a a a a a a a a a a a a a a a a a a a a a a a a a a a a a a a a a a a a a a a a a a a a a a a a a a a a a a a a a a a a a a a a a a a a a a a a a a a a a a a a a a a a a a a a a a a a a a a a a a a a a a a a a a a a a a 11",
          "output_token_ids": [
            236746,
            496,
            496,
            496,
            496,
            496,
            496,
            496,
            496,
            496,
            496,
            496,
            496,
            496,
            496,
            496,
            496,
            496,
            496,
            496,
            496,
            496,
            496,
            496,
            496,
            496,
            496,
            496,
            496,
            496,
            496,
            496,
            496,
            496,
            496,
            496,
            496,
            496,
            496,
            496,
            496,
            496,
            496,
            496,
            496,
            496,
            496,
            496,
            496,
            496,
            496,
            496,
            496,
            496,
            496,
            496,
            496,
            496,
            496,
            496,
            496,
            496,
            496,
            496,
            496,
            496,
            496,
            496,
            496,
            496,
            496,
            496,
            496,
            496,
            496,
            496,
            496,
            496,
            496,
            496,
            496,
            496,
            496,
            496,
            496,
            496,
            496,
            496,
            496,
            496,
            496,
            496,
            496,
            496,
            496,
            496,
            496,
            496,
            496,
            496,
            496,
            496,
            496,
            496,
            496,
            496,
            496,
            496,
            496,
            496,
            496,
            496,
            496,
            496,
            496,
            496,
            496,
            496,
            496,
            496,
            496,
            496,
            496,
            496,
            496,
            496,
            496,
            496,
            496,
            496,
            496,
            496,
            496,
            496,
            496,
            496,
            496,
            496,
            496,
            496,
            496,
            496,
            496,
            496,
            496,
            496,
            496,
            496,
            496,
            496,
            496,
            496,
            496,
            496,
            496,
            496,
            496,
            496,
            496,
            496,
            496,
            496,
            496,
            496,
            496,
            496,
            496,
            496,
            496,
            496,
            496,
            496,
            496,
            496,
            496,
            496,
            496,
            496,
            496,
            496,
            496,
            496,
            496,
            496,
            496,
            496,
            496,
            496,
            496,
            496,
            496,
            496,
            496,
            496,
            496,
            496,
            496,
            496,
            496,
            496,
            496,
            496,
            496,
            496,
            496,
            496,
            496,
            496,
            496,
            496,
            496,
            496,
            496,
            496,
            496,
            496,
            496,
            496,
            496,
            496,
            496,
            496,
            496,
            496,
            496,
            496,
            496,
            496,
            496,
            496,
            496,
            496,
            496,
            496,
            496,
            496,
            496,
            496,
            496,
            496,
            496,
            496,
            496,
            496,
            496,
            496,
            496,
            496,
            496,
            496,
            496,
            496,
            496,
            496,
            496,
            236743,
            236770,
            236770
          ],
          "pipeline_state_compiles": 0,
          "ple_encoders": 0,
          "prefill_ms": 15541.318875,
          "prompt": "a a a a a a a a a a a a a a a a a a a a a a a a a a a a a a a a a a a a a a a a a a a a a a a a a a a a a a a a a a a a a a a a a a a a a a a a a a a a a a a a a a a a a a a a a a a a a a a a a a a a a a a a a a a a a a a a a a a a a a a a a a a a a a a a a a a a a a a a a a a a a a a a a a a a a a a a a a a a a a a a a a a a a a a a a a a a a a a a a a a a a a a a a a a a a a a a a a a a a a a a a a a a a a a a a a a a a a a a a a a a a a a a a a a a a a a a a a a a a a a a a a a a a a a a a a a a a a a ",
          "prompt_token_ids": [
            236746,
            496,
            496,
            496,
            496,
            496,
            496,
            496,
            496,
            496,
            496,
            496,
            496,
            496,
            496,
            496,
            496,
            496,
            496,
            496,
            496,
            496,
            496,
            496,
            496,
            496,
            496,
            496,
            496,
            496,
            496,
            496,
            496,
            496,
            496,
            496,
            496,
            496,
            496,
            496,
            496,
            496,
            496,
            496,
            496,
            496,
            496,
            496,
            496,
            496,
            496,
            496,
            496,
            496,
            496,
            496,
            496,
            496,
            496,
            496,
            496,
            496,
            496,
            496,
            496,
            496,
            496,
            496,
            496,
            496,
            496,
            496,
            496,
            496,
            496,
            496,
            496,
            496,
            496,
            496,
            496,
            496,
            496,
            496,
            496,
            496,
            496,
            496,
            496,
            496,
            496,
            496,
            496,
            496,
            496,
            496,
            496,
            496,
            496,
            496,
            496,
            496,
            496,
            496,
            496,
            496,
            496,
            496,
            496,
            496,
            496,
            496,
            496,
            496,
            496,
            496,
            496,
            496,
            496,
            496,
            496,
            496,
            496,
            496,
            496,
            496,
            496,
            496,
            496,
            496,
            496,
            496,
            496,
            496,
            496,
            496,
            496,
            496,
            496,
            496,
            496,
            496,
            496,
            496,
            496,
            496,
            496,
            496,
            496,
            496,
            496,
            496,
            496,
            496,
            496,
            496,
            496,
            496,
            496,
            496,
            496,
            496,
            496,
            496,
            496,
            496,
            496,
            496,
            496,
            496,
            496,
            496,
            496,
            496,
            496,
            496,
            496,
            496,
            496,
            496,
            496,
            496,
            496,
            496,
            496,
            496,
            496,
            496,
            496,
            496,
            496,
            496,
            496,
            496,
            496,
            496,
            496,
            496,
            496,
            496,
            496,
            496,
            496,
            496,
            496,
            496,
            496,
            496,
            496,
            496,
            496,
            496,
            496,
            496,
            496,
            496,
            496,
            496,
            496,
            496,
            496,
            496,
            496,
            496,
            496,
            496,
            496,
            496,
            496,
            496,
            496,
            496,
            496,
            496,
            496,
            496,
            496,
            496,
            496,
            496,
            496,
            496,
            496,
            496,
            496,
            496,
            496,
            496,
            496,
            496,
            496,
            496,
            496,
            496,
            496,
            236743
          ],
          "research_dispatch": {
            "counts": {
              "research_global_d512_atlas_mma_r8k32p64t128": 16
            },
            "overflowed": false,
            "schema": "rvllm.metal.research-dispatch.v3"
          },
          "status": "pass",
          "tok_per_s": 5.355951516587884
        },
        {
          "command_buffer_wait_ns": 13232507042,
          "command_buffers": 3,
          "cpu_encode_ns": 16393459,
          "cpu_wall_ns": 13248900501,
          "decode_ms": 372.599333,
          "embedding_encoders": 3,
          "encoder_counts_by_kernel_family": {
            "embedding": 3,
            "final_logits_diagnostic": 0,
            "final_sample": 6,
            "layer_body": 1632,
            "layer_scale_fused": 144,
            "ple_input": 0
          },
          "encoders": 1641,
          "final_logits_encoders": 0,
          "final_sample_encoders": 6,
          "finish_reason": "length",
          "forced_waits": 3,
          "generated_text": "11",
          "generated_token_ids": [
            236770,
            236770
          ],
          "hf_reference": null,
          "last_step_command_buffer_wait_ns": 178143666,
          "last_step_command_buffers": 1,
          "last_step_cpu_encode_ns": 4456126,
          "last_step_cpu_wall_ns": 182599792,
          "last_step_encoders": 580,
          "last_step_forced_waits": 1,
          "last_step_gpu_execution_ns": 177231125,
          "last_step_tokens": 1,
          "layer_encoders": 1632,
          "layer_scale_encoder_fusions": 144,
          "library_compiles": 0,
          "max_new_tokens": 2,
          "max_supported_total_tokens": 258,
          "name": "pp256-decode2-measure-2",
          "output_text": "a a a a a a a a a a a a a a a a a a a a a a a a a a a a a a a a a a a a a a a a a a a a a a a a a a a a a a a a a a a a a a a a a a a a a a a a a a a a a a a a a a a a a a a a a a a a a a a a a a a a a a a a a a a a a a a a a a a a a a a a a a a a a a a a a a a a a a a a a a a a a a a a a a a a a a a a a a a a a a a a a a a a a a a a a a a a a a a a a a a a a a a a a a a a a a a a a a a a a a a a a a a a a a a a a a a a a a a a a a a a a a a a a a a a a a a a a a a a a a a a a a a a a a a a a a a a a a a 11",
          "output_token_ids": [
            236746,
            496,
            496,
            496,
            496,
            496,
            496,
            496,
            496,
            496,
            496,
            496,
            496,
            496,
            496,
            496,
            496,
            496,
            496,
            496,
            496,
            496,
            496,
            496,
            496,
            496,
            496,
            496,
            496,
            496,
            496,
            496,
            496,
            496,
            496,
            496,
            496,
            496,
            496,
            496,
            496,
            496,
            496,
            496,
            496,
            496,
            496,
            496,
            496,
            496,
            496,
            496,
            496,
            496,
            496,
            496,
            496,
            496,
            496,
            496,
            496,
            496,
            496,
            496,
            496,
            496,
            496,
            496,
            496,
            496,
            496,
            496,
            496,
            496,
            496,
            496,
            496,
            496,
            496,
            496,
            496,
            496,
            496,
            496,
            496,
            496,
            496,
            496,
            496,
            496,
            496,
            496,
            496,
            496,
            496,
            496,
            496,
            496,
            496,
            496,
            496,
            496,
            496,
            496,
            496,
            496,
            496,
            496,
            496,
            496,
            496,
            496,
            496,
            496,
            496,
            496,
            496,
            496,
            496,
            496,
            496,
            496,
            496,
            496,
            496,
            496,
            496,
            496,
            496,
            496,
            496,
            496,
            496,
            496,
            496,
            496,
            496,
            496,
            496,
            496,
            496,
            496,
            496,
            496,
            496,
            496,
            496,
            496,
            496,
            496,
            496,
            496,
            496,
            496,
            496,
            496,
            496,
            496,
            496,
            496,
            496,
            496,
            496,
            496,
            496,
            496,
            496,
            496,
            496,
            496,
            496,
            496,
            496,
            496,
            496,
            496,
            496,
            496,
            496,
            496,
            496,
            496,
            496,
            496,
            496,
            496,
            496,
            496,
            496,
            496,
            496,
            496,
            496,
            496,
            496,
            496,
            496,
            496,
            496,
            496,
            496,
            496,
            496,
            496,
            496,
            496,
            496,
            496,
            496,
            496,
            496,
            496,
            496,
            496,
            496,
            496,
            496,
            496,
            496,
            496,
            496,
            496,
            496,
            496,
            496,
            496,
            496,
            496,
            496,
            496,
            496,
            496,
            496,
            496,
            496,
            496,
            496,
            496,
            496,
            496,
            496,
            496,
            496,
            496,
            496,
            496,
            496,
            496,
            496,
            496,
            496,
            496,
            496,
            496,
            496,
            236743,
            236770,
            236770
          ],
          "pipeline_state_compiles": 0,
          "ple_encoders": 0,
          "prefill_ms": 12876.346375000001,
          "prompt": "a a a a a a a a a a a a a a a a a a a a a a a a a a a a a a a a a a a a a a a a a a a a a a a a a a a a a a a a a a a a a a a a a a a a a a a a a a a a a a a a a a a a a a a a a a a a a a a a a a a a a a a a a a a a a a a a a a a a a a a a a a a a a a a a a a a a a a a a a a a a a a a a a a a a a a a a a a a a a a a a a a a a a a a a a a a a a a a a a a a a a a a a a a a a a a a a a a a a a a a a a a a a a a a a a a a a a a a a a a a a a a a a a a a a a a a a a a a a a a a a a a a a a a a a a a a a a a a ",
          "prompt_token_ids": [
            236746,
            496,
            496,
            496,
            496,
            496,
            496,
            496,
            496,
            496,
            496,
            496,
            496,
            496,
            496,
            496,
            496,
            496,
            496,
            496,
            496,
            496,
            496,
            496,
            496,
            496,
            496,
            496,
            496,
            496,
            496,
            496,
            496,
            496,
            496,
            496,
            496,
            496,
            496,
            496,
            496,
            496,
            496,
            496,
            496,
            496,
            496,
            496,
            496,
            496,
            496,
            496,
            496,
            496,
            496,
            496,
            496,
            496,
            496,
            496,
            496,
            496,
            496,
            496,
            496,
            496,
            496,
            496,
            496,
            496,
            496,
            496,
            496,
            496,
            496,
            496,
            496,
            496,
            496,
            496,
            496,
            496,
            496,
            496,
            496,
            496,
            496,
            496,
            496,
            496,
            496,
            496,
            496,
            496,
            496,
            496,
            496,
            496,
            496,
            496,
            496,
            496,
            496,
            496,
            496,
            496,
            496,
            496,
            496,
            496,
            496,
            496,
            496,
            496,
            496,
            496,
            496,
            496,
            496,
            496,
            496,
            496,
            496,
            496,
            496,
            496,
            496,
            496,
            496,
            496,
            496,
            496,
            496,
            496,
            496,
            496,
            496,
            496,
            496,
            496,
            496,
            496,
            496,
            496,
            496,
            496,
            496,
            496,
            496,
            496,
            496,
            496,
            496,
            496,
            496,
            496,
            496,
            496,
            496,
            496,
            496,
            496,
            496,
            496,
            496,
            496,
            496,
            496,
            496,
            496,
            496,
            496,
            496,
            496,
            496,
            496,
            496,
            496,
            496,
            496,
            496,
            496,
            496,
            496,
            496,
            496,
            496,
            496,
            496,
            496,
            496,
            496,
            496,
            496,
            496,
            496,
            496,
            496,
            496,
            496,
            496,
            496,
            496,
            496,
            496,
            496,
            496,
            496,
            496,
            496,
            496,
            496,
            496,
            496,
            496,
            496,
            496,
            496,
            496,
            496,
            496,
            496,
            496,
            496,
            496,
            496,
            496,
            496,
            496,
            496,
            496,
            496,
            496,
            496,
            496,
            496,
            496,
            496,
            496,
            496,
            496,
            496,
            496,
            496,
            496,
            496,
            496,
            496,
            496,
            496,
            496,
            496,
            496,
            496,
            496,
            236743
          ],
          "research_dispatch": {
            "counts": {
              "research_global_d512_atlas_mma_r8k32p64t128": 16
            },
            "overflowed": false,
            "schema": "rvllm.metal.research-dispatch.v3"
          },
          "status": "pass",
          "tok_per_s": 5.367696135945579
        }
      ],
      "checkpoint_complete": true,
      "checkpoint_completed_cases": 3,
      "checkpoint_total_cases": 3,
      "claim": "Apple Metal text inference workflow; not production-ready until acceptance gates pass",
      "command_buffer_wait_ns": 55575038459,
      "command_buffers": 9,
      "cpu_encode_ns": 68888917,
      "cpu_wall_ns": 55643927376,
      "debug_sync": false,
      "decode_ms": 1490.978,
      "embedding_encoders": 9,
      "encoder_counts_by_kernel_family": {
        "embedding": 9,
        "final_logits_diagnostic": 0,
        "final_sample": 18,
        "layer_body": 4896,
        "layer_scale_fused": 432,
        "ple_input": 0
      },
      "encoders": 4923,
      "final_logits_encoders": 0,
      "final_sample_encoders": 18,
      "forced_waits": 9,
      "generated_tokens": 6,
      "large_model_opt_in": true,
      "last_step_command_buffer_wait_ns": 178143666,
      "last_step_command_buffers": 1,
      "last_step_cpu_encode_ns": 4456126,
      "last_step_cpu_wall_ns": 182599792,
      "last_step_encoders": 580,
      "last_step_forced_waits": 1,
      "last_step_gpu_execution_ns": 177231125,
      "last_step_tokens": 1,
      "layer_encoders": 4896,
      "layer_scale_encoder_fusions": 432,
      "library_compiles": 1,
      "max_supported_total_tokens": 258,
      "metal_compute_dtype": "bfloat16",
      "metal_moe_router_weight_dtype": "bfloat16",
      "metal_weight_dtype": "bfloat16",
      "model_dir": "/Users/george/.cache/huggingface/hub/models--google--gemma-4-12B-it/snapshots/707f0a3b8a3c7ad586ed01e27eafbad8a27dd0f7",
      "pipeline_state_compiles": 53,
      "ple_encoders": 0,
      "prefill_ms": 54153.156792,
      "prepare_ms": 17835.354,
      "research_dispatch": {
        "counts": {
          "research_global_d512_atlas_mma_r8k32p64t128": 48
        },
        "overflowed": false,
        "schema": "rvllm.metal.research-dispatch.v3"
      },
      "schema": "rvllm.apple_metal_text_session.v1",
      "status": "pass",
      "tok_per_s": 4.024204247145162,
      "total_ms": 73483.60687500001
    }
  ],
  "schema": "rvllm.apple_metal_text_session_profile.v1"
}
{
  "backend": "direct",
  "claim": "Apple Metal text session profile only; not production performance, ANE, external profiler, or production readiness evidence",
  "maximums": {
    "command_buffer_wait_ms": 35143.901167,
    "command_buffer_wait_ms_per_token": 5857.316861166667,
    "command_buffers_per_token": 1.5,
    "cpu_encode_ms": 54.944374,
    "cpu_encode_ms_per_token": 9.157395666666668,
    "decode_ms": 1009.6439579999999,
    "encoders_per_token": 820.5,
    "forced_waits_per_token": 1.5,
    "latency_ms_per_token": 168.273993,
    "layer_scale_fusions_per_token": 72.0,
    "prefill_ms": 34189.353082999995,
    "prepare_ms": 20330.623583,
    "tok_per_s": 5.942688957288843
  },
  "medians": {
    "command_buffer_wait_ms": 35143.901167,
    "command_buffer_wait_ms_per_token": 5857.316861166667,
    "command_buffers_per_token": 1.5,
    "cpu_encode_ms": 54.944374,
    "cpu_encode_ms_per_token": 9.157395666666668,
    "decode_ms": 1009.6439579999999,
    "encoders_per_token": 820.5,
    "forced_waits_per_token": 1.5,
    "latency_ms_per_token": 168.273993,
    "layer_scale_fusions_per_token": 72.0,
    "prefill_ms": 34189.353082999995,
    "prepare_ms": 20330.623583,
    "tok_per_s": 5.942688957288843
  },
  "metal_compute_dtype": "bfloat16",
  "metal_moe_router_weight_dtype": "bfloat16",
  "metal_weight_dtype": "bfloat16",
  "minimums": {
    "command_buffer_wait_ms": 35143.901167,
    "command_buffer_wait_ms_per_token": 5857.316861166667,
    "command_buffers_per_token": 1.5,
    "cpu_encode_ms": 54.944374,
    "cpu_encode_ms_per_token": 9.157395666666668,
    "decode_ms": 1009.6439579999999,
    "encoders_per_token": 820.5,
    "forced_waits_per_token": 1.5,
    "latency_ms_per_token": 168.273993,
    "layer_scale_fusions_per_token": 72.0,
    "prefill_ms": 34189.353082999995,
    "prepare_ms": 20330.623583,
    "tok_per_s": 5.942688957288843
  },
  "model_dir": "/Users/george/.cache/huggingface/hub/models--google--gemma-4-12B-it/snapshots/707f0a3b8a3c7ad586ed01e27eafbad8a27dd0f7",
  "sample_count": 1,
  "samples": [
    {
      "arena_bytes": 24718537248,
      "backend": "direct",
      "case_count": 3,
      "cases": [
        {
          "command_buffer_wait_ns": 12212922875,
          "command_buffers": 3,
          "cpu_encode_ns": 24935209,
          "cpu_wall_ns": 12237858084,
          "decode_ms": 333.564916,
          "embedding_encoders": 3,
          "encoder_counts_by_kernel_family": {
            "embedding": 3,
            "final_logits_diagnostic": 0,
            "final_sample": 6,
            "layer_body": 1632,
            "layer_scale_fused": 144,
            "ple_input": 0
          },
          "encoders": 1641,
          "final_logits_encoders": 0,
          "final_sample_encoders": 6,
          "finish_reason": "length",
          "forced_waits": 3,
          "generated_text": "11",
          "generated_token_ids": [
            236770,
            236770
          ],
          "hf_reference": null,
          "last_step_command_buffer_wait_ns": 158531209,
          "last_step_command_buffers": 1,
          "last_step_cpu_encode_ns": 5536541,
          "last_step_cpu_wall_ns": 164067750,
          "last_step_encoders": 580,
          "last_step_forced_waits": 1,
          "last_step_gpu_execution_ns": 157851083,
          "last_step_tokens": 1,
          "layer_encoders": 1632,
          "layer_scale_encoder_fusions": 144,
          "library_compiles": 0,
          "max_new_tokens": 2,
          "max_supported_total_tokens": 258,
          "name": "pp256-decode2-warmup",
          "output_text": "a a a a a a a a a a a a a a a a a a a a a a a a a a a a a a a a a a a a a a a a a a a a a a a a a a a a a a a a a a a a a a a a a a a a a a a a a a a a a a a a a a a a a a a a a a a a a a a a a a a a a a a a a a a a a a a a a a a a a a a a a a a a a a a a a a a a a a a a a a a a a a a a a a a a a a a a a a a a a a a a a a a a a a a a a a a a a a a a a a a a a a a a a a a a a a a a a a a a a a a a a a a a a a a a a a a a a a a a a a a a a a a a a a a a a a a a a a a a a a a a a a a a a a a a a a a a a a a 11",
          "output_token_ids": [
            236746,
            496,
            496,
            496,
            496,
            496,
            496,
            496,
            496,
            496,
            496,
            496,
            496,
            496,
            496,
            496,
            496,
            496,
            496,
            496,
            496,
            496,
            496,
            496,
            496,
            496,
            496,
            496,
            496,
            496,
            496,
            496,
            496,
            496,
            496,
            496,
            496,
            496,
            496,
            496,
            496,
            496,
            496,
            496,
            496,
            496,
            496,
            496,
            496,
            496,
            496,
            496,
            496,
            496,
            496,
            496,
            496,
            496,
            496,
            496,
            496,
            496,
            496,
            496,
            496,
            496,
            496,
            496,
            496,
            496,
            496,
            496,
            496,
            496,
            496,
            496,
            496,
            496,
            496,
            496,
            496,
            496,
            496,
            496,
            496,
            496,
            496,
            496,
            496,
            496,
            496,
            496,
            496,
            496,
            496,
            496,
            496,
            496,
            496,
            496,
            496,
            496,
            496,
            496,
            496,
            496,
            496,
            496,
            496,
            496,
            496,
            496,
            496,
            496,
            496,
            496,
            496,
            496,
            496,
            496,
            496,
            496,
            496,
            496,
            496,
            496,
            496,
            496,
            496,
            496,
            496,
            496,
            496,
            496,
            496,
            496,
            496,
            496,
            496,
            496,
            496,
            496,
            496,
            496,
            496,
            496,
            496,
            496,
            496,
            496,
            496,
            496,
            496,
            496,
            496,
            496,
            496,
            496,
            496,
            496,
            496,
            496,
            496,
            496,
            496,
            496,
            496,
            496,
            496,
            496,
            496,
            496,
            496,
            496,
            496,
            496,
            496,
            496,
            496,
            496,
            496,
            496,
            496,
            496,
            496,
            496,
            496,
            496,
            496,
            496,
            496,
            496,
            496,
            496,
            496,
            496,
            496,
            496,
            496,
            496,
            496,
            496,
            496,
            496,
            496,
            496,
            496,
            496,
            496,
            496,
            496,
            496,
            496,
            496,
            496,
            496,
            496,
            496,
            496,
            496,
            496,
            496,
            496,
            496,
            496,
            496,
            496,
            496,
            496,
            496,
            496,
            496,
            496,
            496,
            496,
            496,
            496,
            496,
            496,
            496,
            496,
            496,
            496,
            496,
            496,
            496,
            496,
            496,
            496,
            496,
            496,
            496,
            496,
            496,
            496,
            236743,
            236770,
            236770
          ],
          "pipeline_state_compiles": 0,
          "ple_encoders": 0,
          "prefill_ms": 11904.364125,
          "prompt": "a a a a a a a a a a a a a a a a a a a a a a a a a a a a a a a a a a a a a a a a a a a a a a a a a a a a a a a a a a a a a a a a a a a a a a a a a a a a a a a a a a a a a a a a a a a a a a a a a a a a a a a a a a a a a a a a a a a a a a a a a a a a a a a a a a a a a a a a a a a a a a a a a a a a a a a a a a a a a a a a a a a a a a a a a a a a a a a a a a a a a a a a a a a a a a a a a a a a a a a a a a a a a a a a a a a a a a a a a a a a a a a a a a a a a a a a a a a a a a a a a a a a a a a a a a a a a a a ",
          "prompt_token_ids": [
            236746,
            496,
            496,
            496,
            496,
            496,
            496,
            496,
            496,
            496,
            496,
            496,
            496,
            496,
            496,
            496,
            496,
            496,
            496,
            496,
            496,
            496,
            496,
            496,
            496,
            496,
            496,
            496,
            496,
            496,
            496,
            496,
            496,
            496,
            496,
            496,
            496,
            496,
            496,
            496,
            496,
            496,
            496,
            496,
            496,
            496,
            496,
            496,
            496,
            496,
            496,
            496,
            496,
            496,
            496,
            496,
            496,
            496,
            496,
            496,
            496,
            496,
            496,
            496,
            496,
            496,
            496,
            496,
            496,
            496,
            496,
            496,
            496,
            496,
            496,
            496,
            496,
            496,
            496,
            496,
            496,
            496,
            496,
            496,
            496,
            496,
            496,
            496,
            496,
            496,
            496,
            496,
            496,
            496,
            496,
            496,
            496,
            496,
            496,
            496,
            496,
            496,
            496,
            496,
            496,
            496,
            496,
            496,
            496,
            496,
            496,
            496,
            496,
            496,
            496,
            496,
            496,
            496,
            496,
            496,
            496,
            496,
            496,
            496,
            496,
            496,
            496,
            496,
            496,
            496,
            496,
            496,
            496,
            496,
            496,
            496,
            496,
            496,
            496,
            496,
            496,
            496,
            496,
            496,
            496,
            496,
            496,
            496,
            496,
            496,
            496,
            496,
            496,
            496,
            496,
            496,
            496,
            496,
            496,
            496,
            496,
            496,
            496,
            496,
            496,
            496,
            496,
            496,
            496,
            496,
            496,
            496,
            496,
            496,
            496,
            496,
            496,
            496,
            496,
            496,
            496,
            496,
            496,
            496,
            496,
            496,
            496,
            496,
            496,
            496,
            496,
            496,
            496,
            496,
            496,
            496,
            496,
            496,
            496,
            496,
            496,
            496,
            496,
            496,
            496,
            496,
            496,
            496,
            496,
            496,
            496,
            496,
            496,
            496,
            496,
            496,
            496,
            496,
            496,
            496,
            496,
            496,
            496,
            496,
            496,
            496,
            496,
            496,
            496,
            496,
            496,
            496,
            496,
            496,
            496,
            496,
            496,
            496,
            496,
            496,
            496,
            496,
            496,
            496,
            496,
            496,
            496,
            496,
            496,
            496,
            496,
            496,
            496,
            496,
            496,
            236743
          ],
          "research_dispatch": {
            "counts": {
              "research_global_d512_split_coopkey_r8k8p64t128s32_merge": 16,
              "research_global_d512_split_coopkey_r8k8p64t128s32_partial": 16
            },
            "overflowed": false,
            "schema": "rvllm.metal.research-dispatch.v3"
          },
          "status": "pass",
          "tok_per_s": 5.995834406038074
        },
        {
          "command_buffer_wait_ns": 11040409041,
          "command_buffers": 3,
          "cpu_encode_ns": 13815000,
          "cpu_wall_ns": 11054224041,
          "decode_ms": 330.757792,
          "embedding_encoders": 3,
          "encoder_counts_by_kernel_family": {
            "embedding": 3,
            "final_logits_diagnostic": 0,
            "final_sample": 6,
            "layer_body": 1632,
            "layer_scale_fused": 144,
            "ple_input": 0
          },
          "encoders": 1641,
          "final_logits_encoders": 0,
          "final_sample_encoders": 6,
          "finish_reason": "length",
          "forced_waits": 3,
          "generated_text": "11",
          "generated_token_ids": [
            236770,
            236770
          ],
          "hf_reference": null,
          "last_step_command_buffer_wait_ns": 158650375,
          "last_step_command_buffers": 1,
          "last_step_cpu_encode_ns": 3678458,
          "last_step_cpu_wall_ns": 162328833,
          "last_step_encoders": 580,
          "last_step_forced_waits": 1,
          "last_step_gpu_execution_ns": 157914999,
          "last_step_tokens": 1,
          "layer_encoders": 1632,
          "layer_scale_encoder_fusions": 144,
          "library_compiles": 0,
          "max_new_tokens": 2,
          "max_supported_total_tokens": 258,
          "name": "pp256-decode2-measure-1",
          "output_text": "a a a a a a a a a a a a a a a a a a a a a a a a a a a a a a a a a a a a a a a a a a a a a a a a a a a a a a a a a a a a a a a a a a a a a a a a a a a a a a a a a a a a a a a a a a a a a a a a a a a a a a a a a a a a a a a a a a a a a a a a a a a a a a a a a a a a a a a a a a a a a a a a a a a a a a a a a a a a a a a a a a a a a a a a a a a a a a a a a a a a a a a a a a a a a a a a a a a a a a a a a a a a a a a a a a a a a a a a a a a a a a a a a a a a a a a a a a a a a a a a a a a a a a a a a a a a a a a 11",
          "output_token_ids": [
            236746,
            496,
            496,
            496,
            496,
            496,
            496,
            496,
            496,
            496,
            496,
            496,
            496,
            496,
            496,
            496,
            496,
            496,
            496,
            496,
            496,
            496,
            496,
            496,
            496,
            496,
            496,
            496,
            496,
            496,
            496,
            496,
            496,
            496,
            496,
            496,
            496,
            496,
            496,
            496,
            496,
            496,
            496,
            496,
            496,
            496,
            496,
            496,
            496,
            496,
            496,
            496,
            496,
            496,
            496,
            496,
            496,
            496,
            496,
            496,
            496,
            496,
            496,
            496,
            496,
            496,
            496,
            496,
            496,
            496,
            496,
            496,
            496,
            496,
            496,
            496,
            496,
            496,
            496,
            496,
            496,
            496,
            496,
            496,
            496,
            496,
            496,
            496,
            496,
            496,
            496,
            496,
            496,
            496,
            496,
            496,
            496,
            496,
            496,
            496,
            496,
            496,
            496,
            496,
            496,
            496,
            496,
            496,
            496,
            496,
            496,
            496,
            496,
            496,
            496,
            496,
            496,
            496,
            496,
            496,
            496,
            496,
            496,
            496,
            496,
            496,
            496,
            496,
            496,
            496,
            496,
            496,
            496,
            496,
            496,
            496,
            496,
            496,
            496,
            496,
            496,
            496,
            496,
            496,
            496,
            496,
            496,
            496,
            496,
            496,
            496,
            496,
            496,
            496,
            496,
            496,
            496,
            496,
            496,
            496,
            496,
            496,
            496,
            496,
            496,
            496,
            496,
            496,
            496,
            496,
            496,
            496,
            496,
            496,
            496,
            496,
            496,
            496,
            496,
            496,
            496,
            496,
            496,
            496,
            496,
            496,
            496,
            496,
            496,
            496,
            496,
            496,
            496,
            496,
            496,
            496,
            496,
            496,
            496,
            496,
            496,
            496,
            496,
            496,
            496,
            496,
            496,
            496,
            496,
            496,
            496,
            496,
            496,
            496,
            496,
            496,
            496,
            496,
            496,
            496,
            496,
            496,
            496,
            496,
            496,
            496,
            496,
            496,
            496,
            496,
            496,
            496,
            496,
            496,
            496,
            496,
            496,
            496,
            496,
            496,
            496,
            496,
            496,
            496,
            496,
            496,
            496,
            496,
            496,
            496,
            496,
            496,
            496,
            496,
            496,
            236743,
            236770,
            236770
          ],
          "pipeline_state_compiles": 0,
          "ple_encoders": 0,
          "prefill_ms": 10723.509042,
          "prompt": "a a a a a a a a a a a a a a a a a a a a a a a a a a a a a a a a a a a a a a a a a a a a a a a a a a a a a a a a a a a a a a a a a a a a a a a a a a a a a a a a a a a a a a a a a a a a a a a a a a a a a a a a a a a a a a a a a a a a a a a a a a a a a a a a a a a a a a a a a a a a a a a a a a a a a a a a a a a a a a a a a a a a a a a a a a a a a a a a a a a a a a a a a a a a a a a a a a a a a a a a a a a a a a a a a a a a a a a a a a a a a a a a a a a a a a a a a a a a a a a a a a a a a a a a a a a a a a a ",
          "prompt_token_ids": [
            236746,
            496,
            496,
            496,
            496,
            496,
            496,
            496,
            496,
            496,
            496,
            496,
            496,
            496,
            496,
            496,
            496,
            496,
            496,
            496,
            496,
            496,
            496,
            496,
            496,
            496,
            496,
            496,
            496,
            496,
            496,
            496,
            496,
            496,
            496,
            496,
            496,
            496,
            496,
            496,
            496,
            496,
            496,
            496,
            496,
            496,
            496,
            496,
            496,
            496,
            496,
            496,
            496,
            496,
            496,
            496,
            496,
            496,
            496,
            496,
            496,
            496,
            496,
            496,
            496,
            496,
            496,
            496,
            496,
            496,
            496,
            496,
            496,
            496,
            496,
            496,
            496,
            496,
            496,
            496,
            496,
            496,
            496,
            496,
            496,
            496,
            496,
            496,
            496,
            496,
            496,
            496,
            496,
            496,
            496,
            496,
            496,
            496,
            496,
            496,
            496,
            496,
            496,
            496,
            496,
            496,
            496,
            496,
            496,
            496,
            496,
            496,
            496,
            496,
            496,
            496,
            496,
            496,
            496,
            496,
            496,
            496,
            496,
            496,
            496,
            496,
            496,
            496,
            496,
            496,
            496,
            496,
            496,
            496,
            496,
            496,
            496,
            496,
            496,
            496,
            496,
            496,
            496,
            496,
            496,
            496,
            496,
            496,
            496,
            496,
            496,
            496,
            496,
            496,
            496,
            496,
            496,
            496,
            496,
            496,
            496,
            496,
            496,
            496,
            496,
            496,
            496,
            496,
            496,
            496,
            496,
            496,
            496,
            496,
            496,
            496,
            496,
            496,
            496,
            496,
            496,
            496,
            496,
            496,
            496,
            496,
            496,
            496,
            496,
            496,
            496,
            496,
            496,
            496,
            496,
            496,
            496,
            496,
            496,
            496,
            496,
            496,
            496,
            496,
            496,
            496,
            496,
            496,
            496,
            496,
            496,
            496,
            496,
            496,
            496,
            496,
            496,
            496,
            496,
            496,
            496,
            496,
            496,
            496,
            496,
            496,
            496,
            496,
            496,
            496,
            496,
            496,
            496,
            496,
            496,
            496,
            496,
            496,
            496,
            496,
            496,
            496,
            496,
            496,
            496,
            496,
            496,
            496,
            496,
            496,
            496,
            496,
            496,
            496,
            496,
            236743
          ],
          "research_dispatch": {
            "counts": {
              "research_global_d512_split_coopkey_r8k8p64t128s32_merge": 16,
              "research_global_d512_split_coopkey_r8k8p64t128s32_partial": 16
            },
            "overflowed": false,
            "schema": "rvllm.metal.research-dispatch.v3"
          },
          "status": "pass",
          "tok_per_s": 6.046720737572223
        },
        {
          "command_buffer_wait_ns": 11890569251,
          "command_buffers": 3,
          "cpu_encode_ns": 16194165,
          "cpu_wall_ns": 11906763416,
          "decode_ms": 345.32125,
          "embedding_encoders": 3,
          "encoder_counts_by_kernel_family": {
            "embedding": 3,
            "final_logits_diagnostic": 0,
            "final_sample": 6,
            "layer_body": 1632,
            "layer_scale_fused": 144,
            "ple_input": 0
          },
          "encoders": 1641,
          "final_logits_encoders": 0,
          "final_sample_encoders": 6,
          "finish_reason": "length",
          "forced_waits": 3,
          "generated_text": "11",
          "generated_token_ids": [
            236770,
            236770
          ],
          "hf_reference": null,
          "last_step_command_buffer_wait_ns": 164473709,
          "last_step_command_buffers": 1,
          "last_step_cpu_encode_ns": 6162791,
          "last_step_cpu_wall_ns": 170636500,
          "last_step_encoders": 580,
          "last_step_forced_waits": 1,
          "last_step_gpu_execution_ns": 163591291,
          "last_step_tokens": 1,
          "layer_encoders": 1632,
          "layer_scale_encoder_fusions": 144,
          "library_compiles": 0,
          "max_new_tokens": 2,
          "max_supported_total_tokens": 258,
          "name": "pp256-decode2-measure-2",
          "output_text": "a a a a a a a a a a a a a a a a a a a a a a a a a a a a a a a a a a a a a a a a a a a a a a a a a a a a a a a a a a a a a a a a a a a a a a a a a a a a a a a a a a a a a a a a a a a a a a a a a a a a a a a a a a a a a a a a a a a a a a a a a a a a a a a a a a a a a a a a a a a a a a a a a a a a a a a a a a a a a a a a a a a a a a a a a a a a a a a a a a a a a a a a a a a a a a a a a a a a a a a a a a a a a a a a a a a a a a a a a a a a a a a a a a a a a a a a a a a a a a a a a a a a a a a a a a a a a a a 11",
          "output_token_ids": [
            236746,
            496,
            496,
            496,
            496,
            496,
            496,
            496,
            496,
            496,
            496,
            496,
            496,
            496,
            496,
            496,
            496,
            496,
            496,
            496,
            496,
            496,
            496,
            496,
            496,
            496,
            496,
            496,
            496,
            496,
            496,
            496,
            496,
            496,
            496,
            496,
            496,
            496,
            496,
            496,
            496,
            496,
            496,
            496,
            496,
            496,
            496,
            496,
            496,
            496,
            496,
            496,
            496,
            496,
            496,
            496,
            496,
            496,
            496,
            496,
            496,
            496,
            496,
            496,
            496,
            496,
            496,
            496,
            496,
            496,
            496,
            496,
            496,
            496,
            496,
            496,
            496,
            496,
            496,
            496,
            496,
            496,
            496,
            496,
            496,
            496,
            496,
            496,
            496,
            496,
            496,
            496,
            496,
            496,
            496,
            496,
            496,
            496,
            496,
            496,
            496,
            496,
            496,
            496,
            496,
            496,
            496,
            496,
            496,
            496,
            496,
            496,
            496,
            496,
            496,
            496,
            496,
            496,
            496,
            496,
            496,
            496,
            496,
            496,
            496,
            496,
            496,
            496,
            496,
            496,
            496,
            496,
            496,
            496,
            496,
            496,
            496,
            496,
            496,
            496,
            496,
            496,
            496,
            496,
            496,
            496,
            496,
            496,
            496,
            496,
            496,
            496,
            496,
            496,
            496,
            496,
            496,
            496,
            496,
            496,
            496,
            496,
            496,
            496,
            496,
            496,
            496,
            496,
            496,
            496,
            496,
            496,
            496,
            496,
            496,
            496,
            496,
            496,
            496,
            496,
            496,
            496,
            496,
            496,
            496,
            496,
            496,
            496,
            496,
            496,
            496,
            496,
            496,
            496,
            496,
            496,
            496,
            496,
            496,
            496,
            496,
            496,
            496,
            496,
            496,
            496,
            496,
            496,
            496,
            496,
            496,
            496,
            496,
            496,
            496,
            496,
            496,
            496,
            496,
            496,
            496,
            496,
            496,
            496,
            496,
            496,
            496,
            496,
            496,
            496,
            496,
            496,
            496,
            496,
            496,
            496,
            496,
            496,
            496,
            496,
            496,
            496,
            496,
            496,
            496,
            496,
            496,
            496,
            496,
            496,
            496,
            496,
            496,
            496,
            496,
            236743,
            236770,
            236770
          ],
          "pipeline_state_compiles": 0,
          "ple_encoders": 0,
          "prefill_ms": 11561.479916,
          "prompt": "a a a a a a a a a a a a a a a a a a a a a a a a a a a a a a a a a a a a a a a a a a a a a a a a a a a a a a a a a a a a a a a a a a a a a a a a a a a a a a a a a a a a a a a a a a a a a a a a a a a a a a a a a a a a a a a a a a a a a a a a a a a a a a a a a a a a a a a a a a a a a a a a a a a a a a a a a a a a a a a a a a a a a a a a a a a a a a a a a a a a a a a a a a a a a a a a a a a a a a a a a a a a a a a a a a a a a a a a a a a a a a a a a a a a a a a a a a a a a a a a a a a a a a a a a a a a a a a ",
          "prompt_token_ids": [
            236746,
            496,
            496,
            496,
            496,
            496,
            496,
            496,
            496,
            496,
            496,
            496,
            496,
            496,
            496,
            496,
            496,
            496,
            496,
            496,
            496,
            496,
            496,
            496,
            496,
            496,
            496,
            496,
            496,
            496,
            496,
            496,
            496,
            496,
            496,
            496,
            496,
            496,
            496,
            496,
            496,
            496,
            496,
            496,
            496,
            496,
            496,
            496,
            496,
            496,
            496,
            496,
            496,
            496,
            496,
            496,
            496,
            496,
            496,
            496,
            496,
            496,
            496,
            496,
            496,
            496,
            496,
            496,
            496,
            496,
            496,
            496,
            496,
            496,
            496,
            496,
            496,
            496,
            496,
            496,
            496,
            496,
            496,
            496,
            496,
            496,
            496,
            496,
            496,
            496,
            496,
            496,
            496,
            496,
            496,
            496,
            496,
            496,
            496,
            496,
            496,
            496,
            496,
            496,
            496,
            496,
            496,
            496,
            496,
            496,
            496,
            496,
            496,
            496,
            496,
            496,
            496,
            496,
            496,
            496,
            496,
            496,
            496,
            496,
            496,
            496,
            496,
            496,
            496,
            496,
            496,
            496,
            496,
            496,
            496,
            496,
            496,
            496,
            496,
            496,
            496,
            496,
            496,
            496,
            496,
            496,
            496,
            496,
            496,
            496,
            496,
            496,
            496,
            496,
            496,
            496,
            496,
            496,
            496,
            496,
            496,
            496,
            496,
            496,
            496,
            496,
            496,
            496,
            496,
            496,
            496,
            496,
            496,
            496,
            496,
            496,
            496,
            496,
            496,
            496,
            496,
            496,
            496,
            496,
            496,
            496,
            496,
            496,
            496,
            496,
            496,
            496,
            496,
            496,
            496,
            496,
            496,
            496,
            496,
            496,
            496,
            496,
            496,
            496,
            496,
            496,
            496,
            496,
            496,
            496,
            496,
            496,
            496,
            496,
            496,
            496,
            496,
            496,
            496,
            496,
            496,
            496,
            496,
            496,
            496,
            496,
            496,
            496,
            496,
            496,
            496,
            496,
            496,
            496,
            496,
            496,
            496,
            496,
            496,
            496,
            496,
            496,
            496,
            496,
            496,
            496,
            496,
            496,
            496,
            496,
            496,
            496,
            496,
            496,
            496,
            236743
          ],
          "research_dispatch": {
            "counts": {
              "research_global_d512_split_coopkey_r8k8p64t128s32_merge": 16,
              "research_global_d512_split_coopkey_r8k8p64t128s32_partial": 16
            },
            "overflowed": false,
            "schema": "rvllm.metal.research-dispatch.v3"
          },
          "status": "pass",
          "tok_per_s": 5.791708445396858
        }
      ],
      "checkpoint_complete": true,
      "checkpoint_completed_cases": 3,
      "checkpoint_total_cases": 3,
      "claim": "Apple Metal text inference workflow; not production-ready until acceptance gates pass",
      "command_buffer_wait_ns": 35143901167,
      "command_buffers": 9,
      "cpu_encode_ns": 54944374,
      "cpu_wall_ns": 35198845541,
      "debug_sync": false,
      "decode_ms": 1009.6439579999999,
      "embedding_encoders": 9,
      "encoder_counts_by_kernel_family": {
        "embedding": 9,
        "final_logits_diagnostic": 0,
        "final_sample": 18,
        "layer_body": 4896,
        "layer_scale_fused": 432,
        "ple_input": 0
      },
      "encoders": 4923,
      "final_logits_encoders": 0,
      "final_sample_encoders": 18,
      "forced_waits": 9,
      "generated_tokens": 6,
      "large_model_opt_in": true,
      "last_step_command_buffer_wait_ns": 164473709,
      "last_step_command_buffers": 1,
      "last_step_cpu_encode_ns": 6162791,
      "last_step_cpu_wall_ns": 170636500,
      "last_step_encoders": 580,
      "last_step_forced_waits": 1,
      "last_step_gpu_execution_ns": 163591291,
      "last_step_tokens": 1,
      "layer_encoders": 4896,
      "layer_scale_encoder_fusions": 432,
      "library_compiles": 1,
      "max_supported_total_tokens": 258,
      "metal_compute_dtype": "bfloat16",
      "metal_moe_router_weight_dtype": "bfloat16",
      "metal_weight_dtype": "bfloat16",
      "model_dir": "/Users/george/.cache/huggingface/hub/models--google--gemma-4-12B-it/snapshots/707f0a3b8a3c7ad586ed01e27eafbad8a27dd0f7",
      "pipeline_state_compiles": 54,
      "ple_encoders": 0,
      "prefill_ms": 34189.353082999995,
      "prepare_ms": 20330.623583,
      "research_dispatch": {
        "counts": {
          "research_global_d512_split_coopkey_r8k8p64t128s32_merge": 48,
          "research_global_d512_split_coopkey_r8k8p64t128s32_partial": 48
        },
        "overflowed": false,
        "schema": "rvllm.metal.research-dispatch.v3"
      },
      "schema": "rvllm.apple_metal_text_session.v1",
      "status": "pass",
      "tok_per_s": 5.942688957288843,
      "total_ms": 55532.523125
    }
  ],
  "schema": "rvllm.apple_metal_text_session_profile.v1"
}
{
  "backend": "direct",
  "claim": "Apple Metal text session profile only; not production performance, ANE, external profiler, or production readiness evidence",
  "maximums": {
    "command_buffer_wait_ms": 34712.914626,
    "command_buffer_wait_ms_per_token": 5785.485771,
    "command_buffers_per_token": 1.5,
    "cpu_encode_ms": 72.914413,
    "cpu_encode_ms_per_token": 12.152402166666667,
    "decode_ms": 1005.4095830000001,
    "encoders_per_token": 820.5,
    "forced_waits_per_token": 1.5,
    "latency_ms_per_token": 167.56826383333336,
    "layer_scale_fusions_per_token": 72.0,
    "prefill_ms": 33780.631876,
    "prepare_ms": 20349.537625,
    "tok_per_s": 5.967717138817046
  },
  "medians": {
    "command_buffer_wait_ms": 34712.914626,
    "command_buffer_wait_ms_per_token": 5785.485771,
    "command_buffers_per_token": 1.5,
    "cpu_encode_ms": 72.914413,
    "cpu_encode_ms_per_token": 12.152402166666667,
    "decode_ms": 1005.4095830000001,
    "encoders_per_token": 820.5,
    "forced_waits_per_token": 1.5,
    "latency_ms_per_token": 167.56826383333336,
    "layer_scale_fusions_per_token": 72.0,
    "prefill_ms": 33780.631876,
    "prepare_ms": 20349.537625,
    "tok_per_s": 5.967717138817046
  },
  "metal_compute_dtype": "bfloat16",
  "metal_moe_router_weight_dtype": "bfloat16",
  "metal_weight_dtype": "bfloat16",
  "minimums": {
    "command_buffer_wait_ms": 34712.914626,
    "command_buffer_wait_ms_per_token": 5785.485771,
    "command_buffers_per_token": 1.5,
    "cpu_encode_ms": 72.914413,
    "cpu_encode_ms_per_token": 12.152402166666667,
    "decode_ms": 1005.4095830000001,
    "encoders_per_token": 820.5,
    "forced_waits_per_token": 1.5,
    "latency_ms_per_token": 167.56826383333336,
    "layer_scale_fusions_per_token": 72.0,
    "prefill_ms": 33780.631876,
    "prepare_ms": 20349.537625,
    "tok_per_s": 5.967717138817046
  },
  "model_dir": "/Users/george/.cache/huggingface/hub/models--google--gemma-4-12B-it/snapshots/707f0a3b8a3c7ad586ed01e27eafbad8a27dd0f7",
  "sample_count": 1,
  "samples": [
    {
      "arena_bytes": 24718537248,
      "backend": "direct",
      "case_count": 3,
      "cases": [
        {
          "command_buffer_wait_ns": 12383826168,
          "command_buffers": 3,
          "cpu_encode_ns": 37824706,
          "cpu_wall_ns": 12421650874,
          "decode_ms": 335.28329099999996,
          "embedding_encoders": 3,
          "encoder_counts_by_kernel_family": {
            "embedding": 3,
            "final_logits_diagnostic": 0,
            "final_sample": 6,
            "layer_body": 1632,
            "layer_scale_fused": 144,
            "ple_input": 0
          },
          "encoders": 1641,
          "final_logits_encoders": 0,
          "final_sample_encoders": 6,
          "finish_reason": "length",
          "forced_waits": 3,
          "generated_text": "11",
          "generated_token_ids": [
            236770,
            236770
          ],
          "hf_reference": null,
          "last_step_command_buffer_wait_ns": 158906917,
          "last_step_command_buffers": 1,
          "last_step_cpu_encode_ns": 6059416,
          "last_step_cpu_wall_ns": 164966333,
          "last_step_encoders": 580,
          "last_step_forced_waits": 1,
          "last_step_gpu_execution_ns": 158079416,
          "last_step_tokens": 1,
          "layer_encoders": 1632,
          "layer_scale_encoder_fusions": 144,
          "library_compiles": 0,
          "max_new_tokens": 2,
          "max_supported_total_tokens": 258,
          "name": "pp256-decode2-warmup",
          "output_text": "a a a a a a a a a a a a a a a a a a a a a a a a a a a a a a a a a a a a a a a a a a a a a a a a a a a a a a a a a a a a a a a a a a a a a a a a a a a a a a a a a a a a a a a a a a a a a a a a a a a a a a a a a a a a a a a a a a a a a a a a a a a a a a a a a a a a a a a a a a a a a a a a a a a a a a a a a a a a a a a a a a a a a a a a a a a a a a a a a a a a a a a a a a a a a a a a a a a a a a a a a a a a a a a a a a a a a a a a a a a a a a a a a a a a a a a a a a a a a a a a a a a a a a a a a a a a a a a 11",
          "output_token_ids": [
            236746,
            496,
            496,
            496,
            496,
            496,
            496,
            496,
            496,
            496,
            496,
            496,
            496,
            496,
            496,
            496,
            496,
            496,
            496,
            496,
            496,
            496,
            496,
            496,
            496,
            496,
            496,
            496,
            496,
            496,
            496,
            496,
            496,
            496,
            496,
            496,
            496,
            496,
            496,
            496,
            496,
            496,
            496,
            496,
            496,
            496,
            496,
            496,
            496,
            496,
            496,
            496,
            496,
            496,
            496,
            496,
            496,
            496,
            496,
            496,
            496,
            496,
            496,
            496,
            496,
            496,
            496,
            496,
            496,
            496,
            496,
            496,
            496,
            496,
            496,
            496,
            496,
            496,
            496,
            496,
            496,
            496,
            496,
            496,
            496,
            496,
            496,
            496,
            496,
            496,
            496,
            496,
            496,
            496,
            496,
            496,
            496,
            496,
            496,
            496,
            496,
            496,
            496,
            496,
            496,
            496,
            496,
            496,
            496,
            496,
            496,
            496,
            496,
            496,
            496,
            496,
            496,
            496,
            496,
            496,
            496,
            496,
            496,
            496,
            496,
            496,
            496,
            496,
            496,
            496,
            496,
            496,
            496,
            496,
            496,
            496,
            496,
            496,
            496,
            496,
            496,
            496,
            496,
            496,
            496,
            496,
            496,
            496,
            496,
            496,
            496,
            496,
            496,
            496,
            496,
            496,
            496,
            496,
            496,
            496,
            496,
            496,
            496,
            496,
            496,
            496,
            496,
            496,
            496,
            496,
            496,
            496,
            496,
            496,
            496,
            496,
            496,
            496,
            496,
            496,
            496,
            496,
            496,
            496,
            496,
            496,
            496,
            496,
            496,
            496,
            496,
            496,
            496,
            496,
            496,
            496,
            496,
            496,
            496,
            496,
            496,
            496,
            496,
            496,
            496,
            496,
            496,
            496,
            496,
            496,
            496,
            496,
            496,
            496,
            496,
            496,
            496,
            496,
            496,
            496,
            496,
            496,
            496,
            496,
            496,
            496,
            496,
            496,
            496,
            496,
            496,
            496,
            496,
            496,
            496,
            496,
            496,
            496,
            496,
            496,
            496,
            496,
            496,
            496,
            496,
            496,
            496,
            496,
            496,
            496,
            496,
            496,
            496,
            496,
            496,
            236743,
            236770,
            236770
          ],
          "pipeline_state_compiles": 0,
          "ple_encoders": 0,
          "prefill_ms": 12086.472042000001,
          "prompt": "a a a a a a a a a a a a a a a a a a a a a a a a a a a a a a a a a a a a a a a a a a a a a a a a a a a a a a a a a a a a a a a a a a a a a a a a a a a a a a a a a a a a a a a a a a a a a a a a a a a a a a a a a a a a a a a a a a a a a a a a a a a a a a a a a a a a a a a a a a a a a a a a a a a a a a a a a a a a a a a a a a a a a a a a a a a a a a a a a a a a a a a a a a a a a a a a a a a a a a a a a a a a a a a a a a a a a a a a a a a a a a a a a a a a a a a a a a a a a a a a a a a a a a a a a a a a a a a ",
          "prompt_token_ids": [
            236746,
            496,
            496,
            496,
            496,
            496,
            496,
            496,
            496,
            496,
            496,
            496,
            496,
            496,
            496,
            496,
            496,
            496,
            496,
            496,
            496,
            496,
            496,
            496,
            496,
            496,
            496,
            496,
            496,
            496,
            496,
            496,
            496,
            496,
            496,
            496,
            496,
            496,
            496,
            496,
            496,
            496,
            496,
            496,
            496,
            496,
            496,
            496,
            496,
            496,
            496,
            496,
            496,
            496,
            496,
            496,
            496,
            496,
            496,
            496,
            496,
            496,
            496,
            496,
            496,
            496,
            496,
            496,
            496,
            496,
            496,
            496,
            496,
            496,
            496,
            496,
            496,
            496,
            496,
            496,
            496,
            496,
            496,
            496,
            496,
            496,
            496,
            496,
            496,
            496,
            496,
            496,
            496,
            496,
            496,
            496,
            496,
            496,
            496,
            496,
            496,
            496,
            496,
            496,
            496,
            496,
            496,
            496,
            496,
            496,
            496,
            496,
            496,
            496,
            496,
            496,
            496,
            496,
            496,
            496,
            496,
            496,
            496,
            496,
            496,
            496,
            496,
            496,
            496,
            496,
            496,
            496,
            496,
            496,
            496,
            496,
            496,
            496,
            496,
            496,
            496,
            496,
            496,
            496,
            496,
            496,
            496,
            496,
            496,
            496,
            496,
            496,
            496,
            496,
            496,
            496,
            496,
            496,
            496,
            496,
            496,
            496,
            496,
            496,
            496,
            496,
            496,
            496,
            496,
            496,
            496,
            496,
            496,
            496,
            496,
            496,
            496,
            496,
            496,
            496,
            496,
            496,
            496,
            496,
            496,
            496,
            496,
            496,
            496,
            496,
            496,
            496,
            496,
            496,
            496,
            496,
            496,
            496,
            496,
            496,
            496,
            496,
            496,
            496,
            496,
            496,
            496,
            496,
            496,
            496,
            496,
            496,
            496,
            496,
            496,
            496,
            496,
            496,
            496,
            496,
            496,
            496,
            496,
            496,
            496,
            496,
            496,
            496,
            496,
            496,
            496,
            496,
            496,
            496,
            496,
            496,
            496,
            496,
            496,
            496,
            496,
            496,
            496,
            496,
            496,
            496,
            496,
            496,
            496,
            496,
            496,
            496,
            496,
            496,
            496,
            236743
          ],
          "research_dispatch": {
            "counts": {
              "research_global_d512_split_coopkey_r8k8p64t128s32_merge": 16,
              "research_global_d512_split_coopkey_r8k8p64t128s32_partial": 16
            },
            "overflowed": false,
            "schema": "rvllm.metal.research-dispatch.v3"
          },
          "status": "pass",
          "tok_per_s": 5.96510489393878
        },
        {
          "command_buffer_wait_ns": 10981509332,
          "command_buffers": 3,
          "cpu_encode_ns": 17976792,
          "cpu_wall_ns": 10999486124,
          "decode_ms": 330.947875,
          "embedding_encoders": 3,
          "encoder_counts_by_kernel_family": {
            "embedding": 3,
            "final_logits_diagnostic": 0,
            "final_sample": 6,
            "layer_body": 1632,
            "layer_scale_fused": 144,
            "ple_input": 0
          },
          "encoders": 1641,
          "final_logits_encoders": 0,
          "final_sample_encoders": 6,
          "finish_reason": "length",
          "forced_waits": 3,
          "generated_text": "11",
          "generated_token_ids": [
            236770,
            236770
          ],
          "hf_reference": null,
          "last_step_command_buffer_wait_ns": 159085666,
          "last_step_command_buffers": 1,
          "last_step_cpu_encode_ns": 6079459,
          "last_step_cpu_wall_ns": 165165125,
          "last_step_encoders": 580,
          "last_step_forced_waits": 1,
          "last_step_gpu_execution_ns": 158128125,
          "last_step_tokens": 1,
          "layer_encoders": 1632,
          "layer_scale_encoder_fusions": 144,
          "library_compiles": 0,
          "max_new_tokens": 2,
          "max_supported_total_tokens": 258,
          "name": "pp256-decode2-measure-1",
          "output_text": "a a a a a a a a a a a a a a a a a a a a a a a a a a a a a a a a a a a a a a a a a a a a a a a a a a a a a a a a a a a a a a a a a a a a a a a a a a a a a a a a a a a a a a a a a a a a a a a a a a a a a a a a a a a a a a a a a a a a a a a a a a a a a a a a a a a a a a a a a a a a a a a a a a a a a a a a a a a a a a a a a a a a a a a a a a a a a a a a a a a a a a a a a a a a a a a a a a a a a a a a a a a a a a a a a a a a a a a a a a a a a a a a a a a a a a a a a a a a a a a a a a a a a a a a a a a a a a a 11",
          "output_token_ids": [
            236746,
            496,
            496,
            496,
            496,
            496,
            496,
            496,
            496,
            496,
            496,
            496,
            496,
            496,
            496,
            496,
            496,
            496,
            496,
            496,
            496,
            496,
            496,
            496,
            496,
            496,
            496,
            496,
            496,
            496,
            496,
            496,
            496,
            496,
            496,
            496,
            496,
            496,
            496,
            496,
            496,
            496,
            496,
            496,
            496,
            496,
            496,
            496,
            496,
            496,
            496,
            496,
            496,
            496,
            496,
            496,
            496,
            496,
            496,
            496,
            496,
            496,
            496,
            496,
            496,
            496,
            496,
            496,
            496,
            496,
            496,
            496,
            496,
            496,
            496,
            496,
            496,
            496,
            496,
            496,
            496,
            496,
            496,
            496,
            496,
            496,
            496,
            496,
            496,
            496,
            496,
            496,
            496,
            496,
            496,
            496,
            496,
            496,
            496,
            496,
            496,
            496,
            496,
            496,
            496,
            496,
            496,
            496,
            496,
            496,
            496,
            496,
            496,
            496,
            496,
            496,
            496,
            496,
            496,
            496,
            496,
            496,
            496,
            496,
            496,
            496,
            496,
            496,
            496,
            496,
            496,
            496,
            496,
            496,
            496,
            496,
            496,
            496,
            496,
            496,
            496,
            496,
            496,
            496,
            496,
            496,
            496,
            496,
            496,
            496,
            496,
            496,
            496,
            496,
            496,
            496,
            496,
            496,
            496,
            496,
            496,
            496,
            496,
            496,
            496,
            496,
            496,
            496,
            496,
            496,
            496,
            496,
            496,
            496,
            496,
            496,
            496,
            496,
            496,
            496,
            496,
            496,
            496,
            496,
            496,
            496,
            496,
            496,
            496,
            496,
            496,
            496,
            496,
            496,
            496,
            496,
            496,
            496,
            496,
            496,
            496,
            496,
            496,
            496,
            496,
            496,
            496,
            496,
            496,
            496,
            496,
            496,
            496,
            496,
            496,
            496,
            496,
            496,
            496,
            496,
            496,
            496,
            496,
            496,
            496,
            496,
            496,
            496,
            496,
            496,
            496,
            496,
            496,
            496,
            496,
            496,
            496,
            496,
            496,
            496,
            496,
            496,
            496,
            496,
            496,
            496,
            496,
            496,
            496,
            496,
            496,
            496,
            496,
            496,
            496,
            236743,
            236770,
            236770
          ],
          "pipeline_state_compiles": 0,
          "ple_encoders": 0,
          "prefill_ms": 10668.586209000001,
          "prompt": "a a a a a a a a a a a a a a a a a a a a a a a a a a a a a a a a a a a a a a a a a a a a a a a a a a a a a a a a a a a a a a a a a a a a a a a a a a a a a a a a a a a a a a a a a a a a a a a a a a a a a a a a a a a a a a a a a a a a a a a a a a a a a a a a a a a a a a a a a a a a a a a a a a a a a a a a a a a a a a a a a a a a a a a a a a a a a a a a a a a a a a a a a a a a a a a a a a a a a a a a a a a a a a a a a a a a a a a a a a a a a a a a a a a a a a a a a a a a a a a a a a a a a a a a a a a a a a a ",
          "prompt_token_ids": [
            236746,
            496,
            496,
            496,
            496,
            496,
            496,
            496,
            496,
            496,
            496,
            496,
            496,
            496,
            496,
            496,
            496,
            496,
            496,
            496,
            496,
            496,
            496,
            496,
            496,
            496,
            496,
            496,
            496,
            496,
            496,
            496,
            496,
            496,
            496,
            496,
            496,
            496,
            496,
            496,
            496,
            496,
            496,
            496,
            496,
            496,
            496,
            496,
            496,
            496,
            496,
            496,
            496,
            496,
            496,
            496,
            496,
            496,
            496,
            496,
            496,
            496,
            496,
            496,
            496,
            496,
            496,
            496,
            496,
            496,
            496,
            496,
            496,
            496,
            496,
            496,
            496,
            496,
            496,
            496,
            496,
            496,
            496,
            496,
            496,
            496,
            496,
            496,
            496,
            496,
            496,
            496,
            496,
            496,
            496,
            496,
            496,
            496,
            496,
            496,
            496,
            496,
            496,
            496,
            496,
            496,
            496,
            496,
            496,
            496,
            496,
            496,
            496,
            496,
            496,
            496,
            496,
            496,
            496,
            496,
            496,
            496,
            496,
            496,
            496,
            496,
            496,
            496,
            496,
            496,
            496,
            496,
            496,
            496,
            496,
            496,
            496,
            496,
            496,
            496,
            496,
            496,
            496,
            496,
            496,
            496,
            496,
            496,
            496,
            496,
            496,
            496,
            496,
            496,
            496,
            496,
            496,
            496,
            496,
            496,
            496,
            496,
            496,
            496,
            496,
            496,
            496,
            496,
            496,
            496,
            496,
            496,
            496,
            496,
            496,
            496,
            496,
            496,
            496,
            496,
            496,
            496,
            496,
            496,
            496,
            496,
            496,
            496,
            496,
            496,
            496,
            496,
            496,
            496,
            496,
            496,
            496,
            496,
            496,
            496,
            496,
            496,
            496,
            496,
            496,
            496,
            496,
            496,
            496,
            496,
            496,
            496,
            496,
            496,
            496,
            496,
            496,
            496,
            496,
            496,
            496,
            496,
            496,
            496,
            496,
            496,
            496,
            496,
            496,
            496,
            496,
            496,
            496,
            496,
            496,
            496,
            496,
            496,
            496,
            496,
            496,
            496,
            496,
            496,
            496,
            496,
            496,
            496,
            496,
            496,
            496,
            496,
            496,
            496,
            496,
            236743
          ],
          "research_dispatch": {
            "counts": {
              "research_global_d512_split_coopkey_r8k8p64t128s32_merge": 16,
              "research_global_d512_split_coopkey_r8k8p64t128s32_partial": 16
            },
            "overflowed": false,
            "schema": "rvllm.metal.research-dispatch.v3"
          },
          "status": "pass",
          "tok_per_s": 6.0432477470961246
        },
        {
          "command_buffer_wait_ns": 11347579126,
          "command_buffers": 3,
          "cpu_encode_ns": 17112915,
          "cpu_wall_ns": 11364692041,
          "decode_ms": 339.178417,
          "embedding_encoders": 3,
          "encoder_counts_by_kernel_family": {
            "embedding": 3,
            "final_logits_diagnostic": 0,
            "final_sample": 6,
            "layer_body": 1632,
            "layer_scale_fused": 144,
            "ple_input": 0
          },
          "encoders": 1641,
          "final_logits_encoders": 0,
          "final_sample_encoders": 6,
          "finish_reason": "length",
          "forced_waits": 3,
          "generated_text": "11",
          "generated_token_ids": [
            236770,
            236770
          ],
          "hf_reference": null,
          "last_step_command_buffer_wait_ns": 163201917,
          "last_step_command_buffers": 1,
          "last_step_cpu_encode_ns": 6202041,
          "last_step_cpu_wall_ns": 169403958,
          "last_step_encoders": 580,
          "last_step_forced_waits": 1,
          "last_step_gpu_execution_ns": 162279249,
          "last_step_tokens": 1,
          "layer_encoders": 1632,
          "layer_scale_encoder_fusions": 144,
          "library_compiles": 0,
          "max_new_tokens": 2,
          "max_supported_total_tokens": 258,
          "name": "pp256-decode2-measure-2",
          "output_text": "a a a a a a a a a a a a a a a a a a a a a a a a a a a a a a a a a a a a a a a a a a a a a a a a a a a a a a a a a a a a a a a a a a a a a a a a a a a a a a a a a a a a a a a a a a a a a a a a a a a a a a a a a a a a a a a a a a a a a a a a a a a a a a a a a a a a a a a a a a a a a a a a a a a a a a a a a a a a a a a a a a a a a a a a a a a a a a a a a a a a a a a a a a a a a a a a a a a a a a a a a a a a a a a a a a a a a a a a a a a a a a a a a a a a a a a a a a a a a a a a a a a a a a a a a a a a a a a 11",
          "output_token_ids": [
            236746,
            496,
            496,
            496,
            496,
            496,
            496,
            496,
            496,
            496,
            496,
            496,
            496,
            496,
            496,
            496,
            496,
            496,
            496,
            496,
            496,
            496,
            496,
            496,
            496,
            496,
            496,
            496,
            496,
            496,
            496,
            496,
            496,
            496,
            496,
            496,
            496,
            496,
            496,
            496,
            496,
            496,
            496,
            496,
            496,
            496,
            496,
            496,
            496,
            496,
            496,
            496,
            496,
            496,
            496,
            496,
            496,
            496,
            496,
            496,
            496,
            496,
            496,
            496,
            496,
            496,
            496,
            496,
            496,
            496,
            496,
            496,
            496,
            496,
            496,
            496,
            496,
            496,
            496,
            496,
            496,
            496,
            496,
            496,
            496,
            496,
            496,
            496,
            496,
            496,
            496,
            496,
            496,
            496,
            496,
            496,
            496,
            496,
            496,
            496,
            496,
            496,
            496,
            496,
            496,
            496,
            496,
            496,
            496,
            496,
            496,
            496,
            496,
            496,
            496,
            496,
            496,
            496,
            496,
            496,
            496,
            496,
            496,
            496,
            496,
            496,
            496,
            496,
            496,
            496,
            496,
            496,
            496,
            496,
            496,
            496,
            496,
            496,
            496,
            496,
            496,
            496,
            496,
            496,
            496,
            496,
            496,
            496,
            496,
            496,
            496,
            496,
            496,
            496,
            496,
            496,
            496,
            496,
            496,
            496,
            496,
            496,
            496,
            496,
            496,
            496,
            496,
            496,
            496,
            496,
            496,
            496,
            496,
            496,
            496,
            496,
            496,
            496,
            496,
            496,
            496,
            496,
            496,
            496,
            496,
            496,
            496,
            496,
            496,
            496,
            496,
            496,
            496,
            496,
            496,
            496,
            496,
            496,
            496,
            496,
            496,
            496,
            496,
            496,
            496,
            496,
            496,
            496,
            496,
            496,
            496,
            496,
            496,
            496,
            496,
            496,
            496,
            496,
            496,
            496,
            496,
            496,
            496,
            496,
            496,
            496,
            496,
            496,
            496,
            496,
            496,
            496,
            496,
            496,
            496,
            496,
            496,
            496,
            496,
            496,
            496,
            496,
            496,
            496,
            496,
            496,
            496,
            496,
            496,
            496,
            496,
            496,
            496,
            496,
            496,
            236743,
            236770,
            236770
          ],
          "pipeline_state_compiles": 0,
          "ple_encoders": 0,
          "prefill_ms": 11025.573624999999,
          "prompt": "a a a a a a a a a a a a a a a a a a a a a a a a a a a a a a a a a a a a a a a a a a a a a a a a a a a a a a a a a a a a a a a a a a a a a a a a a a a a a a a a a a a a a a a a a a a a a a a a a a a a a a a a a a a a a a a a a a a a a a a a a a a a a a a a a a a a a a a a a a a a a a a a a a a a a a a a a a a a a a a a a a a a a a a a a a a a a a a a a a a a a a a a a a a a a a a a a a a a a a a a a a a a a a a a a a a a a a a a a a a a a a a a a a a a a a a a a a a a a a a a a a a a a a a a a a a a a a a ",
          "prompt_token_ids": [
            236746,
            496,
            496,
            496,
            496,
            496,
            496,
            496,
            496,
            496,
            496,
            496,
            496,
            496,
            496,
            496,
            496,
            496,
            496,
            496,
            496,
            496,
            496,
            496,
            496,
            496,
            496,
            496,
            496,
            496,
            496,
            496,
            496,
            496,
            496,
            496,
            496,
            496,
            496,
            496,
            496,
            496,
            496,
            496,
            496,
            496,
            496,
            496,
            496,
            496,
            496,
            496,
            496,
            496,
            496,
            496,
            496,
            496,
            496,
            496,
            496,
            496,
            496,
            496,
            496,
            496,
            496,
            496,
            496,
            496,
            496,
            496,
            496,
            496,
            496,
            496,
            496,
            496,
            496,
            496,
            496,
            496,
            496,
            496,
            496,
            496,
            496,
            496,
            496,
            496,
            496,
            496,
            496,
            496,
            496,
            496,
            496,
            496,
            496,
            496,
            496,
            496,
            496,
            496,
            496,
            496,
            496,
            496,
            496,
            496,
            496,
            496,
            496,
            496,
            496,
            496,
            496,
            496,
            496,
            496,
            496,
            496,
            496,
            496,
            496,
            496,
            496,
            496,
            496,
            496,
            496,
            496,
            496,
            496,
            496,
            496,
            496,
            496,
            496,
            496,
            496,
            496,
            496,
            496,
            496,
            496,
            496,
            496,
            496,
            496,
            496,
            496,
            496,
            496,
            496,
            496,
            496,
            496,
            496,
            496,
            496,
            496,
            496,
            496,
            496,
            496,
            496,
            496,
            496,
            496,
            496,
            496,
            496,
            496,
            496,
            496,
            496,
            496,
            496,
            496,
            496,
            496,
            496,
            496,
            496,
            496,
            496,
            496,
            496,
            496,
            496,
            496,
            496,
            496,
            496,
            496,
            496,
            496,
            496,
            496,
            496,
            496,
            496,
            496,
            496,
            496,
            496,
            496,
            496,
            496,
            496,
            496,
            496,
            496,
            496,
            496,
            496,
            496,
            496,
            496,
            496,
            496,
            496,
            496,
            496,
            496,
            496,
            496,
            496,
            496,
            496,
            496,
            496,
            496,
            496,
            496,
            496,
            496,
            496,
            496,
            496,
            496,
            496,
            496,
            496,
            496,
            496,
            496,
            496,
            496,
            496,
            496,
            496,
            496,
            496,
            236743
          ],
          "research_dispatch": {
            "counts": {
              "research_global_d512_split_coopkey_r8k8p64t128s32_merge": 16,
              "research_global_d512_split_coopkey_r8k8p64t128s32_partial": 16
            },
            "overflowed": false,
            "schema": "rvllm.metal.research-dispatch.v3"
          },
          "status": "pass",
          "tok_per_s": 5.89660161070921
        }
      ],
      "checkpoint_complete": true,
      "checkpoint_completed_cases": 3,
      "checkpoint_total_cases": 3,
      "claim": "Apple Metal text inference workflow; not production-ready until acceptance gates pass",
      "command_buffer_wait_ns": 34712914626,
      "command_buffers": 9,
      "cpu_encode_ns": 72914413,
      "cpu_wall_ns": 34785829039,
      "debug_sync": false,
      "decode_ms": 1005.4095830000001,
      "embedding_encoders": 9,
      "encoder_counts_by_kernel_family": {
        "embedding": 9,
        "final_logits_diagnostic": 0,
        "final_sample": 18,
        "layer_body": 4896,
        "layer_scale_fused": 432,
        "ple_input": 0
      },
      "encoders": 4923,
      "final_logits_encoders": 0,
      "final_sample_encoders": 18,
      "forced_waits": 9,
      "generated_tokens": 6,
      "large_model_opt_in": true,
      "last_step_command_buffer_wait_ns": 163201917,
      "last_step_command_buffers": 1,
      "last_step_cpu_encode_ns": 6202041,
      "last_step_cpu_wall_ns": 169403958,
      "last_step_encoders": 580,
      "last_step_forced_waits": 1,
      "last_step_gpu_execution_ns": 162279249,
      "last_step_tokens": 1,
      "layer_encoders": 4896,
      "layer_scale_encoder_fusions": 432,
      "library_compiles": 1,
      "max_supported_total_tokens": 258,
      "metal_compute_dtype": "bfloat16",
      "metal_moe_router_weight_dtype": "bfloat16",
      "metal_weight_dtype": "bfloat16",
      "model_dir": "/Users/george/.cache/huggingface/hub/models--google--gemma-4-12B-it/snapshots/707f0a3b8a3c7ad586ed01e27eafbad8a27dd0f7",
      "pipeline_state_compiles": 54,
      "ple_encoders": 0,
      "prefill_ms": 33780.631876,
      "prepare_ms": 20349.537625,
      "research_dispatch": {
        "counts": {
          "research_global_d512_split_coopkey_r8k8p64t128s32_merge": 48,
          "research_global_d512_split_coopkey_r8k8p64t128s32_partial": 48
        },
        "overflowed": false,
        "schema": "rvllm.metal.research-dispatch.v3"
      },
      "schema": "rvllm.apple_metal_text_session.v1",
      "status": "pass",
      "tok_per_s": 5.967717138817046,
      "total_ms": 55139.652375
    }
  ],
  "schema": "rvllm.apple_metal_text_session_profile.v1"
}
{
  "backend": "direct",
  "claim": "Apple Metal text session profile only; not production performance, ANE, external profiler, or production readiness evidence",
  "maximums": {
    "command_buffer_wait_ms": 34587.898709,
    "command_buffer_wait_ms_per_token": 5764.649784833334,
    "command_buffers_per_token": 1.5,
    "cpu_encode_ms": 53.898415,
    "cpu_encode_ms_per_token": 8.983069166666667,
    "decode_ms": 1049.5219160000001,
    "encoders_per_token": 820.5,
    "forced_waits_per_token": 1.5,
    "latency_ms_per_token": 174.92031933333337,
    "layer_scale_fusions_per_token": 72.0,
    "prefill_ms": 33592.458041,
    "prepare_ms": 20331.233874999998,
    "tok_per_s": 5.716888717167102
  },
  "medians": {
    "command_buffer_wait_ms": 34587.898709,
    "command_buffer_wait_ms_per_token": 5764.649784833334,
    "command_buffers_per_token": 1.5,
    "cpu_encode_ms": 53.898415,
    "cpu_encode_ms_per_token": 8.983069166666667,
    "decode_ms": 1049.5219160000001,
    "encoders_per_token": 820.5,
    "forced_waits_per_token": 1.5,
    "latency_ms_per_token": 174.92031933333337,
    "layer_scale_fusions_per_token": 72.0,
    "prefill_ms": 33592.458041,
    "prepare_ms": 20331.233874999998,
    "tok_per_s": 5.716888717167102
  },
  "metal_compute_dtype": "bfloat16",
  "metal_moe_router_weight_dtype": "bfloat16",
  "metal_weight_dtype": "bfloat16",
  "minimums": {
    "command_buffer_wait_ms": 34587.898709,
    "command_buffer_wait_ms_per_token": 5764.649784833334,
    "command_buffers_per_token": 1.5,
    "cpu_encode_ms": 53.898415,
    "cpu_encode_ms_per_token": 8.983069166666667,
    "decode_ms": 1049.5219160000001,
    "encoders_per_token": 820.5,
    "forced_waits_per_token": 1.5,
    "latency_ms_per_token": 174.92031933333337,
    "layer_scale_fusions_per_token": 72.0,
    "prefill_ms": 33592.458041,
    "prepare_ms": 20331.233874999998,
    "tok_per_s": 5.716888717167102
  },
  "model_dir": "/Users/george/.cache/huggingface/hub/models--google--gemma-4-12B-it/snapshots/707f0a3b8a3c7ad586ed01e27eafbad8a27dd0f7",
  "sample_count": 1,
  "samples": [
    {
      "arena_bytes": 24716958240,
      "backend": "direct",
      "case_count": 3,
      "cases": [
        {
          "command_buffer_wait_ns": 12361073958,
          "command_buffers": 3,
          "cpu_encode_ns": 19738708,
          "cpu_wall_ns": 12380812666,
          "decode_ms": 346.53504200000003,
          "embedding_encoders": 3,
          "encoder_counts_by_kernel_family": {
            "embedding": 3,
            "final_logits_diagnostic": 0,
            "final_sample": 6,
            "layer_body": 1632,
            "layer_scale_fused": 144,
            "ple_input": 0
          },
          "encoders": 1641,
          "final_logits_encoders": 0,
          "final_sample_encoders": 6,
          "finish_reason": "length",
          "forced_waits": 3,
          "generated_text": "11",
          "generated_token_ids": [
            236770,
            236770
          ],
          "hf_reference": null,
          "last_step_command_buffer_wait_ns": 168319792,
          "last_step_command_buffers": 1,
          "last_step_cpu_encode_ns": 5875374,
          "last_step_cpu_wall_ns": 174195166,
          "last_step_encoders": 580,
          "last_step_forced_waits": 1,
          "last_step_gpu_execution_ns": 167413458,
          "last_step_tokens": 1,
          "layer_encoders": 1632,
          "layer_scale_encoder_fusions": 144,
          "library_compiles": 0,
          "max_new_tokens": 2,
          "max_supported_total_tokens": 258,
          "name": "pp256-decode2-warmup",
          "output_text": "a a a a a a a a a a a a a a a a a a a a a a a a a a a a a a a a a a a a a a a a a a a a a a a a a a a a a a a a a a a a a a a a a a a a a a a a a a a a a a a a a a a a a a a a a a a a a a a a a a a a a a a a a a a a a a a a a a a a a a a a a a a a a a a a a a a a a a a a a a a a a a a a a a a a a a a a a a a a a a a a a a a a a a a a a a a a a a a a a a a a a a a a a a a a a a a a a a a a a a a a a a a a a a a a a a a a a a a a a a a a a a a a a a a a a a a a a a a a a a a a a a a a a a a a a a a a a a a 11",
          "output_token_ids": [
            236746,
            496,
            496,
            496,
            496,
            496,
            496,
            496,
            496,
            496,
            496,
            496,
            496,
            496,
            496,
            496,
            496,
            496,
            496,
            496,
            496,
            496,
            496,
            496,
            496,
            496,
            496,
            496,
            496,
            496,
            496,
            496,
            496,
            496,
            496,
            496,
            496,
            496,
            496,
            496,
            496,
            496,
            496,
            496,
            496,
            496,
            496,
            496,
            496,
            496,
            496,
            496,
            496,
            496,
            496,
            496,
            496,
            496,
            496,
            496,
            496,
            496,
            496,
            496,
            496,
            496,
            496,
            496,
            496,
            496,
            496,
            496,
            496,
            496,
            496,
            496,
            496,
            496,
            496,
            496,
            496,
            496,
            496,
            496,
            496,
            496,
            496,
            496,
            496,
            496,
            496,
            496,
            496,
            496,
            496,
            496,
            496,
            496,
            496,
            496,
            496,
            496,
            496,
            496,
            496,
            496,
            496,
            496,
            496,
            496,
            496,
            496,
            496,
            496,
            496,
            496,
            496,
            496,
            496,
            496,
            496,
            496,
            496,
            496,
            496,
            496,
            496,
            496,
            496,
            496,
            496,
            496,
            496,
            496,
            496,
            496,
            496,
            496,
            496,
            496,
            496,
            496,
            496,
            496,
            496,
            496,
            496,
            496,
            496,
            496,
            496,
            496,
            496,
            496,
            496,
            496,
            496,
            496,
            496,
            496,
            496,
            496,
            496,
            496,
            496,
            496,
            496,
            496,
            496,
            496,
            496,
            496,
            496,
            496,
            496,
            496,
            496,
            496,
            496,
            496,
            496,
            496,
            496,
            496,
            496,
            496,
            496,
            496,
            496,
            496,
            496,
            496,
            496,
            496,
            496,
            496,
            496,
            496,
            496,
            496,
            496,
            496,
            496,
            496,
            496,
            496,
            496,
            496,
            496,
            496,
            496,
            496,
            496,
            496,
            496,
            496,
            496,
            496,
            496,
            496,
            496,
            496,
            496,
            496,
            496,
            496,
            496,
            496,
            496,
            496,
            496,
            496,
            496,
            496,
            496,
            496,
            496,
            496,
            496,
            496,
            496,
            496,
            496,
            496,
            496,
            496,
            496,
            496,
            496,
            496,
            496,
            496,
            496,
            496,
            496,
            236743,
            236770,
            236770
          ],
          "pipeline_state_compiles": 0,
          "ple_encoders": 0,
          "prefill_ms": 12034.337333,
          "prompt": "a a a a a a a a a a a a a a a a a a a a a a a a a a a a a a a a a a a a a a a a a a a a a a a a a a a a a a a a a a a a a a a a a a a a a a a a a a a a a a a a a a a a a a a a a a a a a a a a a a a a a a a a a a a a a a a a a a a a a a a a a a a a a a a a a a a a a a a a a a a a a a a a a a a a a a a a a a a a a a a a a a a a a a a a a a a a a a a a a a a a a a a a a a a a a a a a a a a a a a a a a a a a a a a a a a a a a a a a a a a a a a a a a a a a a a a a a a a a a a a a a a a a a a a a a a a a a a a ",
          "prompt_token_ids": [
            236746,
            496,
            496,
            496,
            496,
            496,
            496,
            496,
            496,
            496,
            496,
            496,
            496,
            496,
            496,
            496,
            496,
            496,
            496,
            496,
            496,
            496,
            496,
            496,
            496,
            496,
            496,
            496,
            496,
            496,
            496,
            496,
            496,
            496,
            496,
            496,
            496,
            496,
            496,
            496,
            496,
            496,
            496,
            496,
            496,
            496,
            496,
            496,
            496,
            496,
            496,
            496,
            496,
            496,
            496,
            496,
            496,
            496,
            496,
            496,
            496,
            496,
            496,
            496,
            496,
            496,
            496,
            496,
            496,
            496,
            496,
            496,
            496,
            496,
            496,
            496,
            496,
            496,
            496,
            496,
            496,
            496,
            496,
            496,
            496,
            496,
            496,
            496,
            496,
            496,
            496,
            496,
            496,
            496,
            496,
            496,
            496,
            496,
            496,
            496,
            496,
            496,
            496,
            496,
            496,
            496,
            496,
            496,
            496,
            496,
            496,
            496,
            496,
            496,
            496,
            496,
            496,
            496,
            496,
            496,
            496,
            496,
            496,
            496,
            496,
            496,
            496,
            496,
            496,
            496,
            496,
            496,
            496,
            496,
            496,
            496,
            496,
            496,
            496,
            496,
            496,
            496,
            496,
            496,
            496,
            496,
            496,
            496,
            496,
            496,
            496,
            496,
            496,
            496,
            496,
            496,
            496,
            496,
            496,
            496,
            496,
            496,
            496,
            496,
            496,
            496,
            496,
            496,
            496,
            496,
            496,
            496,
            496,
            496,
            496,
            496,
            496,
            496,
            496,
            496,
            496,
            496,
            496,
            496,
            496,
            496,
            496,
            496,
            496,
            496,
            496,
            496,
            496,
            496,
            496,
            496,
            496,
            496,
            496,
            496,
            496,
            496,
            496,
            496,
            496,
            496,
            496,
            496,
            496,
            496,
            496,
            496,
            496,
            496,
            496,
            496,
            496,
            496,
            496,
            496,
            496,
            496,
            496,
            496,
            496,
            496,
            496,
            496,
            496,
            496,
            496,
            496,
            496,
            496,
            496,
            496,
            496,
            496,
            496,
            496,
            496,
            496,
            496,
            496,
            496,
            496,
            496,
            496,
            496,
            496,
            496,
            496,
            496,
            496,
            496,
            236743
          ],
          "research_dispatch": {
            "counts": {
              "research_global_d512_atlas_mma_r8k32p64t128": 16
            },
            "overflowed": false,
            "schema": "rvllm.metal.research-dispatch.v3"
          },
          "status": "pass",
          "tok_per_s": 5.7714221005101125
        },
        {
          "command_buffer_wait_ns": 11025927292,
          "command_buffers": 3,
          "cpu_encode_ns": 16602291,
          "cpu_wall_ns": 11042529583,
          "decode_ms": 348.114083,
          "embedding_encoders": 3,
          "encoder_counts_by_kernel_family": {
            "embedding": 3,
            "final_logits_diagnostic": 0,
            "final_sample": 6,
            "layer_body": 1632,
            "layer_scale_fused": 144,
            "ple_input": 0
          },
          "encoders": 1641,
          "final_logits_encoders": 0,
          "final_sample_encoders": 6,
          "finish_reason": "length",
          "forced_waits": 3,
          "generated_text": "11",
          "generated_token_ids": [
            236770,
            236770
          ],
          "hf_reference": null,
          "last_step_command_buffer_wait_ns": 168662625,
          "last_step_command_buffers": 1,
          "last_step_cpu_encode_ns": 5932708,
          "last_step_cpu_wall_ns": 174595333,
          "last_step_encoders": 580,
          "last_step_forced_waits": 1,
          "last_step_gpu_execution_ns": 167623624,
          "last_step_tokens": 1,
          "layer_encoders": 1632,
          "layer_scale_encoder_fusions": 144,
          "library_compiles": 0,
          "max_new_tokens": 2,
          "max_supported_total_tokens": 258,
          "name": "pp256-decode2-measure-1",
          "output_text": "a a a a a a a a a a a a a a a a a a a a a a a a a a a a a a a a a a a a a a a a a a a a a a a a a a a a a a a a a a a a a a a a a a a a a a a a a a a a a a a a a a a a a a a a a a a a a a a a a a a a a a a a a a a a a a a a a a a a a a a a a a a a a a a a a a a a a a a a a a a a a a a a a a a a a a a a a a a a a a a a a a a a a a a a a a a a a a a a a a a a a a a a a a a a a a a a a a a a a a a a a a a a a a a a a a a a a a a a a a a a a a a a a a a a a a a a a a a a a a a a a a a a a a a a a a a a a a a 11",
          "output_token_ids": [
            236746,
            496,
            496,
            496,
            496,
            496,
            496,
            496,
            496,
            496,
            496,
            496,
            496,
            496,
            496,
            496,
            496,
            496,
            496,
            496,
            496,
            496,
            496,
            496,
            496,
            496,
            496,
            496,
            496,
            496,
            496,
            496,
            496,
            496,
            496,
            496,
            496,
            496,
            496,
            496,
            496,
            496,
            496,
            496,
            496,
            496,
            496,
            496,
            496,
            496,
            496,
            496,
            496,
            496,
            496,
            496,
            496,
            496,
            496,
            496,
            496,
            496,
            496,
            496,
            496,
            496,
            496,
            496,
            496,
            496,
            496,
            496,
            496,
            496,
            496,
            496,
            496,
            496,
            496,
            496,
            496,
            496,
            496,
            496,
            496,
            496,
            496,
            496,
            496,
            496,
            496,
            496,
            496,
            496,
            496,
            496,
            496,
            496,
            496,
            496,
            496,
            496,
            496,
            496,
            496,
            496,
            496,
            496,
            496,
            496,
            496,
            496,
            496,
            496,
            496,
            496,
            496,
            496,
            496,
            496,
            496,
            496,
            496,
            496,
            496,
            496,
            496,
            496,
            496,
            496,
            496,
            496,
            496,
            496,
            496,
            496,
            496,
            496,
            496,
            496,
            496,
            496,
            496,
            496,
            496,
            496,
            496,
            496,
            496,
            496,
            496,
            496,
            496,
            496,
            496,
            496,
            496,
            496,
            496,
            496,
            496,
            496,
            496,
            496,
            496,
            496,
            496,
            496,
            496,
            496,
            496,
            496,
            496,
            496,
            496,
            496,
            496,
            496,
            496,
            496,
            496,
            496,
            496,
            496,
            496,
            496,
            496,
            496,
            496,
            496,
            496,
            496,
            496,
            496,
            496,
            496,
            496,
            496,
            496,
            496,
            496,
            496,
            496,
            496,
            496,
            496,
            496,
            496,
            496,
            496,
            496,
            496,
            496,
            496,
            496,
            496,
            496,
            496,
            496,
            496,
            496,
            496,
            496,
            496,
            496,
            496,
            496,
            496,
            496,
            496,
            496,
            496,
            496,
            496,
            496,
            496,
            496,
            496,
            496,
            496,
            496,
            496,
            496,
            496,
            496,
            496,
            496,
            496,
            496,
            496,
            496,
            496,
            496,
            496,
            496,
            236743,
            236770,
            236770
          ],
          "pipeline_state_compiles": 0,
          "ple_encoders": 0,
          "prefill_ms": 10694.490833,
          "prompt": "a a a a a a a a a a a a a a a a a a a a a a a a a a a a a a a a a a a a a a a a a a a a a a a a a a a a a a a a a a a a a a a a a a a a a a a a a a a a a a a a a a a a a a a a a a a a a a a a a a a a a a a a a a a a a a a a a a a a a a a a a a a a a a a a a a a a a a a a a a a a a a a a a a a a a a a a a a a a a a a a a a a a a a a a a a a a a a a a a a a a a a a a a a a a a a a a a a a a a a a a a a a a a a a a a a a a a a a a a a a a a a a a a a a a a a a a a a a a a a a a a a a a a a a a a a a a a a a ",
          "prompt_token_ids": [
            236746,
            496,
            496,
            496,
            496,
            496,
            496,
            496,
            496,
            496,
            496,
            496,
            496,
            496,
            496,
            496,
            496,
            496,
            496,
            496,
            496,
            496,
            496,
            496,
            496,
            496,
            496,
            496,
            496,
            496,
            496,
            496,
            496,
            496,
            496,
            496,
            496,
            496,
            496,
            496,
            496,
            496,
            496,
            496,
            496,
            496,
            496,
            496,
            496,
            496,
            496,
            496,
            496,
            496,
            496,
            496,
            496,
            496,
            496,
            496,
            496,
            496,
            496,
            496,
            496,
            496,
            496,
            496,
            496,
            496,
            496,
            496,
            496,
            496,
            496,
            496,
            496,
            496,
            496,
            496,
            496,
            496,
            496,
            496,
            496,
            496,
            496,
            496,
            496,
            496,
            496,
            496,
            496,
            496,
            496,
            496,
            496,
            496,
            496,
            496,
            496,
            496,
            496,
            496,
            496,
            496,
            496,
            496,
            496,
            496,
            496,
            496,
            496,
            496,
            496,
            496,
            496,
            496,
            496,
            496,
            496,
            496,
            496,
            496,
            496,
            496,
            496,
            496,
            496,
            496,
            496,
            496,
            496,
            496,
            496,
            496,
            496,
            496,
            496,
            496,
            496,
            496,
            496,
            496,
            496,
            496,
            496,
            496,
            496,
            496,
            496,
            496,
            496,
            496,
            496,
            496,
            496,
            496,
            496,
            496,
            496,
            496,
            496,
            496,
            496,
            496,
            496,
            496,
            496,
            496,
            496,
            496,
            496,
            496,
            496,
            496,
            496,
            496,
            496,
            496,
            496,
            496,
            496,
            496,
            496,
            496,
            496,
            496,
            496,
            496,
            496,
            496,
            496,
            496,
            496,
            496,
            496,
            496,
            496,
            496,
            496,
            496,
            496,
            496,
            496,
            496,
            496,
            496,
            496,
            496,
            496,
            496,
            496,
            496,
            496,
            496,
            496,
            496,
            496,
            496,
            496,
            496,
            496,
            496,
            496,
            496,
            496,
            496,
            496,
            496,
            496,
            496,
            496,
            496,
            496,
            496,
            496,
            496,
            496,
            496,
            496,
            496,
            496,
            496,
            496,
            496,
            496,
            496,
            496,
            496,
            496,
            496,
            496,
            496,
            496,
            236743
          ],
          "research_dispatch": {
            "counts": {
              "research_global_d512_atlas_mma_r8k32p64t128": 16
            },
            "overflowed": false,
            "schema": "rvllm.metal.research-dispatch.v3"
          },
          "status": "pass",
          "tok_per_s": 5.745243004144707
        },
        {
          "command_buffer_wait_ns": 11200897459,
          "command_buffers": 3,
          "cpu_encode_ns": 17557416,
          "cpu_wall_ns": 11218454875,
          "decode_ms": 354.872791,
          "embedding_encoders": 3,
          "encoder_counts_by_kernel_family": {
            "embedding": 3,
            "final_logits_diagnostic": 0,
            "final_sample": 6,
            "layer_body": 1632,
            "layer_scale_fused": 144,
            "ple_input": 0
          },
          "encoders": 1641,
          "final_logits_encoders": 0,
          "final_sample_encoders": 6,
          "finish_reason": "length",
          "forced_waits": 3,
          "generated_text": "11",
          "generated_token_ids": [
            236770,
            236770
          ],
          "hf_reference": null,
          "last_step_command_buffer_wait_ns": 168655709,
          "last_step_command_buffers": 1,
          "last_step_cpu_encode_ns": 5851708,
          "last_step_cpu_wall_ns": 174507417,
          "last_step_encoders": 580,
          "last_step_forced_waits": 1,
          "last_step_gpu_execution_ns": 167804249,
          "last_step_tokens": 1,
          "layer_encoders": 1632,
          "layer_scale_encoder_fusions": 144,
          "library_compiles": 0,
          "max_new_tokens": 2,
          "max_supported_total_tokens": 258,
          "name": "pp256-decode2-measure-2",
          "output_text": "a a a a a a a a a a a a a a a a a a a a a a a a a a a a a a a a a a a a a a a a a a a a a a a a a a a a a a a a a a a a a a a a a a a a a a a a a a a a a a a a a a a a a a a a a a a a a a a a a a a a a a a a a a a a a a a a a a a a a a a a a a a a a a a a a a a a a a a a a a a a a a a a a a a a a a a a a a a a a a a a a a a a a a a a a a a a a a a a a a a a a a a a a a a a a a a a a a a a a a a a a a a a a a a a a a a a a a a a a a a a a a a a a a a a a a a a a a a a a a a a a a a a a a a a a a a a a a a 11",
          "output_token_ids": [
            236746,
            496,
            496,
            496,
            496,
            496,
            496,
            496,
            496,
            496,
            496,
            496,
            496,
            496,
            496,
            496,
            496,
            496,
            496,
            496,
            496,
            496,
            496,
            496,
            496,
            496,
            496,
            496,
            496,
            496,
            496,
            496,
            496,
            496,
            496,
            496,
            496,
            496,
            496,
            496,
            496,
            496,
            496,
            496,
            496,
            496,
            496,
            496,
            496,
            496,
            496,
            496,
            496,
            496,
            496,
            496,
            496,
            496,
            496,
            496,
            496,
            496,
            496,
            496,
            496,
            496,
            496,
            496,
            496,
            496,
            496,
            496,
            496,
            496,
            496,
            496,
            496,
            496,
            496,
            496,
            496,
            496,
            496,
            496,
            496,
            496,
            496,
            496,
            496,
            496,
            496,
            496,
            496,
            496,
            496,
            496,
            496,
            496,
            496,
            496,
            496,
            496,
            496,
            496,
            496,
            496,
            496,
            496,
            496,
            496,
            496,
            496,
            496,
            496,
            496,
            496,
            496,
            496,
            496,
            496,
            496,
            496,
            496,
            496,
            496,
            496,
            496,
            496,
            496,
            496,
            496,
            496,
            496,
            496,
            496,
            496,
            496,
            496,
            496,
            496,
            496,
            496,
            496,
            496,
            496,
            496,
            496,
            496,
            496,
            496,
            496,
            496,
            496,
            496,
            496,
            496,
            496,
            496,
            496,
            496,
            496,
            496,
            496,
            496,
            496,
            496,
            496,
            496,
            496,
            496,
            496,
            496,
            496,
            496,
            496,
            496,
            496,
            496,
            496,
            496,
            496,
            496,
            496,
            496,
            496,
            496,
            496,
            496,
            496,
            496,
            496,
            496,
            496,
            496,
            496,
            496,
            496,
            496,
            496,
            496,
            496,
            496,
            496,
            496,
            496,
            496,
            496,
            496,
            496,
            496,
            496,
            496,
            496,
            496,
            496,
            496,
            496,
            496,
            496,
            496,
            496,
            496,
            496,
            496,
            496,
            496,
            496,
            496,
            496,
            496,
            496,
            496,
            496,
            496,
            496,
            496,
            496,
            496,
            496,
            496,
            496,
            496,
            496,
            496,
            496,
            496,
            496,
            496,
            496,
            496,
            496,
            496,
            496,
            496,
            496,
            236743,
            236770,
            236770
          ],
          "pipeline_state_compiles": 0,
          "ple_encoders": 0,
          "prefill_ms": 10863.629875,
          "prompt": "a a a a a a a a a a a a a a a a a a a a a a a a a a a a a a a a a a a a a a a a a a a a a a a a a a a a a a a a a a a a a a a a a a a a a a a a a a a a a a a a a a a a a a a a a a a a a a a a a a a a a a a a a a a a a a a a a a a a a a a a a a a a a a a a a a a a a a a a a a a a a a a a a a a a a a a a a a a a a a a a a a a a a a a a a a a a a a a a a a a a a a a a a a a a a a a a a a a a a a a a a a a a a a a a a a a a a a a a a a a a a a a a a a a a a a a a a a a a a a a a a a a a a a a a a a a a a a a ",
          "prompt_token_ids": [
            236746,
            496,
            496,
            496,
            496,
            496,
            496,
            496,
            496,
            496,
            496,
            496,
            496,
            496,
            496,
            496,
            496,
            496,
            496,
            496,
            496,
            496,
            496,
            496,
            496,
            496,
            496,
            496,
            496,
            496,
            496,
            496,
            496,
            496,
            496,
            496,
            496,
            496,
            496,
            496,
            496,
            496,
            496,
            496,
            496,
            496,
            496,
            496,
            496,
            496,
            496,
            496,
            496,
            496,
            496,
            496,
            496,
            496,
            496,
            496,
            496,
            496,
            496,
            496,
            496,
            496,
            496,
            496,
            496,
            496,
            496,
            496,
            496,
            496,
            496,
            496,
            496,
            496,
            496,
            496,
            496,
            496,
            496,
            496,
            496,
            496,
            496,
            496,
            496,
            496,
            496,
            496,
            496,
            496,
            496,
            496,
            496,
            496,
            496,
            496,
            496,
            496,
            496,
            496,
            496,
            496,
            496,
            496,
            496,
            496,
            496,
            496,
            496,
            496,
            496,
            496,
            496,
            496,
            496,
            496,
            496,
            496,
            496,
            496,
            496,
            496,
            496,
            496,
            496,
            496,
            496,
            496,
            496,
            496,
            496,
            496,
            496,
            496,
            496,
            496,
            496,
            496,
            496,
            496,
            496,
            496,
            496,
            496,
            496,
            496,
            496,
            496,
            496,
            496,
            496,
            496,
            496,
            496,
            496,
            496,
            496,
            496,
            496,
            496,
            496,
            496,
            496,
            496,
            496,
            496,
            496,
            496,
            496,
            496,
            496,
            496,
            496,
            496,
            496,
            496,
            496,
            496,
            496,
            496,
            496,
            496,
            496,
            496,
            496,
            496,
            496,
            496,
            496,
            496,
            496,
            496,
            496,
            496,
            496,
            496,
            496,
            496,
            496,
            496,
            496,
            496,
            496,
            496,
            496,
            496,
            496,
            496,
            496,
            496,
            496,
            496,
            496,
            496,
            496,
            496,
            496,
            496,
            496,
            496,
            496,
            496,
            496,
            496,
            496,
            496,
            496,
            496,
            496,
            496,
            496,
            496,
            496,
            496,
            496,
            496,
            496,
            496,
            496,
            496,
            496,
            496,
            496,
            496,
            496,
            496,
            496,
            496,
            496,
            496,
            496,
            236743
          ],
          "research_dispatch": {
            "counts": {
              "research_global_d512_atlas_mma_r8k32p64t128": 16
            },
            "overflowed": false,
            "schema": "rvllm.metal.research-dispatch.v3"
          },
          "status": "pass",
          "tok_per_s": 5.63582233048687
        }
      ],
      "checkpoint_complete": true,
      "checkpoint_completed_cases": 3,
      "checkpoint_total_cases": 3,
      "claim": "Apple Metal text inference workflow; not production-ready until acceptance gates pass",
      "command_buffer_wait_ns": 34587898709,
      "command_buffers": 9,
      "cpu_encode_ns": 53898415,
      "cpu_wall_ns": 34641797124,
      "debug_sync": false,
      "decode_ms": 1049.5219160000001,
      "embedding_encoders": 9,
      "encoder_counts_by_kernel_family": {
        "embedding": 9,
        "final_logits_diagnostic": 0,
        "final_sample": 18,
        "layer_body": 4896,
        "layer_scale_fused": 432,
        "ple_input": 0
      },
      "encoders": 4923,
      "final_logits_encoders": 0,
      "final_sample_encoders": 18,
      "forced_waits": 9,
      "generated_tokens": 6,
      "large_model_opt_in": true,
      "last_step_command_buffer_wait_ns": 168655709,
      "last_step_command_buffers": 1,
      "last_step_cpu_encode_ns": 5851708,
      "last_step_cpu_wall_ns": 174507417,
      "last_step_encoders": 580,
      "last_step_forced_waits": 1,
      "last_step_gpu_execution_ns": 167804249,
      "last_step_tokens": 1,
      "layer_encoders": 4896,
      "layer_scale_encoder_fusions": 432,
      "library_compiles": 1,
      "max_supported_total_tokens": 258,
      "metal_compute_dtype": "bfloat16",
      "metal_moe_router_weight_dtype": "bfloat16",
      "metal_weight_dtype": "bfloat16",
      "model_dir": "/Users/george/.cache/huggingface/hub/models--google--gemma-4-12B-it/snapshots/707f0a3b8a3c7ad586ed01e27eafbad8a27dd0f7",
      "pipeline_state_compiles": 53,
      "ple_encoders": 0,
      "prefill_ms": 33592.458041,
      "prepare_ms": 20331.233874999998,
      "research_dispatch": {
        "counts": {
          "research_global_d512_atlas_mma_r8k32p64t128": 48
        },
        "overflowed": false,
        "schema": "rvllm.metal.research-dispatch.v3"
      },
      "schema": "rvllm.apple_metal_text_session.v1",
      "status": "pass",
      "tok_per_s": 5.716888717167102,
      "total_ms": 54977.32075
    }
  ],
  "schema": "rvllm.apple_metal_text_session_profile.v1"
}
