{
  "backend": "direct",
  "claim": "Apple Metal text session profile only; not production performance, ANE, external profiler, or production readiness evidence",
  "maximums": {
    "command_buffer_wait_ms": 129590.013169,
    "command_buffer_wait_ms_per_token": 21598.335528166666,
    "command_buffers_per_token": 1.5,
    "cpu_encode_ms": 54.493622,
    "cpu_encode_ms_per_token": 9.082270333333334,
    "decode_ms": 2812.536666,
    "encoders_per_token": 820.5,
    "forced_waits_per_token": 1.5,
    "latency_ms_per_token": 468.756111,
    "layer_scale_fusions_per_token": 72.0,
    "prefill_ms": 126832.21008299998,
    "prepare_ms": 14713.238042,
    "tok_per_s": 2.133305521855906
  },
  "medians": {
    "command_buffer_wait_ms": 129590.013169,
    "command_buffer_wait_ms_per_token": 21598.335528166666,
    "command_buffers_per_token": 1.5,
    "cpu_encode_ms": 54.493622,
    "cpu_encode_ms_per_token": 9.082270333333334,
    "decode_ms": 2812.536666,
    "encoders_per_token": 820.5,
    "forced_waits_per_token": 1.5,
    "latency_ms_per_token": 468.756111,
    "layer_scale_fusions_per_token": 72.0,
    "prefill_ms": 126832.21008299998,
    "prepare_ms": 14713.238042,
    "tok_per_s": 2.133305521855906
  },
  "metal_compute_dtype": "bfloat16",
  "metal_moe_router_weight_dtype": "bfloat16",
  "metal_weight_dtype": "bfloat16",
  "minimums": {
    "command_buffer_wait_ms": 129590.013169,
    "command_buffer_wait_ms_per_token": 21598.335528166666,
    "command_buffers_per_token": 1.5,
    "cpu_encode_ms": 54.493622,
    "cpu_encode_ms_per_token": 9.082270333333334,
    "decode_ms": 2812.536666,
    "encoders_per_token": 820.5,
    "forced_waits_per_token": 1.5,
    "latency_ms_per_token": 468.756111,
    "layer_scale_fusions_per_token": 72.0,
    "prefill_ms": 126832.21008299998,
    "prepare_ms": 14713.238042,
    "tok_per_s": 2.133305521855906
  },
  "model_dir": "/Users/george/.cache/huggingface/hub/models--google--gemma-4-12B-it/snapshots/707f0a3b8a3c7ad586ed01e27eafbad8a27dd0f7",
  "sample_count": 1,
  "samples": [
    {
      "arena_bytes": 25574999072,
      "backend": "direct",
      "case_count": 3,
      "cases": [
        {
          "command_buffer_wait_ns": 42825060126,
          "command_buffers": 3,
          "cpu_encode_ns": 22861540,
          "cpu_wall_ns": 42847921666,
          "decode_ms": 875.644541,
          "embedding_encoders": 3,
          "encoder_counts_by_kernel_family": {
            "embedding": 3,
            "final_logits_diagnostic": 0,
            "final_sample": 6,
            "layer_body": 1632,
            "layer_scale_fused": 144,
            "ple_input": 0
          },
          "encoders": 1641,
          "final_logits_encoders": 0,
          "final_sample_encoders": 6,
          "finish_reason": "length",
          "forced_waits": 3,
          "generated_text": "11",
          "generated_token_ids": [
            236770,
            236770
          ],
          "hf_reference": null,
          "last_step_command_buffer_wait_ns": 456070459,
          "last_step_command_buffers": 1,
          "last_step_cpu_encode_ns": 2929249,
          "last_step_cpu_wall_ns": 458999708,
          "last_step_encoders": 580,
          "last_step_forced_waits": 1,
          "last_step_gpu_execution_ns": 455675458,
          "last_step_tokens": 1,
          "layer_encoders": 1632,
          "layer_scale_encoder_fusions": 144,
          "library_compiles": 0,
          "max_new_tokens": 2,
          "max_supported_total_tokens": 514,
          "name": "pp512-decode2-warmup",
          "output_text": "a a a a a a a a a a a a a a a a a a a a a a a a a a a a a a a a a a a a a a a a a a a a a a a a a a a a a a a a a a a a a a a a a a a a a a a a a a a a a a a a a a a a a a a a a a a a a a a a a a a a a a a a a a a a a a a a a a a a a a a a a a a a a a a a a a a a a a a a a a a a a a a a a a a a a a a a a a a a a a a a a a a a a a a a a a a a a a a a a a a a a a a a a a a a a a a a a a a a a a a a a a a a a a a a a a a a a a a a a a a a a a a a a a a a a a a a a a a a a a a a a a a a a a a a a a a a a a a a a a a a a a a a a a a a a a a a a a a a a a a a a a a a a a a a a a a a a a a a a a a a a a a a a a a a a a a a a a a a a a a a a a a a a a a a a a a a a a a a a a a a a a a a a a a a a a a a a a a a a a a a a a a a a a a a a a a a a a a a a a a a a a a a a a a a a a a a a a a a a a a a a a a a a a a a a a a a a a a a a a a a a a a a a a a a a a a a a a a a a a a a a a a a a a a a a a a a a a a a a a a a a a a a a a a a a a a a a a a a a a a a a a a a a a a a a a a a a a a a a a a a a a a a a a a a a a a 11",
          "output_token_ids": [
            236746,
            496,
            496,
            496,
            496,
            496,
            496,
            496,
            496,
            496,
            496,
            496,
            496,
            496,
            496,
            496,
            496,
            496,
            496,
            496,
            496,
            496,
            496,
            496,
            496,
            496,
            496,
            496,
            496,
            496,
            496,
            496,
            496,
            496,
            496,
            496,
            496,
            496,
            496,
            496,
            496,
            496,
            496,
            496,
            496,
            496,
            496,
            496,
            496,
            496,
            496,
            496,
            496,
            496,
            496,
            496,
            496,
            496,
            496,
            496,
            496,
            496,
            496,
            496,
            496,
            496,
            496,
            496,
            496,
            496,
            496,
            496,
            496,
            496,
            496,
            496,
            496,
            496,
            496,
            496,
            496,
            496,
            496,
            496,
            496,
            496,
            496,
            496,
            496,
            496,
            496,
            496,
            496,
            496,
            496,
            496,
            496,
            496,
            496,
            496,
            496,
            496,
            496,
            496,
            496,
            496,
            496,
            496,
            496,
            496,
            496,
            496,
            496,
            496,
            496,
            496,
            496,
            496,
            496,
            496,
            496,
            496,
            496,
            496,
            496,
            496,
            496,
            496,
            496,
            496,
            496,
            496,
            496,
            496,
            496,
            496,
            496,
            496,
            496,
            496,
            496,
            496,
            496,
            496,
            496,
            496,
            496,
            496,
            496,
            496,
            496,
            496,
            496,
            496,
            496,
            496,
            496,
            496,
            496,
            496,
            496,
            496,
            496,
            496,
            496,
            496,
            496,
            496,
            496,
            496,
            496,
            496,
            496,
            496,
            496,
            496,
            496,
            496,
            496,
            496,
            496,
            496,
            496,
            496,
            496,
            496,
            496,
            496,
            496,
            496,
            496,
            496,
            496,
            496,
            496,
            496,
            496,
            496,
            496,
            496,
            496,
            496,
            496,
            496,
            496,
            496,
            496,
            496,
            496,
            496,
            496,
            496,
            496,
            496,
            496,
            496,
            496,
            496,
            496,
            496,
            496,
            496,
            496,
            496,
            496,
            496,
            496,
            496,
            496,
            496,
            496,
            496,
            496,
            496,
            496,
            496,
            496,
            496,
            496,
            496,
            496,
            496,
            496,
            496,
            496,
            496,
            496,
            496,
            496,
            496,
            496,
            496,
            496,
            496,
            496,
            496,
            496,
            496,
            496,
            496,
            496,
            496,
            496,
            496,
            496,
            496,
            496,
            496,
            496,
            496,
            496,
            496,
            496,
            496,
            496,
            496,
            496,
            496,
            496,
            496,
            496,
            496,
            496,
            496,
            496,
            496,
            496,
            496,
            496,
            496,
            496,
            496,
            496,
            496,
            496,
            496,
            496,
            496,
            496,
            496,
            496,
            496,
            496,
            496,
            496,
            496,
            496,
            496,
            496,
            496,
            496,
            496,
            496,
            496,
            496,
            496,
            496,
            496,
            496,
            496,
            496,
            496,
            496,
            496,
            496,
            496,
            496,
            496,
            496,
            496,
            496,
            496,
            496,
            496,
            496,
            496,
            496,
            496,
            496,
            496,
            496,
            496,
            496,
            496,
            496,
            496,
            496,
            496,
            496,
            496,
            496,
            496,
            496,
            496,
            496,
            496,
            496,
            496,
            496,
            496,
            496,
            496,
            496,
            496,
            496,
            496,
            496,
            496,
            496,
            496,
            496,
            496,
            496,
            496,
            496,
            496,
            496,
            496,
            496,
            496,
            496,
            496,
            496,
            496,
            496,
            496,
            496,
            496,
            496,
            496,
            496,
            496,
            496,
            496,
            496,
            496,
            496,
            496,
            496,
            496,
            496,
            496,
            496,
            496,
            496,
            496,
            496,
            496,
            496,
            496,
            496,
            496,
            496,
            496,
            496,
            496,
            496,
            496,
            496,
            496,
            496,
            496,
            496,
            496,
            496,
            496,
            496,
            496,
            496,
            496,
            496,
            496,
            496,
            496,
            496,
            496,
            496,
            496,
            496,
            496,
            496,
            496,
            496,
            496,
            496,
            496,
            496,
            496,
            496,
            496,
            496,
            496,
            496,
            496,
            496,
            496,
            496,
            496,
            496,
            496,
            496,
            496,
            496,
            496,
            496,
            496,
            496,
            496,
            496,
            496,
            496,
            496,
            496,
            496,
            496,
            496,
            496,
            496,
            496,
            496,
            496,
            496,
            496,
            496,
            496,
            496,
            496,
            496,
            496,
            496,
            496,
            496,
            496,
            496,
            496,
            496,
            496,
            496,
            496,
            496,
            496,
            496,
            496,
            496,
            496,
            496,
            496,
            496,
            496,
            496,
            496,
            236743,
            236770,
            236770
          ],
          "pipeline_state_compiles": 0,
          "ple_encoders": 0,
          "prefill_ms": 41972.393124999995,
          "prompt": "a a a a a a a a a a a a a a a a a a a a a a a a a a a a a a a a a a a a a a a a a a a a a a a a a a a a a a a a a a a a a a a a a a a a a a a a a a a a a a a a a a a a a a a a a a a a a a a a a a a a a a a a a a a a a a a a a a a a a a a a a a a a a a a a a a a a a a a a a a a a a a a a a a a a a a a a a a a a a a a a a a a a a a a a a a a a a a a a a a a a a a a a a a a a a a a a a a a a a a a a a a a a a a a a a a a a a a a a a a a a a a a a a a a a a a a a a a a a a a a a a a a a a a a a a a a a a a a a a a a a a a a a a a a a a a a a a a a a a a a a a a a a a a a a a a a a a a a a a a a a a a a a a a a a a a a a a a a a a a a a a a a a a a a a a a a a a a a a a a a a a a a a a a a a a a a a a a a a a a a a a a a a a a a a a a a a a a a a a a a a a a a a a a a a a a a a a a a a a a a a a a a a a a a a a a a a a a a a a a a a a a a a a a a a a a a a a a a a a a a a a a a a a a a a a a a a a a a a a a a a a a a a a a a a a a a a a a a a a a a a a a a a a a a a a a a a a a a a a a a a a a a a a a a a a a a ",
          "prompt_token_ids": [
            236746,
            496,
            496,
            496,
            496,
            496,
            496,
            496,
            496,
            496,
            496,
            496,
            496,
            496,
            496,
            496,
            496,
            496,
            496,
            496,
            496,
            496,
            496,
            496,
            496,
            496,
            496,
            496,
            496,
            496,
            496,
            496,
            496,
            496,
            496,
            496,
            496,
            496,
            496,
            496,
            496,
            496,
            496,
            496,
            496,
            496,
            496,
            496,
            496,
            496,
            496,
            496,
            496,
            496,
            496,
            496,
            496,
            496,
            496,
            496,
            496,
            496,
            496,
            496,
            496,
            496,
            496,
            496,
            496,
            496,
            496,
            496,
            496,
            496,
            496,
            496,
            496,
            496,
            496,
            496,
            496,
            496,
            496,
            496,
            496,
            496,
            496,
            496,
            496,
            496,
            496,
            496,
            496,
            496,
            496,
            496,
            496,
            496,
            496,
            496,
            496,
            496,
            496,
            496,
            496,
            496,
            496,
            496,
            496,
            496,
            496,
            496,
            496,
            496,
            496,
            496,
            496,
            496,
            496,
            496,
            496,
            496,
            496,
            496,
            496,
            496,
            496,
            496,
            496,
            496,
            496,
            496,
            496,
            496,
            496,
            496,
            496,
            496,
            496,
            496,
            496,
            496,
            496,
            496,
            496,
            496,
            496,
            496,
            496,
            496,
            496,
            496,
            496,
            496,
            496,
            496,
            496,
            496,
            496,
            496,
            496,
            496,
            496,
            496,
            496,
            496,
            496,
            496,
            496,
            496,
            496,
            496,
            496,
            496,
            496,
            496,
            496,
            496,
            496,
            496,
            496,
            496,
            496,
            496,
            496,
            496,
            496,
            496,
            496,
            496,
            496,
            496,
            496,
            496,
            496,
            496,
            496,
            496,
            496,
            496,
            496,
            496,
            496,
            496,
            496,
            496,
            496,
            496,
            496,
            496,
            496,
            496,
            496,
            496,
            496,
            496,
            496,
            496,
            496,
            496,
            496,
            496,
            496,
            496,
            496,
            496,
            496,
            496,
            496,
            496,
            496,
            496,
            496,
            496,
            496,
            496,
            496,
            496,
            496,
            496,
            496,
            496,
            496,
            496,
            496,
            496,
            496,
            496,
            496,
            496,
            496,
            496,
            496,
            496,
            496,
            496,
            496,
            496,
            496,
            496,
            496,
            496,
            496,
            496,
            496,
            496,
            496,
            496,
            496,
            496,
            496,
            496,
            496,
            496,
            496,
            496,
            496,
            496,
            496,
            496,
            496,
            496,
            496,
            496,
            496,
            496,
            496,
            496,
            496,
            496,
            496,
            496,
            496,
            496,
            496,
            496,
            496,
            496,
            496,
            496,
            496,
            496,
            496,
            496,
            496,
            496,
            496,
            496,
            496,
            496,
            496,
            496,
            496,
            496,
            496,
            496,
            496,
            496,
            496,
            496,
            496,
            496,
            496,
            496,
            496,
            496,
            496,
            496,
            496,
            496,
            496,
            496,
            496,
            496,
            496,
            496,
            496,
            496,
            496,
            496,
            496,
            496,
            496,
            496,
            496,
            496,
            496,
            496,
            496,
            496,
            496,
            496,
            496,
            496,
            496,
            496,
            496,
            496,
            496,
            496,
            496,
            496,
            496,
            496,
            496,
            496,
            496,
            496,
            496,
            496,
            496,
            496,
            496,
            496,
            496,
            496,
            496,
            496,
            496,
            496,
            496,
            496,
            496,
            496,
            496,
            496,
            496,
            496,
            496,
            496,
            496,
            496,
            496,
            496,
            496,
            496,
            496,
            496,
            496,
            496,
            496,
            496,
            496,
            496,
            496,
            496,
            496,
            496,
            496,
            496,
            496,
            496,
            496,
            496,
            496,
            496,
            496,
            496,
            496,
            496,
            496,
            496,
            496,
            496,
            496,
            496,
            496,
            496,
            496,
            496,
            496,
            496,
            496,
            496,
            496,
            496,
            496,
            496,
            496,
            496,
            496,
            496,
            496,
            496,
            496,
            496,
            496,
            496,
            496,
            496,
            496,
            496,
            496,
            496,
            496,
            496,
            496,
            496,
            496,
            496,
            496,
            496,
            496,
            496,
            496,
            496,
            496,
            496,
            496,
            496,
            496,
            496,
            496,
            496,
            496,
            496,
            496,
            496,
            496,
            496,
            496,
            496,
            496,
            496,
            496,
            496,
            496,
            496,
            496,
            496,
            496,
            496,
            496,
            496,
            496,
            496,
            496,
            496,
            496,
            496,
            496,
            496,
            496,
            496,
            496,
            496,
            496,
            496,
            496,
            496,
            496,
            236743
          ],
          "research_dispatch": {
            "counts": {
              "research_global_d512_atlas_mma_r8k32p64t128": 16
            },
            "overflowed": false,
            "schema": "rvllm.metal.research-dispatch.v3"
          },
          "status": "pass",
          "tok_per_s": 2.284031826106023
        },
        {
          "command_buffer_wait_ns": 43595069834,
          "command_buffers": 3,
          "cpu_encode_ns": 18536166,
          "cpu_wall_ns": 43613606000,
          "decode_ms": 1012.355125,
          "embedding_encoders": 3,
          "encoder_counts_by_kernel_family": {
            "embedding": 3,
            "final_logits_diagnostic": 0,
            "final_sample": 6,
            "layer_body": 1632,
            "layer_scale_fused": 144,
            "ple_input": 0
          },
          "encoders": 1641,
          "final_logits_encoders": 0,
          "final_sample_encoders": 6,
          "finish_reason": "length",
          "forced_waits": 3,
          "generated_text": "11",
          "generated_token_ids": [
            236770,
            236770
          ],
          "hf_reference": null,
          "last_step_command_buffer_wait_ns": 427001208,
          "last_step_command_buffers": 1,
          "last_step_cpu_encode_ns": 7037417,
          "last_step_cpu_wall_ns": 434038625,
          "last_step_encoders": 580,
          "last_step_forced_waits": 1,
          "last_step_gpu_execution_ns": 426727208,
          "last_step_tokens": 1,
          "layer_encoders": 1632,
          "layer_scale_encoder_fusions": 144,
          "library_compiles": 0,
          "max_new_tokens": 2,
          "max_supported_total_tokens": 514,
          "name": "pp512-decode2-measure-1",
          "output_text": "a a a a a a a a a a a a a a a a a a a a a a a a a a a a a a a a a a a a a a a a a a a a a a a a a a a a a a a a a a a a a a a a a a a a a a a a a a a a a a a a a a a a a a a a a a a a a a a a a a a a a a a a a a a a a a a a a a a a a a a a a a a a a a a a a a a a a a a a a a a a a a a a a a a a a a a a a a a a a a a a a a a a a a a a a a a a a a a a a a a a a a a a a a a a a a a a a a a a a a a a a a a a a a a a a a a a a a a a a a a a a a a a a a a a a a a a a a a a a a a a a a a a a a a a a a a a a a a a a a a a a a a a a a a a a a a a a a a a a a a a a a a a a a a a a a a a a a a a a a a a a a a a a a a a a a a a a a a a a a a a a a a a a a a a a a a a a a a a a a a a a a a a a a a a a a a a a a a a a a a a a a a a a a a a a a a a a a a a a a a a a a a a a a a a a a a a a a a a a a a a a a a a a a a a a a a a a a a a a a a a a a a a a a a a a a a a a a a a a a a a a a a a a a a a a a a a a a a a a a a a a a a a a a a a a a a a a a a a a a a a a a a a a a a a a a a a a a a a a a a a a a a a a a a a a a a 11",
          "output_token_ids": [
            236746,
            496,
            496,
            496,
            496,
            496,
            496,
            496,
            496,
            496,
            496,
            496,
            496,
            496,
            496,
            496,
            496,
            496,
            496,
            496,
            496,
            496,
            496,
            496,
            496,
            496,
            496,
            496,
            496,
            496,
            496,
            496,
            496,
            496,
            496,
            496,
            496,
            496,
            496,
            496,
            496,
            496,
            496,
            496,
            496,
            496,
            496,
            496,
            496,
            496,
            496,
            496,
            496,
            496,
            496,
            496,
            496,
            496,
            496,
            496,
            496,
            496,
            496,
            496,
            496,
            496,
            496,
            496,
            496,
            496,
            496,
            496,
            496,
            496,
            496,
            496,
            496,
            496,
            496,
            496,
            496,
            496,
            496,
            496,
            496,
            496,
            496,
            496,
            496,
            496,
            496,
            496,
            496,
            496,
            496,
            496,
            496,
            496,
            496,
            496,
            496,
            496,
            496,
            496,
            496,
            496,
            496,
            496,
            496,
            496,
            496,
            496,
            496,
            496,
            496,
            496,
            496,
            496,
            496,
            496,
            496,
            496,
            496,
            496,
            496,
            496,
            496,
            496,
            496,
            496,
            496,
            496,
            496,
            496,
            496,
            496,
            496,
            496,
            496,
            496,
            496,
            496,
            496,
            496,
            496,
            496,
            496,
            496,
            496,
            496,
            496,
            496,
            496,
            496,
            496,
            496,
            496,
            496,
            496,
            496,
            496,
            496,
            496,
            496,
            496,
            496,
            496,
            496,
            496,
            496,
            496,
            496,
            496,
            496,
            496,
            496,
            496,
            496,
            496,
            496,
            496,
            496,
            496,
            496,
            496,
            496,
            496,
            496,
            496,
            496,
            496,
            496,
            496,
            496,
            496,
            496,
            496,
            496,
            496,
            496,
            496,
            496,
            496,
            496,
            496,
            496,
            496,
            496,
            496,
            496,
            496,
            496,
            496,
            496,
            496,
            496,
            496,
            496,
            496,
            496,
            496,
            496,
            496,
            496,
            496,
            496,
            496,
            496,
            496,
            496,
            496,
            496,
            496,
            496,
            496,
            496,
            496,
            496,
            496,
            496,
            496,
            496,
            496,
            496,
            496,
            496,
            496,
            496,
            496,
            496,
            496,
            496,
            496,
            496,
            496,
            496,
            496,
            496,
            496,
            496,
            496,
            496,
            496,
            496,
            496,
            496,
            496,
            496,
            496,
            496,
            496,
            496,
            496,
            496,
            496,
            496,
            496,
            496,
            496,
            496,
            496,
            496,
            496,
            496,
            496,
            496,
            496,
            496,
            496,
            496,
            496,
            496,
            496,
            496,
            496,
            496,
            496,
            496,
            496,
            496,
            496,
            496,
            496,
            496,
            496,
            496,
            496,
            496,
            496,
            496,
            496,
            496,
            496,
            496,
            496,
            496,
            496,
            496,
            496,
            496,
            496,
            496,
            496,
            496,
            496,
            496,
            496,
            496,
            496,
            496,
            496,
            496,
            496,
            496,
            496,
            496,
            496,
            496,
            496,
            496,
            496,
            496,
            496,
            496,
            496,
            496,
            496,
            496,
            496,
            496,
            496,
            496,
            496,
            496,
            496,
            496,
            496,
            496,
            496,
            496,
            496,
            496,
            496,
            496,
            496,
            496,
            496,
            496,
            496,
            496,
            496,
            496,
            496,
            496,
            496,
            496,
            496,
            496,
            496,
            496,
            496,
            496,
            496,
            496,
            496,
            496,
            496,
            496,
            496,
            496,
            496,
            496,
            496,
            496,
            496,
            496,
            496,
            496,
            496,
            496,
            496,
            496,
            496,
            496,
            496,
            496,
            496,
            496,
            496,
            496,
            496,
            496,
            496,
            496,
            496,
            496,
            496,
            496,
            496,
            496,
            496,
            496,
            496,
            496,
            496,
            496,
            496,
            496,
            496,
            496,
            496,
            496,
            496,
            496,
            496,
            496,
            496,
            496,
            496,
            496,
            496,
            496,
            496,
            496,
            496,
            496,
            496,
            496,
            496,
            496,
            496,
            496,
            496,
            496,
            496,
            496,
            496,
            496,
            496,
            496,
            496,
            496,
            496,
            496,
            496,
            496,
            496,
            496,
            496,
            496,
            496,
            496,
            496,
            496,
            496,
            496,
            496,
            496,
            496,
            496,
            496,
            496,
            496,
            496,
            496,
            496,
            496,
            496,
            496,
            496,
            496,
            496,
            496,
            496,
            496,
            496,
            496,
            496,
            496,
            496,
            496,
            496,
            496,
            496,
            496,
            496,
            496,
            496,
            496,
            496,
            496,
            236743,
            236770,
            236770
          ],
          "pipeline_state_compiles": 0,
          "ple_encoders": 0,
          "prefill_ms": 42601.318166,
          "prompt": "a a a a a a a a a a a a a a a a a a a a a a a a a a a a a a a a a a a a a a a a a a a a a a a a a a a a a a a a a a a a a a a a a a a a a a a a a a a a a a a a a a a a a a a a a a a a a a a a a a a a a a a a a a a a a a a a a a a a a a a a a a a a a a a a a a a a a a a a a a a a a a a a a a a a a a a a a a a a a a a a a a a a a a a a a a a a a a a a a a a a a a a a a a a a a a a a a a a a a a a a a a a a a a a a a a a a a a a a a a a a a a a a a a a a a a a a a a a a a a a a a a a a a a a a a a a a a a a a a a a a a a a a a a a a a a a a a a a a a a a a a a a a a a a a a a a a a a a a a a a a a a a a a a a a a a a a a a a a a a a a a a a a a a a a a a a a a a a a a a a a a a a a a a a a a a a a a a a a a a a a a a a a a a a a a a a a a a a a a a a a a a a a a a a a a a a a a a a a a a a a a a a a a a a a a a a a a a a a a a a a a a a a a a a a a a a a a a a a a a a a a a a a a a a a a a a a a a a a a a a a a a a a a a a a a a a a a a a a a a a a a a a a a a a a a a a a a a a a a a a a a a a a a a a a a a a ",
          "prompt_token_ids": [
            236746,
            496,
            496,
            496,
            496,
            496,
            496,
            496,
            496,
            496,
            496,
            496,
            496,
            496,
            496,
            496,
            496,
            496,
            496,
            496,
            496,
            496,
            496,
            496,
            496,
            496,
            496,
            496,
            496,
            496,
            496,
            496,
            496,
            496,
            496,
            496,
            496,
            496,
            496,
            496,
            496,
            496,
            496,
            496,
            496,
            496,
            496,
            496,
            496,
            496,
            496,
            496,
            496,
            496,
            496,
            496,
            496,
            496,
            496,
            496,
            496,
            496,
            496,
            496,
            496,
            496,
            496,
            496,
            496,
            496,
            496,
            496,
            496,
            496,
            496,
            496,
            496,
            496,
            496,
            496,
            496,
            496,
            496,
            496,
            496,
            496,
            496,
            496,
            496,
            496,
            496,
            496,
            496,
            496,
            496,
            496,
            496,
            496,
            496,
            496,
            496,
            496,
            496,
            496,
            496,
            496,
            496,
            496,
            496,
            496,
            496,
            496,
            496,
            496,
            496,
            496,
            496,
            496,
            496,
            496,
            496,
            496,
            496,
            496,
            496,
            496,
            496,
            496,
            496,
            496,
            496,
            496,
            496,
            496,
            496,
            496,
            496,
            496,
            496,
            496,
            496,
            496,
            496,
            496,
            496,
            496,
            496,
            496,
            496,
            496,
            496,
            496,
            496,
            496,
            496,
            496,
            496,
            496,
            496,
            496,
            496,
            496,
            496,
            496,
            496,
            496,
            496,
            496,
            496,
            496,
            496,
            496,
            496,
            496,
            496,
            496,
            496,
            496,
            496,
            496,
            496,
            496,
            496,
            496,
            496,
            496,
            496,
            496,
            496,
            496,
            496,
            496,
            496,
            496,
            496,
            496,
            496,
            496,
            496,
            496,
            496,
            496,
            496,
            496,
            496,
            496,
            496,
            496,
            496,
            496,
            496,
            496,
            496,
            496,
            496,
            496,
            496,
            496,
            496,
            496,
            496,
            496,
            496,
            496,
            496,
            496,
            496,
            496,
            496,
            496,
            496,
            496,
            496,
            496,
            496,
            496,
            496,
            496,
            496,
            496,
            496,
            496,
            496,
            496,
            496,
            496,
            496,
            496,
            496,
            496,
            496,
            496,
            496,
            496,
            496,
            496,
            496,
            496,
            496,
            496,
            496,
            496,
            496,
            496,
            496,
            496,
            496,
            496,
            496,
            496,
            496,
            496,
            496,
            496,
            496,
            496,
            496,
            496,
            496,
            496,
            496,
            496,
            496,
            496,
            496,
            496,
            496,
            496,
            496,
            496,
            496,
            496,
            496,
            496,
            496,
            496,
            496,
            496,
            496,
            496,
            496,
            496,
            496,
            496,
            496,
            496,
            496,
            496,
            496,
            496,
            496,
            496,
            496,
            496,
            496,
            496,
            496,
            496,
            496,
            496,
            496,
            496,
            496,
            496,
            496,
            496,
            496,
            496,
            496,
            496,
            496,
            496,
            496,
            496,
            496,
            496,
            496,
            496,
            496,
            496,
            496,
            496,
            496,
            496,
            496,
            496,
            496,
            496,
            496,
            496,
            496,
            496,
            496,
            496,
            496,
            496,
            496,
            496,
            496,
            496,
            496,
            496,
            496,
            496,
            496,
            496,
            496,
            496,
            496,
            496,
            496,
            496,
            496,
            496,
            496,
            496,
            496,
            496,
            496,
            496,
            496,
            496,
            496,
            496,
            496,
            496,
            496,
            496,
            496,
            496,
            496,
            496,
            496,
            496,
            496,
            496,
            496,
            496,
            496,
            496,
            496,
            496,
            496,
            496,
            496,
            496,
            496,
            496,
            496,
            496,
            496,
            496,
            496,
            496,
            496,
            496,
            496,
            496,
            496,
            496,
            496,
            496,
            496,
            496,
            496,
            496,
            496,
            496,
            496,
            496,
            496,
            496,
            496,
            496,
            496,
            496,
            496,
            496,
            496,
            496,
            496,
            496,
            496,
            496,
            496,
            496,
            496,
            496,
            496,
            496,
            496,
            496,
            496,
            496,
            496,
            496,
            496,
            496,
            496,
            496,
            496,
            496,
            496,
            496,
            496,
            496,
            496,
            496,
            496,
            496,
            496,
            496,
            496,
            496,
            496,
            496,
            496,
            496,
            496,
            496,
            496,
            496,
            496,
            496,
            496,
            496,
            496,
            496,
            496,
            496,
            496,
            496,
            496,
            496,
            496,
            496,
            496,
            496,
            496,
            496,
            496,
            496,
            496,
            496,
            496,
            496,
            496,
            496,
            496,
            496,
            496,
            236743
          ],
          "research_dispatch": {
            "counts": {
              "research_global_d512_atlas_mma_r8k32p64t128": 16
            },
            "overflowed": false,
            "schema": "rvllm.metal.research-dispatch.v3"
          },
          "status": "pass",
          "tok_per_s": 1.9755913222645067
        },
        {
          "command_buffer_wait_ns": 43169883209,
          "command_buffers": 3,
          "cpu_encode_ns": 13095916,
          "cpu_wall_ns": 43182979125,
          "decode_ms": 924.537,
          "embedding_encoders": 3,
          "encoder_counts_by_kernel_family": {
            "embedding": 3,
            "final_logits_diagnostic": 0,
            "final_sample": 6,
            "layer_body": 1632,
            "layer_scale_fused": 144,
            "ple_input": 0
          },
          "encoders": 1641,
          "final_logits_encoders": 0,
          "final_sample_encoders": 6,
          "finish_reason": "length",
          "forced_waits": 3,
          "generated_text": "11",
          "generated_token_ids": [
            236770,
            236770
          ],
          "hf_reference": null,
          "last_step_command_buffer_wait_ns": 609886916,
          "last_step_command_buffers": 1,
          "last_step_cpu_encode_ns": 2403126,
          "last_step_cpu_wall_ns": 612290042,
          "last_step_encoders": 580,
          "last_step_forced_waits": 1,
          "last_step_gpu_execution_ns": 609594708,
          "last_step_tokens": 1,
          "layer_encoders": 1632,
          "layer_scale_encoder_fusions": 144,
          "library_compiles": 0,
          "max_new_tokens": 2,
          "max_supported_total_tokens": 514,
          "name": "pp512-decode2-measure-2",
          "output_text": "a a a a a a a a a a a a a a a a a a a a a a a a a a a a a a a a a a a a a a a a a a a a a a a a a a a a a a a a a a a a a a a a a a a a a a a a a a a a a a a a a a a a a a a a a a a a a a a a a a a a a a a a a a a a a a a a a a a a a a a a a a a a a a a a a a a a a a a a a a a a a a a a a a a a a a a a a a a a a a a a a a a a a a a a a a a a a a a a a a a a a a a a a a a a a a a a a a a a a a a a a a a a a a a a a a a a a a a a a a a a a a a a a a a a a a a a a a a a a a a a a a a a a a a a a a a a a a a a a a a a a a a a a a a a a a a a a a a a a a a a a a a a a a a a a a a a a a a a a a a a a a a a a a a a a a a a a a a a a a a a a a a a a a a a a a a a a a a a a a a a a a a a a a a a a a a a a a a a a a a a a a a a a a a a a a a a a a a a a a a a a a a a a a a a a a a a a a a a a a a a a a a a a a a a a a a a a a a a a a a a a a a a a a a a a a a a a a a a a a a a a a a a a a a a a a a a a a a a a a a a a a a a a a a a a a a a a a a a a a a a a a a a a a a a a a a a a a a a a a a a a a a a a a a a a a a 11",
          "output_token_ids": [
            236746,
            496,
            496,
            496,
            496,
            496,
            496,
            496,
            496,
            496,
            496,
            496,
            496,
            496,
            496,
            496,
            496,
            496,
            496,
            496,
            496,
            496,
            496,
            496,
            496,
            496,
            496,
            496,
            496,
            496,
            496,
            496,
            496,
            496,
            496,
            496,
            496,
            496,
            496,
            496,
            496,
            496,
            496,
            496,
            496,
            496,
            496,
            496,
            496,
            496,
            496,
            496,
            496,
            496,
            496,
            496,
            496,
            496,
            496,
            496,
            496,
            496,
            496,
            496,
            496,
            496,
            496,
            496,
            496,
            496,
            496,
            496,
            496,
            496,
            496,
            496,
            496,
            496,
            496,
            496,
            496,
            496,
            496,
            496,
            496,
            496,
            496,
            496,
            496,
            496,
            496,
            496,
            496,
            496,
            496,
            496,
            496,
            496,
            496,
            496,
            496,
            496,
            496,
            496,
            496,
            496,
            496,
            496,
            496,
            496,
            496,
            496,
            496,
            496,
            496,
            496,
            496,
            496,
            496,
            496,
            496,
            496,
            496,
            496,
            496,
            496,
            496,
            496,
            496,
            496,
            496,
            496,
            496,
            496,
            496,
            496,
            496,
            496,
            496,
            496,
            496,
            496,
            496,
            496,
            496,
            496,
            496,
            496,
            496,
            496,
            496,
            496,
            496,
            496,
            496,
            496,
            496,
            496,
            496,
            496,
            496,
            496,
            496,
            496,
            496,
            496,
            496,
            496,
            496,
            496,
            496,
            496,
            496,
            496,
            496,
            496,
            496,
            496,
            496,
            496,
            496,
            496,
            496,
            496,
            496,
            496,
            496,
            496,
            496,
            496,
            496,
            496,
            496,
            496,
            496,
            496,
            496,
            496,
            496,
            496,
            496,
            496,
            496,
            496,
            496,
            496,
            496,
            496,
            496,
            496,
            496,
            496,
            496,
            496,
            496,
            496,
            496,
            496,
            496,
            496,
            496,
            496,
            496,
            496,
            496,
            496,
            496,
            496,
            496,
            496,
            496,
            496,
            496,
            496,
            496,
            496,
            496,
            496,
            496,
            496,
            496,
            496,
            496,
            496,
            496,
            496,
            496,
            496,
            496,
            496,
            496,
            496,
            496,
            496,
            496,
            496,
            496,
            496,
            496,
            496,
            496,
            496,
            496,
            496,
            496,
            496,
            496,
            496,
            496,
            496,
            496,
            496,
            496,
            496,
            496,
            496,
            496,
            496,
            496,
            496,
            496,
            496,
            496,
            496,
            496,
            496,
            496,
            496,
            496,
            496,
            496,
            496,
            496,
            496,
            496,
            496,
            496,
            496,
            496,
            496,
            496,
            496,
            496,
            496,
            496,
            496,
            496,
            496,
            496,
            496,
            496,
            496,
            496,
            496,
            496,
            496,
            496,
            496,
            496,
            496,
            496,
            496,
            496,
            496,
            496,
            496,
            496,
            496,
            496,
            496,
            496,
            496,
            496,
            496,
            496,
            496,
            496,
            496,
            496,
            496,
            496,
            496,
            496,
            496,
            496,
            496,
            496,
            496,
            496,
            496,
            496,
            496,
            496,
            496,
            496,
            496,
            496,
            496,
            496,
            496,
            496,
            496,
            496,
            496,
            496,
            496,
            496,
            496,
            496,
            496,
            496,
            496,
            496,
            496,
            496,
            496,
            496,
            496,
            496,
            496,
            496,
            496,
            496,
            496,
            496,
            496,
            496,
            496,
            496,
            496,
            496,
            496,
            496,
            496,
            496,
            496,
            496,
            496,
            496,
            496,
            496,
            496,
            496,
            496,
            496,
            496,
            496,
            496,
            496,
            496,
            496,
            496,
            496,
            496,
            496,
            496,
            496,
            496,
            496,
            496,
            496,
            496,
            496,
            496,
            496,
            496,
            496,
            496,
            496,
            496,
            496,
            496,
            496,
            496,
            496,
            496,
            496,
            496,
            496,
            496,
            496,
            496,
            496,
            496,
            496,
            496,
            496,
            496,
            496,
            496,
            496,
            496,
            496,
            496,
            496,
            496,
            496,
            496,
            496,
            496,
            496,
            496,
            496,
            496,
            496,
            496,
            496,
            496,
            496,
            496,
            496,
            496,
            496,
            496,
            496,
            496,
            496,
            496,
            496,
            496,
            496,
            496,
            496,
            496,
            496,
            496,
            496,
            496,
            496,
            496,
            496,
            496,
            496,
            496,
            496,
            496,
            496,
            496,
            496,
            496,
            496,
            496,
            496,
            496,
            496,
            496,
            496,
            496,
            496,
            496,
            496,
            236743,
            236770,
            236770
          ],
          "pipeline_state_compiles": 0,
          "ple_encoders": 0,
          "prefill_ms": 42258.498792,
          "prompt": "a a a a a a a a a a a a a a a a a a a a a a a a a a a a a a a a a a a a a a a a a a a a a a a a a a a a a a a a a a a a a a a a a a a a a a a a a a a a a a a a a a a a a a a a a a a a a a a a a a a a a a a a a a a a a a a a a a a a a a a a a a a a a a a a a a a a a a a a a a a a a a a a a a a a a a a a a a a a a a a a a a a a a a a a a a a a a a a a a a a a a a a a a a a a a a a a a a a a a a a a a a a a a a a a a a a a a a a a a a a a a a a a a a a a a a a a a a a a a a a a a a a a a a a a a a a a a a a a a a a a a a a a a a a a a a a a a a a a a a a a a a a a a a a a a a a a a a a a a a a a a a a a a a a a a a a a a a a a a a a a a a a a a a a a a a a a a a a a a a a a a a a a a a a a a a a a a a a a a a a a a a a a a a a a a a a a a a a a a a a a a a a a a a a a a a a a a a a a a a a a a a a a a a a a a a a a a a a a a a a a a a a a a a a a a a a a a a a a a a a a a a a a a a a a a a a a a a a a a a a a a a a a a a a a a a a a a a a a a a a a a a a a a a a a a a a a a a a a a a a a a a a a a a a a a a a ",
          "prompt_token_ids": [
            236746,
            496,
            496,
            496,
            496,
            496,
            496,
            496,
            496,
            496,
            496,
            496,
            496,
            496,
            496,
            496,
            496,
            496,
            496,
            496,
            496,
            496,
            496,
            496,
            496,
            496,
            496,
            496,
            496,
            496,
            496,
            496,
            496,
            496,
            496,
            496,
            496,
            496,
            496,
            496,
            496,
            496,
            496,
            496,
            496,
            496,
            496,
            496,
            496,
            496,
            496,
            496,
            496,
            496,
            496,
            496,
            496,
            496,
            496,
            496,
            496,
            496,
            496,
            496,
            496,
            496,
            496,
            496,
            496,
            496,
            496,
            496,
            496,
            496,
            496,
            496,
            496,
            496,
            496,
            496,
            496,
            496,
            496,
            496,
            496,
            496,
            496,
            496,
            496,
            496,
            496,
            496,
            496,
            496,
            496,
            496,
            496,
            496,
            496,
            496,
            496,
            496,
            496,
            496,
            496,
            496,
            496,
            496,
            496,
            496,
            496,
            496,
            496,
            496,
            496,
            496,
            496,
            496,
            496,
            496,
            496,
            496,
            496,
            496,
            496,
            496,
            496,
            496,
            496,
            496,
            496,
            496,
            496,
            496,
            496,
            496,
            496,
            496,
            496,
            496,
            496,
            496,
            496,
            496,
            496,
            496,
            496,
            496,
            496,
            496,
            496,
            496,
            496,
            496,
            496,
            496,
            496,
            496,
            496,
            496,
            496,
            496,
            496,
            496,
            496,
            496,
            496,
            496,
            496,
            496,
            496,
            496,
            496,
            496,
            496,
            496,
            496,
            496,
            496,
            496,
            496,
            496,
            496,
            496,
            496,
            496,
            496,
            496,
            496,
            496,
            496,
            496,
            496,
            496,
            496,
            496,
            496,
            496,
            496,
            496,
            496,
            496,
            496,
            496,
            496,
            496,
            496,
            496,
            496,
            496,
            496,
            496,
            496,
            496,
            496,
            496,
            496,
            496,
            496,
            496,
            496,
            496,
            496,
            496,
            496,
            496,
            496,
            496,
            496,
            496,
            496,
            496,
            496,
            496,
            496,
            496,
            496,
            496,
            496,
            496,
            496,
            496,
            496,
            496,
            496,
            496,
            496,
            496,
            496,
            496,
            496,
            496,
            496,
            496,
            496,
            496,
            496,
            496,
            496,
            496,
            496,
            496,
            496,
            496,
            496,
            496,
            496,
            496,
            496,
            496,
            496,
            496,
            496,
            496,
            496,
            496,
            496,
            496,
            496,
            496,
            496,
            496,
            496,
            496,
            496,
            496,
            496,
            496,
            496,
            496,
            496,
            496,
            496,
            496,
            496,
            496,
            496,
            496,
            496,
            496,
            496,
            496,
            496,
            496,
            496,
            496,
            496,
            496,
            496,
            496,
            496,
            496,
            496,
            496,
            496,
            496,
            496,
            496,
            496,
            496,
            496,
            496,
            496,
            496,
            496,
            496,
            496,
            496,
            496,
            496,
            496,
            496,
            496,
            496,
            496,
            496,
            496,
            496,
            496,
            496,
            496,
            496,
            496,
            496,
            496,
            496,
            496,
            496,
            496,
            496,
            496,
            496,
            496,
            496,
            496,
            496,
            496,
            496,
            496,
            496,
            496,
            496,
            496,
            496,
            496,
            496,
            496,
            496,
            496,
            496,
            496,
            496,
            496,
            496,
            496,
            496,
            496,
            496,
            496,
            496,
            496,
            496,
            496,
            496,
            496,
            496,
            496,
            496,
            496,
            496,
            496,
            496,
            496,
            496,
            496,
            496,
            496,
            496,
            496,
            496,
            496,
            496,
            496,
            496,
            496,
            496,
            496,
            496,
            496,
            496,
            496,
            496,
            496,
            496,
            496,
            496,
            496,
            496,
            496,
            496,
            496,
            496,
            496,
            496,
            496,
            496,
            496,
            496,
            496,
            496,
            496,
            496,
            496,
            496,
            496,
            496,
            496,
            496,
            496,
            496,
            496,
            496,
            496,
            496,
            496,
            496,
            496,
            496,
            496,
            496,
            496,
            496,
            496,
            496,
            496,
            496,
            496,
            496,
            496,
            496,
            496,
            496,
            496,
            496,
            496,
            496,
            496,
            496,
            496,
            496,
            496,
            496,
            496,
            496,
            496,
            496,
            496,
            496,
            496,
            496,
            496,
            496,
            496,
            496,
            496,
            496,
            496,
            496,
            496,
            496,
            496,
            496,
            496,
            496,
            496,
            496,
            496,
            496,
            496,
            496,
            496,
            496,
            496,
            496,
            496,
            496,
            496,
            496,
            496,
            496,
            496,
            236743
          ],
          "research_dispatch": {
            "counts": {
              "research_global_d512_atlas_mma_r8k32p64t128": 16
            },
            "overflowed": false,
            "schema": "rvllm.metal.research-dispatch.v3"
          },
          "status": "pass",
          "tok_per_s": 2.163244953960739
        }
      ],
      "checkpoint_complete": true,
      "checkpoint_completed_cases": 3,
      "checkpoint_total_cases": 3,
      "claim": "Apple Metal text inference workflow; not production-ready until acceptance gates pass",
      "command_buffer_wait_ns": 129590013169,
      "command_buffers": 9,
      "cpu_encode_ns": 54493622,
      "cpu_wall_ns": 129644506791,
      "debug_sync": false,
      "decode_ms": 2812.536666,
      "embedding_encoders": 9,
      "encoder_counts_by_kernel_family": {
        "embedding": 9,
        "final_logits_diagnostic": 0,
        "final_sample": 18,
        "layer_body": 4896,
        "layer_scale_fused": 432,
        "ple_input": 0
      },
      "encoders": 4923,
      "final_logits_encoders": 0,
      "final_sample_encoders": 18,
      "forced_waits": 9,
      "generated_tokens": 6,
      "large_model_opt_in": true,
      "last_step_command_buffer_wait_ns": 609886916,
      "last_step_command_buffers": 1,
      "last_step_cpu_encode_ns": 2403126,
      "last_step_cpu_wall_ns": 612290042,
      "last_step_encoders": 580,
      "last_step_forced_waits": 1,
      "last_step_gpu_execution_ns": 609594708,
      "last_step_tokens": 1,
      "layer_encoders": 4896,
      "layer_scale_encoder_fusions": 432,
      "library_compiles": 1,
      "max_supported_total_tokens": 514,
      "metal_compute_dtype": "bfloat16",
      "metal_moe_router_weight_dtype": "bfloat16",
      "metal_weight_dtype": "bfloat16",
      "model_dir": "/Users/george/.cache/huggingface/hub/models--google--gemma-4-12B-it/snapshots/707f0a3b8a3c7ad586ed01e27eafbad8a27dd0f7",
      "pipeline_state_compiles": 53,
      "ple_encoders": 0,
      "prefill_ms": 126832.21008299998,
      "prepare_ms": 14713.238042,
      "research_dispatch": {
        "counts": {
          "research_global_d512_atlas_mma_r8k32p64t128": 48
        },
        "overflowed": false,
        "schema": "rvllm.metal.research-dispatch.v3"
      },
      "schema": "rvllm.apple_metal_text_session.v1",
      "status": "pass",
      "tok_per_s": 2.133305521855906,
      "total_ms": 144365.66579199999
    }
  ],
  "schema": "rvllm.apple_metal_text_session_profile.v1"
}
{
  "backend": "direct",
  "claim": "Apple Metal text session profile only; not production performance, ANE, external profiler, or production readiness evidence",
  "maximums": {
    "command_buffer_wait_ms": 120511.537833,
    "command_buffer_wait_ms_per_token": 20085.2563055,
    "command_buffers_per_token": 1.5,
    "cpu_encode_ms": 59.766001,
    "cpu_encode_ms_per_token": 9.961000166666667,
    "decode_ms": 4215.125916,
    "encoders_per_token": 820.5,
    "forced_waits_per_token": 1.5,
    "latency_ms_per_token": 702.520986,
    "layer_scale_fusions_per_token": 72.0,
    "prefill_ms": 116356.40125,
    "prepare_ms": 18937.820167,
    "tok_per_s": 1.4234450214701486
  },
  "medians": {
    "command_buffer_wait_ms": 120511.537833,
    "command_buffer_wait_ms_per_token": 20085.2563055,
    "command_buffers_per_token": 1.5,
    "cpu_encode_ms": 59.766001,
    "cpu_encode_ms_per_token": 9.961000166666667,
    "decode_ms": 4215.125916,
    "encoders_per_token": 820.5,
    "forced_waits_per_token": 1.5,
    "latency_ms_per_token": 702.520986,
    "layer_scale_fusions_per_token": 72.0,
    "prefill_ms": 116356.40125,
    "prepare_ms": 18937.820167,
    "tok_per_s": 1.4234450214701486
  },
  "metal_compute_dtype": "bfloat16",
  "metal_moe_router_weight_dtype": "bfloat16",
  "metal_weight_dtype": "bfloat16",
  "minimums": {
    "command_buffer_wait_ms": 120511.537833,
    "command_buffer_wait_ms_per_token": 20085.2563055,
    "command_buffers_per_token": 1.5,
    "cpu_encode_ms": 59.766001,
    "cpu_encode_ms_per_token": 9.961000166666667,
    "decode_ms": 4215.125916,
    "encoders_per_token": 820.5,
    "forced_waits_per_token": 1.5,
    "latency_ms_per_token": 702.520986,
    "layer_scale_fusions_per_token": 72.0,
    "prefill_ms": 116356.40125,
    "prepare_ms": 18937.820167,
    "tok_per_s": 1.4234450214701486
  },
  "model_dir": "/Users/george/.cache/huggingface/hub/models--google--gemma-4-12B-it/snapshots/707f0a3b8a3c7ad586ed01e27eafbad8a27dd0f7",
  "sample_count": 1,
  "samples": [
    {
      "arena_bytes": 25576578080,
      "backend": "direct",
      "case_count": 3,
      "cases": [
        {
          "command_buffer_wait_ns": 42230629166,
          "command_buffers": 3,
          "cpu_encode_ns": 31334667,
          "cpu_wall_ns": 42261963833,
          "decode_ms": 688.7495,
          "embedding_encoders": 3,
          "encoder_counts_by_kernel_family": {
            "embedding": 3,
            "final_logits_diagnostic": 0,
            "final_sample": 6,
            "layer_body": 1632,
            "layer_scale_fused": 144,
            "ple_input": 0
          },
          "encoders": 1641,
          "final_logits_encoders": 0,
          "final_sample_encoders": 6,
          "finish_reason": "length",
          "forced_waits": 3,
          "generated_text": "11",
          "generated_token_ids": [
            236770,
            236770
          ],
          "hf_reference": null,
          "last_step_command_buffer_wait_ns": 410918958,
          "last_step_command_buffers": 1,
          "last_step_cpu_encode_ns": 5181167,
          "last_step_cpu_wall_ns": 416100125,
          "last_step_encoders": 580,
          "last_step_forced_waits": 1,
          "last_step_gpu_execution_ns": 410087374,
          "last_step_tokens": 1,
          "layer_encoders": 1632,
          "layer_scale_encoder_fusions": 144,
          "library_compiles": 0,
          "max_new_tokens": 2,
          "max_supported_total_tokens": 514,
          "name": "pp512-decode2-warmup",
          "output_text": "a a a a a a a a a a a a a a a a a a a a a a a a a a a a a a a a a a a a a a a a a a a a a a a a a a a a a a a a a a a a a a a a a a a a a a a a a a a a a a a a a a a a a a a a a a a a a a a a a a a a a a a a a a a a a a a a a a a a a a a a a a a a a a a a a a a a a a a a a a a a a a a a a a a a a a a a a a a a a a a a a a a a a a a a a a a a a a a a a a a a a a a a a a a a a a a a a a a a a a a a a a a a a a a a a a a a a a a a a a a a a a a a a a a a a a a a a a a a a a a a a a a a a a a a a a a a a a a a a a a a a a a a a a a a a a a a a a a a a a a a a a a a a a a a a a a a a a a a a a a a a a a a a a a a a a a a a a a a a a a a a a a a a a a a a a a a a a a a a a a a a a a a a a a a a a a a a a a a a a a a a a a a a a a a a a a a a a a a a a a a a a a a a a a a a a a a a a a a a a a a a a a a a a a a a a a a a a a a a a a a a a a a a a a a a a a a a a a a a a a a a a a a a a a a a a a a a a a a a a a a a a a a a a a a a a a a a a a a a a a a a a a a a a a a a a a a a a a a a a a a a a a a a a a a a a a 11",
          "output_token_ids": [
            236746,
            496,
            496,
            496,
            496,
            496,
            496,
            496,
            496,
            496,
            496,
            496,
            496,
            496,
            496,
            496,
            496,
            496,
            496,
            496,
            496,
            496,
            496,
            496,
            496,
            496,
            496,
            496,
            496,
            496,
            496,
            496,
            496,
            496,
            496,
            496,
            496,
            496,
            496,
            496,
            496,
            496,
            496,
            496,
            496,
            496,
            496,
            496,
            496,
            496,
            496,
            496,
            496,
            496,
            496,
            496,
            496,
            496,
            496,
            496,
            496,
            496,
            496,
            496,
            496,
            496,
            496,
            496,
            496,
            496,
            496,
            496,
            496,
            496,
            496,
            496,
            496,
            496,
            496,
            496,
            496,
            496,
            496,
            496,
            496,
            496,
            496,
            496,
            496,
            496,
            496,
            496,
            496,
            496,
            496,
            496,
            496,
            496,
            496,
            496,
            496,
            496,
            496,
            496,
            496,
            496,
            496,
            496,
            496,
            496,
            496,
            496,
            496,
            496,
            496,
            496,
            496,
            496,
            496,
            496,
            496,
            496,
            496,
            496,
            496,
            496,
            496,
            496,
            496,
            496,
            496,
            496,
            496,
            496,
            496,
            496,
            496,
            496,
            496,
            496,
            496,
            496,
            496,
            496,
            496,
            496,
            496,
            496,
            496,
            496,
            496,
            496,
            496,
            496,
            496,
            496,
            496,
            496,
            496,
            496,
            496,
            496,
            496,
            496,
            496,
            496,
            496,
            496,
            496,
            496,
            496,
            496,
            496,
            496,
            496,
            496,
            496,
            496,
            496,
            496,
            496,
            496,
            496,
            496,
            496,
            496,
            496,
            496,
            496,
            496,
            496,
            496,
            496,
            496,
            496,
            496,
            496,
            496,
            496,
            496,
            496,
            496,
            496,
            496,
            496,
            496,
            496,
            496,
            496,
            496,
            496,
            496,
            496,
            496,
            496,
            496,
            496,
            496,
            496,
            496,
            496,
            496,
            496,
            496,
            496,
            496,
            496,
            496,
            496,
            496,
            496,
            496,
            496,
            496,
            496,
            496,
            496,
            496,
            496,
            496,
            496,
            496,
            496,
            496,
            496,
            496,
            496,
            496,
            496,
            496,
            496,
            496,
            496,
            496,
            496,
            496,
            496,
            496,
            496,
            496,
            496,
            496,
            496,
            496,
            496,
            496,
            496,
            496,
            496,
            496,
            496,
            496,
            496,
            496,
            496,
            496,
            496,
            496,
            496,
            496,
            496,
            496,
            496,
            496,
            496,
            496,
            496,
            496,
            496,
            496,
            496,
            496,
            496,
            496,
            496,
            496,
            496,
            496,
            496,
            496,
            496,
            496,
            496,
            496,
            496,
            496,
            496,
            496,
            496,
            496,
            496,
            496,
            496,
            496,
            496,
            496,
            496,
            496,
            496,
            496,
            496,
            496,
            496,
            496,
            496,
            496,
            496,
            496,
            496,
            496,
            496,
            496,
            496,
            496,
            496,
            496,
            496,
            496,
            496,
            496,
            496,
            496,
            496,
            496,
            496,
            496,
            496,
            496,
            496,
            496,
            496,
            496,
            496,
            496,
            496,
            496,
            496,
            496,
            496,
            496,
            496,
            496,
            496,
            496,
            496,
            496,
            496,
            496,
            496,
            496,
            496,
            496,
            496,
            496,
            496,
            496,
            496,
            496,
            496,
            496,
            496,
            496,
            496,
            496,
            496,
            496,
            496,
            496,
            496,
            496,
            496,
            496,
            496,
            496,
            496,
            496,
            496,
            496,
            496,
            496,
            496,
            496,
            496,
            496,
            496,
            496,
            496,
            496,
            496,
            496,
            496,
            496,
            496,
            496,
            496,
            496,
            496,
            496,
            496,
            496,
            496,
            496,
            496,
            496,
            496,
            496,
            496,
            496,
            496,
            496,
            496,
            496,
            496,
            496,
            496,
            496,
            496,
            496,
            496,
            496,
            496,
            496,
            496,
            496,
            496,
            496,
            496,
            496,
            496,
            496,
            496,
            496,
            496,
            496,
            496,
            496,
            496,
            496,
            496,
            496,
            496,
            496,
            496,
            496,
            496,
            496,
            496,
            496,
            496,
            496,
            496,
            496,
            496,
            496,
            496,
            496,
            496,
            496,
            496,
            496,
            496,
            496,
            496,
            496,
            496,
            496,
            496,
            496,
            496,
            496,
            496,
            496,
            496,
            496,
            496,
            496,
            496,
            496,
            496,
            496,
            496,
            496,
            496,
            496,
            496,
            496,
            496,
            496,
            496,
            496,
            496,
            236743,
            236770,
            236770
          ],
          "pipeline_state_compiles": 0,
          "ple_encoders": 0,
          "prefill_ms": 41573.312874999996,
          "prompt": "a a a a a a a a a a a a a a a a a a a a a a a a a a a a a a a a a a a a a a a a a a a a a a a a a a a a a a a a a a a a a a a a a a a a a a a a a a a a a a a a a a a a a a a a a a a a a a a a a a a a a a a a a a a a a a a a a a a a a a a a a a a a a a a a a a a a a a a a a a a a a a a a a a a a a a a a a a a a a a a a a a a a a a a a a a a a a a a a a a a a a a a a a a a a a a a a a a a a a a a a a a a a a a a a a a a a a a a a a a a a a a a a a a a a a a a a a a a a a a a a a a a a a a a a a a a a a a a a a a a a a a a a a a a a a a a a a a a a a a a a a a a a a a a a a a a a a a a a a a a a a a a a a a a a a a a a a a a a a a a a a a a a a a a a a a a a a a a a a a a a a a a a a a a a a a a a a a a a a a a a a a a a a a a a a a a a a a a a a a a a a a a a a a a a a a a a a a a a a a a a a a a a a a a a a a a a a a a a a a a a a a a a a a a a a a a a a a a a a a a a a a a a a a a a a a a a a a a a a a a a a a a a a a a a a a a a a a a a a a a a a a a a a a a a a a a a a a a a a a a a a a a a a a a a a a a ",
          "prompt_token_ids": [
            236746,
            496,
            496,
            496,
            496,
            496,
            496,
            496,
            496,
            496,
            496,
            496,
            496,
            496,
            496,
            496,
            496,
            496,
            496,
            496,
            496,
            496,
            496,
            496,
            496,
            496,
            496,
            496,
            496,
            496,
            496,
            496,
            496,
            496,
            496,
            496,
            496,
            496,
            496,
            496,
            496,
            496,
            496,
            496,
            496,
            496,
            496,
            496,
            496,
            496,
            496,
            496,
            496,
            496,
            496,
            496,
            496,
            496,
            496,
            496,
            496,
            496,
            496,
            496,
            496,
            496,
            496,
            496,
            496,
            496,
            496,
            496,
            496,
            496,
            496,
            496,
            496,
            496,
            496,
            496,
            496,
            496,
            496,
            496,
            496,
            496,
            496,
            496,
            496,
            496,
            496,
            496,
            496,
            496,
            496,
            496,
            496,
            496,
            496,
            496,
            496,
            496,
            496,
            496,
            496,
            496,
            496,
            496,
            496,
            496,
            496,
            496,
            496,
            496,
            496,
            496,
            496,
            496,
            496,
            496,
            496,
            496,
            496,
            496,
            496,
            496,
            496,
            496,
            496,
            496,
            496,
            496,
            496,
            496,
            496,
            496,
            496,
            496,
            496,
            496,
            496,
            496,
            496,
            496,
            496,
            496,
            496,
            496,
            496,
            496,
            496,
            496,
            496,
            496,
            496,
            496,
            496,
            496,
            496,
            496,
            496,
            496,
            496,
            496,
            496,
            496,
            496,
            496,
            496,
            496,
            496,
            496,
            496,
            496,
            496,
            496,
            496,
            496,
            496,
            496,
            496,
            496,
            496,
            496,
            496,
            496,
            496,
            496,
            496,
            496,
            496,
            496,
            496,
            496,
            496,
            496,
            496,
            496,
            496,
            496,
            496,
            496,
            496,
            496,
            496,
            496,
            496,
            496,
            496,
            496,
            496,
            496,
            496,
            496,
            496,
            496,
            496,
            496,
            496,
            496,
            496,
            496,
            496,
            496,
            496,
            496,
            496,
            496,
            496,
            496,
            496,
            496,
            496,
            496,
            496,
            496,
            496,
            496,
            496,
            496,
            496,
            496,
            496,
            496,
            496,
            496,
            496,
            496,
            496,
            496,
            496,
            496,
            496,
            496,
            496,
            496,
            496,
            496,
            496,
            496,
            496,
            496,
            496,
            496,
            496,
            496,
            496,
            496,
            496,
            496,
            496,
            496,
            496,
            496,
            496,
            496,
            496,
            496,
            496,
            496,
            496,
            496,
            496,
            496,
            496,
            496,
            496,
            496,
            496,
            496,
            496,
            496,
            496,
            496,
            496,
            496,
            496,
            496,
            496,
            496,
            496,
            496,
            496,
            496,
            496,
            496,
            496,
            496,
            496,
            496,
            496,
            496,
            496,
            496,
            496,
            496,
            496,
            496,
            496,
            496,
            496,
            496,
            496,
            496,
            496,
            496,
            496,
            496,
            496,
            496,
            496,
            496,
            496,
            496,
            496,
            496,
            496,
            496,
            496,
            496,
            496,
            496,
            496,
            496,
            496,
            496,
            496,
            496,
            496,
            496,
            496,
            496,
            496,
            496,
            496,
            496,
            496,
            496,
            496,
            496,
            496,
            496,
            496,
            496,
            496,
            496,
            496,
            496,
            496,
            496,
            496,
            496,
            496,
            496,
            496,
            496,
            496,
            496,
            496,
            496,
            496,
            496,
            496,
            496,
            496,
            496,
            496,
            496,
            496,
            496,
            496,
            496,
            496,
            496,
            496,
            496,
            496,
            496,
            496,
            496,
            496,
            496,
            496,
            496,
            496,
            496,
            496,
            496,
            496,
            496,
            496,
            496,
            496,
            496,
            496,
            496,
            496,
            496,
            496,
            496,
            496,
            496,
            496,
            496,
            496,
            496,
            496,
            496,
            496,
            496,
            496,
            496,
            496,
            496,
            496,
            496,
            496,
            496,
            496,
            496,
            496,
            496,
            496,
            496,
            496,
            496,
            496,
            496,
            496,
            496,
            496,
            496,
            496,
            496,
            496,
            496,
            496,
            496,
            496,
            496,
            496,
            496,
            496,
            496,
            496,
            496,
            496,
            496,
            496,
            496,
            496,
            496,
            496,
            496,
            496,
            496,
            496,
            496,
            496,
            496,
            496,
            496,
            496,
            496,
            496,
            496,
            496,
            496,
            496,
            496,
            496,
            496,
            496,
            496,
            496,
            496,
            496,
            496,
            496,
            496,
            496,
            496,
            496,
            496,
            496,
            496,
            496,
            496,
            496,
            496,
            496,
            236743
          ],
          "research_dispatch": {
            "counts": {
              "research_global_d512_split_coopkey_r8k8p64t128s32_merge": 16,
              "research_global_d512_split_coopkey_r8k8p64t128s32_partial": 16
            },
            "overflowed": false,
            "schema": "rvllm.metal.research-dispatch.v3"
          },
          "status": "pass",
          "tok_per_s": 2.90381336030008
        },
        {
          "command_buffer_wait_ns": 39656400458,
          "command_buffers": 3,
          "cpu_encode_ns": 16143543,
          "cpu_wall_ns": 39672544001,
          "decode_ms": 1871.507958,
          "embedding_encoders": 3,
          "encoder_counts_by_kernel_family": {
            "embedding": 3,
            "final_logits_diagnostic": 0,
            "final_sample": 6,
            "layer_body": 1632,
            "layer_scale_fused": 144,
            "ple_input": 0
          },
          "encoders": 1641,
          "final_logits_encoders": 0,
          "final_sample_encoders": 6,
          "finish_reason": "length",
          "forced_waits": 3,
          "generated_text": "11",
          "generated_token_ids": [
            236770,
            236770
          ],
          "hf_reference": null,
          "last_step_command_buffer_wait_ns": 837034083,
          "last_step_command_buffers": 1,
          "last_step_cpu_encode_ns": 5445084,
          "last_step_cpu_wall_ns": 842479167,
          "last_step_encoders": 580,
          "last_step_forced_waits": 1,
          "last_step_gpu_execution_ns": 836721000,
          "last_step_tokens": 1,
          "layer_encoders": 1632,
          "layer_scale_encoder_fusions": 144,
          "library_compiles": 0,
          "max_new_tokens": 2,
          "max_supported_total_tokens": 514,
          "name": "pp512-decode2-measure-1",
          "output_text": "a a a a a a a a a a a a a a a a a a a a a a a a a a a a a a a a a a a a a a a a a a a a a a a a a a a a a a a a a a a a a a a a a a a a a a a a a a a a a a a a a a a a a a a a a a a a a a a a a a a a a a a a a a a a a a a a a a a a a a a a a a a a a a a a a a a a a a a a a a a a a a a a a a a a a a a a a a a a a a a a a a a a a a a a a a a a a a a a a a a a a a a a a a a a a a a a a a a a a a a a a a a a a a a a a a a a a a a a a a a a a a a a a a a a a a a a a a a a a a a a a a a a a a a a a a a a a a a a a a a a a a a a a a a a a a a a a a a a a a a a a a a a a a a a a a a a a a a a a a a a a a a a a a a a a a a a a a a a a a a a a a a a a a a a a a a a a a a a a a a a a a a a a a a a a a a a a a a a a a a a a a a a a a a a a a a a a a a a a a a a a a a a a a a a a a a a a a a a a a a a a a a a a a a a a a a a a a a a a a a a a a a a a a a a a a a a a a a a a a a a a a a a a a a a a a a a a a a a a a a a a a a a a a a a a a a a a a a a a a a a a a a a a a a a a a a a a a a a a a a a a a a a a a a a a a a 11",
          "output_token_ids": [
            236746,
            496,
            496,
            496,
            496,
            496,
            496,
            496,
            496,
            496,
            496,
            496,
            496,
            496,
            496,
            496,
            496,
            496,
            496,
            496,
            496,
            496,
            496,
            496,
            496,
            496,
            496,
            496,
            496,
            496,
            496,
            496,
            496,
            496,
            496,
            496,
            496,
            496,
            496,
            496,
            496,
            496,
            496,
            496,
            496,
            496,
            496,
            496,
            496,
            496,
            496,
            496,
            496,
            496,
            496,
            496,
            496,
            496,
            496,
            496,
            496,
            496,
            496,
            496,
            496,
            496,
            496,
            496,
            496,
            496,
            496,
            496,
            496,
            496,
            496,
            496,
            496,
            496,
            496,
            496,
            496,
            496,
            496,
            496,
            496,
            496,
            496,
            496,
            496,
            496,
            496,
            496,
            496,
            496,
            496,
            496,
            496,
            496,
            496,
            496,
            496,
            496,
            496,
            496,
            496,
            496,
            496,
            496,
            496,
            496,
            496,
            496,
            496,
            496,
            496,
            496,
            496,
            496,
            496,
            496,
            496,
            496,
            496,
            496,
            496,
            496,
            496,
            496,
            496,
            496,
            496,
            496,
            496,
            496,
            496,
            496,
            496,
            496,
            496,
            496,
            496,
            496,
            496,
            496,
            496,
            496,
            496,
            496,
            496,
            496,
            496,
            496,
            496,
            496,
            496,
            496,
            496,
            496,
            496,
            496,
            496,
            496,
            496,
            496,
            496,
            496,
            496,
            496,
            496,
            496,
            496,
            496,
            496,
            496,
            496,
            496,
            496,
            496,
            496,
            496,
            496,
            496,
            496,
            496,
            496,
            496,
            496,
            496,
            496,
            496,
            496,
            496,
            496,
            496,
            496,
            496,
            496,
            496,
            496,
            496,
            496,
            496,
            496,
            496,
            496,
            496,
            496,
            496,
            496,
            496,
            496,
            496,
            496,
            496,
            496,
            496,
            496,
            496,
            496,
            496,
            496,
            496,
            496,
            496,
            496,
            496,
            496,
            496,
            496,
            496,
            496,
            496,
            496,
            496,
            496,
            496,
            496,
            496,
            496,
            496,
            496,
            496,
            496,
            496,
            496,
            496,
            496,
            496,
            496,
            496,
            496,
            496,
            496,
            496,
            496,
            496,
            496,
            496,
            496,
            496,
            496,
            496,
            496,
            496,
            496,
            496,
            496,
            496,
            496,
            496,
            496,
            496,
            496,
            496,
            496,
            496,
            496,
            496,
            496,
            496,
            496,
            496,
            496,
            496,
            496,
            496,
            496,
            496,
            496,
            496,
            496,
            496,
            496,
            496,
            496,
            496,
            496,
            496,
            496,
            496,
            496,
            496,
            496,
            496,
            496,
            496,
            496,
            496,
            496,
            496,
            496,
            496,
            496,
            496,
            496,
            496,
            496,
            496,
            496,
            496,
            496,
            496,
            496,
            496,
            496,
            496,
            496,
            496,
            496,
            496,
            496,
            496,
            496,
            496,
            496,
            496,
            496,
            496,
            496,
            496,
            496,
            496,
            496,
            496,
            496,
            496,
            496,
            496,
            496,
            496,
            496,
            496,
            496,
            496,
            496,
            496,
            496,
            496,
            496,
            496,
            496,
            496,
            496,
            496,
            496,
            496,
            496,
            496,
            496,
            496,
            496,
            496,
            496,
            496,
            496,
            496,
            496,
            496,
            496,
            496,
            496,
            496,
            496,
            496,
            496,
            496,
            496,
            496,
            496,
            496,
            496,
            496,
            496,
            496,
            496,
            496,
            496,
            496,
            496,
            496,
            496,
            496,
            496,
            496,
            496,
            496,
            496,
            496,
            496,
            496,
            496,
            496,
            496,
            496,
            496,
            496,
            496,
            496,
            496,
            496,
            496,
            496,
            496,
            496,
            496,
            496,
            496,
            496,
            496,
            496,
            496,
            496,
            496,
            496,
            496,
            496,
            496,
            496,
            496,
            496,
            496,
            496,
            496,
            496,
            496,
            496,
            496,
            496,
            496,
            496,
            496,
            496,
            496,
            496,
            496,
            496,
            496,
            496,
            496,
            496,
            496,
            496,
            496,
            496,
            496,
            496,
            496,
            496,
            496,
            496,
            496,
            496,
            496,
            496,
            496,
            496,
            496,
            496,
            496,
            496,
            496,
            496,
            496,
            496,
            496,
            496,
            496,
            496,
            496,
            496,
            496,
            496,
            496,
            496,
            496,
            496,
            496,
            496,
            496,
            496,
            496,
            496,
            496,
            496,
            496,
            496,
            496,
            496,
            496,
            496,
            496,
            236743,
            236770,
            236770
          ],
          "pipeline_state_compiles": 0,
          "ple_encoders": 0,
          "prefill_ms": 37801.101875,
          "prompt": "a a a a a a a a a a a a a a a a a a a a a a a a a a a a a a a a a a a a a a a a a a a a a a a a a a a a a a a a a a a a a a a a a a a a a a a a a a a a a a a a a a a a a a a a a a a a a a a a a a a a a a a a a a a a a a a a a a a a a a a a a a a a a a a a a a a a a a a a a a a a a a a a a a a a a a a a a a a a a a a a a a a a a a a a a a a a a a a a a a a a a a a a a a a a a a a a a a a a a a a a a a a a a a a a a a a a a a a a a a a a a a a a a a a a a a a a a a a a a a a a a a a a a a a a a a a a a a a a a a a a a a a a a a a a a a a a a a a a a a a a a a a a a a a a a a a a a a a a a a a a a a a a a a a a a a a a a a a a a a a a a a a a a a a a a a a a a a a a a a a a a a a a a a a a a a a a a a a a a a a a a a a a a a a a a a a a a a a a a a a a a a a a a a a a a a a a a a a a a a a a a a a a a a a a a a a a a a a a a a a a a a a a a a a a a a a a a a a a a a a a a a a a a a a a a a a a a a a a a a a a a a a a a a a a a a a a a a a a a a a a a a a a a a a a a a a a a a a a a a a a a a a a a a a a a a a ",
          "prompt_token_ids": [
            236746,
            496,
            496,
            496,
            496,
            496,
            496,
            496,
            496,
            496,
            496,
            496,
            496,
            496,
            496,
            496,
            496,
            496,
            496,
            496,
            496,
            496,
            496,
            496,
            496,
            496,
            496,
            496,
            496,
            496,
            496,
            496,
            496,
            496,
            496,
            496,
            496,
            496,
            496,
            496,
            496,
            496,
            496,
            496,
            496,
            496,
            496,
            496,
            496,
            496,
            496,
            496,
            496,
            496,
            496,
            496,
            496,
            496,
            496,
            496,
            496,
            496,
            496,
            496,
            496,
            496,
            496,
            496,
            496,
            496,
            496,
            496,
            496,
            496,
            496,
            496,
            496,
            496,
            496,
            496,
            496,
            496,
            496,
            496,
            496,
            496,
            496,
            496,
            496,
            496,
            496,
            496,
            496,
            496,
            496,
            496,
            496,
            496,
            496,
            496,
            496,
            496,
            496,
            496,
            496,
            496,
            496,
            496,
            496,
            496,
            496,
            496,
            496,
            496,
            496,
            496,
            496,
            496,
            496,
            496,
            496,
            496,
            496,
            496,
            496,
            496,
            496,
            496,
            496,
            496,
            496,
            496,
            496,
            496,
            496,
            496,
            496,
            496,
            496,
            496,
            496,
            496,
            496,
            496,
            496,
            496,
            496,
            496,
            496,
            496,
            496,
            496,
            496,
            496,
            496,
            496,
            496,
            496,
            496,
            496,
            496,
            496,
            496,
            496,
            496,
            496,
            496,
            496,
            496,
            496,
            496,
            496,
            496,
            496,
            496,
            496,
            496,
            496,
            496,
            496,
            496,
            496,
            496,
            496,
            496,
            496,
            496,
            496,
            496,
            496,
            496,
            496,
            496,
            496,
            496,
            496,
            496,
            496,
            496,
            496,
            496,
            496,
            496,
            496,
            496,
            496,
            496,
            496,
            496,
            496,
            496,
            496,
            496,
            496,
            496,
            496,
            496,
            496,
            496,
            496,
            496,
            496,
            496,
            496,
            496,
            496,
            496,
            496,
            496,
            496,
            496,
            496,
            496,
            496,
            496,
            496,
            496,
            496,
            496,
            496,
            496,
            496,
            496,
            496,
            496,
            496,
            496,
            496,
            496,
            496,
            496,
            496,
            496,
            496,
            496,
            496,
            496,
            496,
            496,
            496,
            496,
            496,
            496,
            496,
            496,
            496,
            496,
            496,
            496,
            496,
            496,
            496,
            496,
            496,
            496,
            496,
            496,
            496,
            496,
            496,
            496,
            496,
            496,
            496,
            496,
            496,
            496,
            496,
            496,
            496,
            496,
            496,
            496,
            496,
            496,
            496,
            496,
            496,
            496,
            496,
            496,
            496,
            496,
            496,
            496,
            496,
            496,
            496,
            496,
            496,
            496,
            496,
            496,
            496,
            496,
            496,
            496,
            496,
            496,
            496,
            496,
            496,
            496,
            496,
            496,
            496,
            496,
            496,
            496,
            496,
            496,
            496,
            496,
            496,
            496,
            496,
            496,
            496,
            496,
            496,
            496,
            496,
            496,
            496,
            496,
            496,
            496,
            496,
            496,
            496,
            496,
            496,
            496,
            496,
            496,
            496,
            496,
            496,
            496,
            496,
            496,
            496,
            496,
            496,
            496,
            496,
            496,
            496,
            496,
            496,
            496,
            496,
            496,
            496,
            496,
            496,
            496,
            496,
            496,
            496,
            496,
            496,
            496,
            496,
            496,
            496,
            496,
            496,
            496,
            496,
            496,
            496,
            496,
            496,
            496,
            496,
            496,
            496,
            496,
            496,
            496,
            496,
            496,
            496,
            496,
            496,
            496,
            496,
            496,
            496,
            496,
            496,
            496,
            496,
            496,
            496,
            496,
            496,
            496,
            496,
            496,
            496,
            496,
            496,
            496,
            496,
            496,
            496,
            496,
            496,
            496,
            496,
            496,
            496,
            496,
            496,
            496,
            496,
            496,
            496,
            496,
            496,
            496,
            496,
            496,
            496,
            496,
            496,
            496,
            496,
            496,
            496,
            496,
            496,
            496,
            496,
            496,
            496,
            496,
            496,
            496,
            496,
            496,
            496,
            496,
            496,
            496,
            496,
            496,
            496,
            496,
            496,
            496,
            496,
            496,
            496,
            496,
            496,
            496,
            496,
            496,
            496,
            496,
            496,
            496,
            496,
            496,
            496,
            496,
            496,
            496,
            496,
            496,
            496,
            496,
            496,
            496,
            496,
            496,
            496,
            496,
            496,
            496,
            496,
            496,
            496,
            496,
            496,
            496,
            496,
            496,
            236743
          ],
          "research_dispatch": {
            "counts": {
              "research_global_d512_split_coopkey_r8k8p64t128s32_merge": 16,
              "research_global_d512_split_coopkey_r8k8p64t128s32_partial": 16
            },
            "overflowed": false,
            "schema": "rvllm.metal.research-dispatch.v3"
          },
          "status": "pass",
          "tok_per_s": 1.0686569573218987
        },
        {
          "command_buffer_wait_ns": 38624508209,
          "command_buffers": 3,
          "cpu_encode_ns": 12287791,
          "cpu_wall_ns": 38636796000,
          "decode_ms": 1654.8684580000001,
          "embedding_encoders": 3,
          "encoder_counts_by_kernel_family": {
            "embedding": 3,
            "final_logits_diagnostic": 0,
            "final_sample": 6,
            "layer_body": 1632,
            "layer_scale_fused": 144,
            "ple_input": 0
          },
          "encoders": 1641,
          "final_logits_encoders": 0,
          "final_sample_encoders": 6,
          "finish_reason": "length",
          "forced_waits": 3,
          "generated_text": "11",
          "generated_token_ids": [
            236770,
            236770
          ],
          "hf_reference": null,
          "last_step_command_buffer_wait_ns": 739909542,
          "last_step_command_buffers": 1,
          "last_step_cpu_encode_ns": 3307750,
          "last_step_cpu_wall_ns": 743217292,
          "last_step_encoders": 580,
          "last_step_forced_waits": 1,
          "last_step_gpu_execution_ns": 738512374,
          "last_step_tokens": 1,
          "layer_encoders": 1632,
          "layer_scale_encoder_fusions": 144,
          "library_compiles": 0,
          "max_new_tokens": 2,
          "max_supported_total_tokens": 514,
          "name": "pp512-decode2-measure-2",
          "output_text": "a a a a a a a a a a a a a a a a a a a a a a a a a a a a a a a a a a a a a a a a a a a a a a a a a a a a a a a a a a a a a a a a a a a a a a a a a a a a a a a a a a a a a a a a a a a a a a a a a a a a a a a a a a a a a a a a a a a a a a a a a a a a a a a a a a a a a a a a a a a a a a a a a a a a a a a a a a a a a a a a a a a a a a a a a a a a a a a a a a a a a a a a a a a a a a a a a a a a a a a a a a a a a a a a a a a a a a a a a a a a a a a a a a a a a a a a a a a a a a a a a a a a a a a a a a a a a a a a a a a a a a a a a a a a a a a a a a a a a a a a a a a a a a a a a a a a a a a a a a a a a a a a a a a a a a a a a a a a a a a a a a a a a a a a a a a a a a a a a a a a a a a a a a a a a a a a a a a a a a a a a a a a a a a a a a a a a a a a a a a a a a a a a a a a a a a a a a a a a a a a a a a a a a a a a a a a a a a a a a a a a a a a a a a a a a a a a a a a a a a a a a a a a a a a a a a a a a a a a a a a a a a a a a a a a a a a a a a a a a a a a a a a a a a a a a a a a a a a a a a a a a a a a a a a a a a 11",
          "output_token_ids": [
            236746,
            496,
            496,
            496,
            496,
            496,
            496,
            496,
            496,
            496,
            496,
            496,
            496,
            496,
            496,
            496,
            496,
            496,
            496,
            496,
            496,
            496,
            496,
            496,
            496,
            496,
            496,
            496,
            496,
            496,
            496,
            496,
            496,
            496,
            496,
            496,
            496,
            496,
            496,
            496,
            496,
            496,
            496,
            496,
            496,
            496,
            496,
            496,
            496,
            496,
            496,
            496,
            496,
            496,
            496,
            496,
            496,
            496,
            496,
            496,
            496,
            496,
            496,
            496,
            496,
            496,
            496,
            496,
            496,
            496,
            496,
            496,
            496,
            496,
            496,
            496,
            496,
            496,
            496,
            496,
            496,
            496,
            496,
            496,
            496,
            496,
            496,
            496,
            496,
            496,
            496,
            496,
            496,
            496,
            496,
            496,
            496,
            496,
            496,
            496,
            496,
            496,
            496,
            496,
            496,
            496,
            496,
            496,
            496,
            496,
            496,
            496,
            496,
            496,
            496,
            496,
            496,
            496,
            496,
            496,
            496,
            496,
            496,
            496,
            496,
            496,
            496,
            496,
            496,
            496,
            496,
            496,
            496,
            496,
            496,
            496,
            496,
            496,
            496,
            496,
            496,
            496,
            496,
            496,
            496,
            496,
            496,
            496,
            496,
            496,
            496,
            496,
            496,
            496,
            496,
            496,
            496,
            496,
            496,
            496,
            496,
            496,
            496,
            496,
            496,
            496,
            496,
            496,
            496,
            496,
            496,
            496,
            496,
            496,
            496,
            496,
            496,
            496,
            496,
            496,
            496,
            496,
            496,
            496,
            496,
            496,
            496,
            496,
            496,
            496,
            496,
            496,
            496,
            496,
            496,
            496,
            496,
            496,
            496,
            496,
            496,
            496,
            496,
            496,
            496,
            496,
            496,
            496,
            496,
            496,
            496,
            496,
            496,
            496,
            496,
            496,
            496,
            496,
            496,
            496,
            496,
            496,
            496,
            496,
            496,
            496,
            496,
            496,
            496,
            496,
            496,
            496,
            496,
            496,
            496,
            496,
            496,
            496,
            496,
            496,
            496,
            496,
            496,
            496,
            496,
            496,
            496,
            496,
            496,
            496,
            496,
            496,
            496,
            496,
            496,
            496,
            496,
            496,
            496,
            496,
            496,
            496,
            496,
            496,
            496,
            496,
            496,
            496,
            496,
            496,
            496,
            496,
            496,
            496,
            496,
            496,
            496,
            496,
            496,
            496,
            496,
            496,
            496,
            496,
            496,
            496,
            496,
            496,
            496,
            496,
            496,
            496,
            496,
            496,
            496,
            496,
            496,
            496,
            496,
            496,
            496,
            496,
            496,
            496,
            496,
            496,
            496,
            496,
            496,
            496,
            496,
            496,
            496,
            496,
            496,
            496,
            496,
            496,
            496,
            496,
            496,
            496,
            496,
            496,
            496,
            496,
            496,
            496,
            496,
            496,
            496,
            496,
            496,
            496,
            496,
            496,
            496,
            496,
            496,
            496,
            496,
            496,
            496,
            496,
            496,
            496,
            496,
            496,
            496,
            496,
            496,
            496,
            496,
            496,
            496,
            496,
            496,
            496,
            496,
            496,
            496,
            496,
            496,
            496,
            496,
            496,
            496,
            496,
            496,
            496,
            496,
            496,
            496,
            496,
            496,
            496,
            496,
            496,
            496,
            496,
            496,
            496,
            496,
            496,
            496,
            496,
            496,
            496,
            496,
            496,
            496,
            496,
            496,
            496,
            496,
            496,
            496,
            496,
            496,
            496,
            496,
            496,
            496,
            496,
            496,
            496,
            496,
            496,
            496,
            496,
            496,
            496,
            496,
            496,
            496,
            496,
            496,
            496,
            496,
            496,
            496,
            496,
            496,
            496,
            496,
            496,
            496,
            496,
            496,
            496,
            496,
            496,
            496,
            496,
            496,
            496,
            496,
            496,
            496,
            496,
            496,
            496,
            496,
            496,
            496,
            496,
            496,
            496,
            496,
            496,
            496,
            496,
            496,
            496,
            496,
            496,
            496,
            496,
            496,
            496,
            496,
            496,
            496,
            496,
            496,
            496,
            496,
            496,
            496,
            496,
            496,
            496,
            496,
            496,
            496,
            496,
            496,
            496,
            496,
            496,
            496,
            496,
            496,
            496,
            496,
            496,
            496,
            496,
            496,
            496,
            496,
            496,
            496,
            496,
            496,
            496,
            496,
            496,
            496,
            496,
            496,
            496,
            496,
            496,
            496,
            496,
            496,
            496,
            496,
            496,
            496,
            236743,
            236770,
            236770
          ],
          "pipeline_state_compiles": 0,
          "ple_encoders": 0,
          "prefill_ms": 36981.9865,
          "prompt": "a a a a a a a a a a a a a a a a a a a a a a a a a a a a a a a a a a a a a a a a a a a a a a a a a a a a a a a a a a a a a a a a a a a a a a a a a a a a a a a a a a a a a a a a a a a a a a a a a a a a a a a a a a a a a a a a a a a a a a a a a a a a a a a a a a a a a a a a a a a a a a a a a a a a a a a a a a a a a a a a a a a a a a a a a a a a a a a a a a a a a a a a a a a a a a a a a a a a a a a a a a a a a a a a a a a a a a a a a a a a a a a a a a a a a a a a a a a a a a a a a a a a a a a a a a a a a a a a a a a a a a a a a a a a a a a a a a a a a a a a a a a a a a a a a a a a a a a a a a a a a a a a a a a a a a a a a a a a a a a a a a a a a a a a a a a a a a a a a a a a a a a a a a a a a a a a a a a a a a a a a a a a a a a a a a a a a a a a a a a a a a a a a a a a a a a a a a a a a a a a a a a a a a a a a a a a a a a a a a a a a a a a a a a a a a a a a a a a a a a a a a a a a a a a a a a a a a a a a a a a a a a a a a a a a a a a a a a a a a a a a a a a a a a a a a a a a a a a a a a a a a a a a a a a a a a ",
          "prompt_token_ids": [
            236746,
            496,
            496,
            496,
            496,
            496,
            496,
            496,
            496,
            496,
            496,
            496,
            496,
            496,
            496,
            496,
            496,
            496,
            496,
            496,
            496,
            496,
            496,
            496,
            496,
            496,
            496,
            496,
            496,
            496,
            496,
            496,
            496,
            496,
            496,
            496,
            496,
            496,
            496,
            496,
            496,
            496,
            496,
            496,
            496,
            496,
            496,
            496,
            496,
            496,
            496,
            496,
            496,
            496,
            496,
            496,
            496,
            496,
            496,
            496,
            496,
            496,
            496,
            496,
            496,
            496,
            496,
            496,
            496,
            496,
            496,
            496,
            496,
            496,
            496,
            496,
            496,
            496,
            496,
            496,
            496,
            496,
            496,
            496,
            496,
            496,
            496,
            496,
            496,
            496,
            496,
            496,
            496,
            496,
            496,
            496,
            496,
            496,
            496,
            496,
            496,
            496,
            496,
            496,
            496,
            496,
            496,
            496,
            496,
            496,
            496,
            496,
            496,
            496,
            496,
            496,
            496,
            496,
            496,
            496,
            496,
            496,
            496,
            496,
            496,
            496,
            496,
            496,
            496,
            496,
            496,
            496,
            496,
            496,
            496,
            496,
            496,
            496,
            496,
            496,
            496,
            496,
            496,
            496,
            496,
            496,
            496,
            496,
            496,
            496,
            496,
            496,
            496,
            496,
            496,
            496,
            496,
            496,
            496,
            496,
            496,
            496,
            496,
            496,
            496,
            496,
            496,
            496,
            496,
            496,
            496,
            496,
            496,
            496,
            496,
            496,
            496,
            496,
            496,
            496,
            496,
            496,
            496,
            496,
            496,
            496,
            496,
            496,
            496,
            496,
            496,
            496,
            496,
            496,
            496,
            496,
            496,
            496,
            496,
            496,
            496,
            496,
            496,
            496,
            496,
            496,
            496,
            496,
            496,
            496,
            496,
            496,
            496,
            496,
            496,
            496,
            496,
            496,
            496,
            496,
            496,
            496,
            496,
            496,
            496,
            496,
            496,
            496,
            496,
            496,
            496,
            496,
            496,
            496,
            496,
            496,
            496,
            496,
            496,
            496,
            496,
            496,
            496,
            496,
            496,
            496,
            496,
            496,
            496,
            496,
            496,
            496,
            496,
            496,
            496,
            496,
            496,
            496,
            496,
            496,
            496,
            496,
            496,
            496,
            496,
            496,
            496,
            496,
            496,
            496,
            496,
            496,
            496,
            496,
            496,
            496,
            496,
            496,
            496,
            496,
            496,
            496,
            496,
            496,
            496,
            496,
            496,
            496,
            496,
            496,
            496,
            496,
            496,
            496,
            496,
            496,
            496,
            496,
            496,
            496,
            496,
            496,
            496,
            496,
            496,
            496,
            496,
            496,
            496,
            496,
            496,
            496,
            496,
            496,
            496,
            496,
            496,
            496,
            496,
            496,
            496,
            496,
            496,
            496,
            496,
            496,
            496,
            496,
            496,
            496,
            496,
            496,
            496,
            496,
            496,
            496,
            496,
            496,
            496,
            496,
            496,
            496,
            496,
            496,
            496,
            496,
            496,
            496,
            496,
            496,
            496,
            496,
            496,
            496,
            496,
            496,
            496,
            496,
            496,
            496,
            496,
            496,
            496,
            496,
            496,
            496,
            496,
            496,
            496,
            496,
            496,
            496,
            496,
            496,
            496,
            496,
            496,
            496,
            496,
            496,
            496,
            496,
            496,
            496,
            496,
            496,
            496,
            496,
            496,
            496,
            496,
            496,
            496,
            496,
            496,
            496,
            496,
            496,
            496,
            496,
            496,
            496,
            496,
            496,
            496,
            496,
            496,
            496,
            496,
            496,
            496,
            496,
            496,
            496,
            496,
            496,
            496,
            496,
            496,
            496,
            496,
            496,
            496,
            496,
            496,
            496,
            496,
            496,
            496,
            496,
            496,
            496,
            496,
            496,
            496,
            496,
            496,
            496,
            496,
            496,
            496,
            496,
            496,
            496,
            496,
            496,
            496,
            496,
            496,
            496,
            496,
            496,
            496,
            496,
            496,
            496,
            496,
            496,
            496,
            496,
            496,
            496,
            496,
            496,
            496,
            496,
            496,
            496,
            496,
            496,
            496,
            496,
            496,
            496,
            496,
            496,
            496,
            496,
            496,
            496,
            496,
            496,
            496,
            496,
            496,
            496,
            496,
            496,
            496,
            496,
            496,
            496,
            496,
            496,
            496,
            496,
            496,
            496,
            496,
            496,
            496,
            496,
            496,
            496,
            496,
            496,
            496,
            496,
            496,
            496,
            496,
            236743
          ],
          "research_dispatch": {
            "counts": {
              "research_global_d512_split_coopkey_r8k8p64t128s32_merge": 16,
              "research_global_d512_split_coopkey_r8k8p64t128s32_partial": 16
            },
            "overflowed": false,
            "schema": "rvllm.metal.research-dispatch.v3"
          },
          "status": "pass",
          "tok_per_s": 1.2085552723731954
        }
      ],
      "checkpoint_complete": true,
      "checkpoint_completed_cases": 3,
      "checkpoint_total_cases": 3,
      "claim": "Apple Metal text inference workflow; not production-ready until acceptance gates pass",
      "command_buffer_wait_ns": 120511537833,
      "command_buffers": 9,
      "cpu_encode_ns": 59766001,
      "cpu_wall_ns": 120571303834,
      "debug_sync": false,
      "decode_ms": 4215.125916,
      "embedding_encoders": 9,
      "encoder_counts_by_kernel_family": {
        "embedding": 9,
        "final_logits_diagnostic": 0,
        "final_sample": 18,
        "layer_body": 4896,
        "layer_scale_fused": 432,
        "ple_input": 0
      },
      "encoders": 4923,
      "final_logits_encoders": 0,
      "final_sample_encoders": 18,
      "forced_waits": 9,
      "generated_tokens": 6,
      "large_model_opt_in": true,
      "last_step_command_buffer_wait_ns": 739909542,
      "last_step_command_buffers": 1,
      "last_step_cpu_encode_ns": 3307750,
      "last_step_cpu_wall_ns": 743217292,
      "last_step_encoders": 580,
      "last_step_forced_waits": 1,
      "last_step_gpu_execution_ns": 738512374,
      "last_step_tokens": 1,
      "layer_encoders": 4896,
      "layer_scale_encoder_fusions": 432,
      "library_compiles": 1,
      "max_supported_total_tokens": 514,
      "metal_compute_dtype": "bfloat16",
      "metal_moe_router_weight_dtype": "bfloat16",
      "metal_weight_dtype": "bfloat16",
      "model_dir": "/Users/george/.cache/huggingface/hub/models--google--gemma-4-12B-it/snapshots/707f0a3b8a3c7ad586ed01e27eafbad8a27dd0f7",
      "pipeline_state_compiles": 54,
      "ple_encoders": 0,
      "prefill_ms": 116356.40125,
      "prepare_ms": 18937.820167,
      "research_dispatch": {
        "counts": {
          "research_global_d512_split_coopkey_r8k8p64t128s32_merge": 48,
          "research_global_d512_split_coopkey_r8k8p64t128s32_partial": 48
        },
        "overflowed": false,
        "schema": "rvllm.metal.research-dispatch.v3"
      },
      "schema": "rvllm.apple_metal_text_session.v1",
      "status": "pass",
      "tok_per_s": 1.4234450214701486,
      "total_ms": 139514.30925
    }
  ],
  "schema": "rvllm.apple_metal_text_session_profile.v1"
}
{
  "backend": "direct",
  "claim": "Apple Metal text session profile only; not production performance, ANE, external profiler, or production readiness evidence",
  "maximums": {
    "command_buffer_wait_ms": 116093.719377,
    "command_buffer_wait_ms_per_token": 19348.9532295,
    "command_buffers_per_token": 1.5,
    "cpu_encode_ms": 66.832081,
    "cpu_encode_ms_per_token": 11.138680166666667,
    "decode_ms": 2348.848875,
    "encoders_per_token": 820.5,
    "forced_waits_per_token": 1.5,
    "latency_ms_per_token": 391.47481250000004,
    "layer_scale_fusions_per_token": 72.0,
    "prefill_ms": 113811.976876,
    "prepare_ms": 17003.883458,
    "tok_per_s": 2.5544427586896155
  },
  "medians": {
    "command_buffer_wait_ms": 116093.719377,
    "command_buffer_wait_ms_per_token": 19348.9532295,
    "command_buffers_per_token": 1.5,
    "cpu_encode_ms": 66.832081,
    "cpu_encode_ms_per_token": 11.138680166666667,
    "decode_ms": 2348.848875,
    "encoders_per_token": 820.5,
    "forced_waits_per_token": 1.5,
    "latency_ms_per_token": 391.47481250000004,
    "layer_scale_fusions_per_token": 72.0,
    "prefill_ms": 113811.976876,
    "prepare_ms": 17003.883458,
    "tok_per_s": 2.5544427586896155
  },
  "metal_compute_dtype": "bfloat16",
  "metal_moe_router_weight_dtype": "bfloat16",
  "metal_weight_dtype": "bfloat16",
  "minimums": {
    "command_buffer_wait_ms": 116093.719377,
    "command_buffer_wait_ms_per_token": 19348.9532295,
    "command_buffers_per_token": 1.5,
    "cpu_encode_ms": 66.832081,
    "cpu_encode_ms_per_token": 11.138680166666667,
    "decode_ms": 2348.848875,
    "encoders_per_token": 820.5,
    "forced_waits_per_token": 1.5,
    "latency_ms_per_token": 391.47481250000004,
    "layer_scale_fusions_per_token": 72.0,
    "prefill_ms": 113811.976876,
    "prepare_ms": 17003.883458,
    "tok_per_s": 2.5544427586896155
  },
  "model_dir": "/Users/george/.cache/huggingface/hub/models--google--gemma-4-12B-it/snapshots/707f0a3b8a3c7ad586ed01e27eafbad8a27dd0f7",
  "sample_count": 1,
  "samples": [
    {
      "arena_bytes": 25576578080,
      "backend": "direct",
      "case_count": 3,
      "cases": [
        {
          "command_buffer_wait_ns": 38105078792,
          "command_buffers": 3,
          "cpu_encode_ns": 34012665,
          "cpu_wall_ns": 38139091457,
          "decode_ms": 764.795458,
          "embedding_encoders": 3,
          "encoder_counts_by_kernel_family": {
            "embedding": 3,
            "final_logits_diagnostic": 0,
            "final_sample": 6,
            "layer_body": 1632,
            "layer_scale_fused": 144,
            "ple_input": 0
          },
          "encoders": 1641,
          "final_logits_encoders": 0,
          "final_sample_encoders": 6,
          "finish_reason": "length",
          "forced_waits": 3,
          "generated_text": "11",
          "generated_token_ids": [
            236770,
            236770
          ],
          "hf_reference": null,
          "last_step_command_buffer_wait_ns": 377880584,
          "last_step_command_buffers": 1,
          "last_step_cpu_encode_ns": 5529624,
          "last_step_cpu_wall_ns": 383410208,
          "last_step_encoders": 580,
          "last_step_forced_waits": 1,
          "last_step_gpu_execution_ns": 377608208,
          "last_step_tokens": 1,
          "layer_encoders": 1632,
          "layer_scale_encoder_fusions": 144,
          "library_compiles": 0,
          "max_new_tokens": 2,
          "max_supported_total_tokens": 514,
          "name": "pp512-decode2-warmup",
          "output_text": "a a a a a a a a a a a a a a a a a a a a a a a a a a a a a a a a a a a a a a a a a a a a a a a a a a a a a a a a a a a a a a a a a a a a a a a a a a a a a a a a a a a a a a a a a a a a a a a a a a a a a a a a a a a a a a a a a a a a a a a a a a a a a a a a a a a a a a a a a a a a a a a a a a a a a a a a a a a a a a a a a a a a a a a a a a a a a a a a a a a a a a a a a a a a a a a a a a a a a a a a a a a a a a a a a a a a a a a a a a a a a a a a a a a a a a a a a a a a a a a a a a a a a a a a a a a a a a a a a a a a a a a a a a a a a a a a a a a a a a a a a a a a a a a a a a a a a a a a a a a a a a a a a a a a a a a a a a a a a a a a a a a a a a a a a a a a a a a a a a a a a a a a a a a a a a a a a a a a a a a a a a a a a a a a a a a a a a a a a a a a a a a a a a a a a a a a a a a a a a a a a a a a a a a a a a a a a a a a a a a a a a a a a a a a a a a a a a a a a a a a a a a a a a a a a a a a a a a a a a a a a a a a a a a a a a a a a a a a a a a a a a a a a a a a a a a a a a a a a a a a a a a a a a a a a a a 11",
          "output_token_ids": [
            236746,
            496,
            496,
            496,
            496,
            496,
            496,
            496,
            496,
            496,
            496,
            496,
            496,
            496,
            496,
            496,
            496,
            496,
            496,
            496,
            496,
            496,
            496,
            496,
            496,
            496,
            496,
            496,
            496,
            496,
            496,
            496,
            496,
            496,
            496,
            496,
            496,
            496,
            496,
            496,
            496,
            496,
            496,
            496,
            496,
            496,
            496,
            496,
            496,
            496,
            496,
            496,
            496,
            496,
            496,
            496,
            496,
            496,
            496,
            496,
            496,
            496,
            496,
            496,
            496,
            496,
            496,
            496,
            496,
            496,
            496,
            496,
            496,
            496,
            496,
            496,
            496,
            496,
            496,
            496,
            496,
            496,
            496,
            496,
            496,
            496,
            496,
            496,
            496,
            496,
            496,
            496,
            496,
            496,
            496,
            496,
            496,
            496,
            496,
            496,
            496,
            496,
            496,
            496,
            496,
            496,
            496,
            496,
            496,
            496,
            496,
            496,
            496,
            496,
            496,
            496,
            496,
            496,
            496,
            496,
            496,
            496,
            496,
            496,
            496,
            496,
            496,
            496,
            496,
            496,
            496,
            496,
            496,
            496,
            496,
            496,
            496,
            496,
            496,
            496,
            496,
            496,
            496,
            496,
            496,
            496,
            496,
            496,
            496,
            496,
            496,
            496,
            496,
            496,
            496,
            496,
            496,
            496,
            496,
            496,
            496,
            496,
            496,
            496,
            496,
            496,
            496,
            496,
            496,
            496,
            496,
            496,
            496,
            496,
            496,
            496,
            496,
            496,
            496,
            496,
            496,
            496,
            496,
            496,
            496,
            496,
            496,
            496,
            496,
            496,
            496,
            496,
            496,
            496,
            496,
            496,
            496,
            496,
            496,
            496,
            496,
            496,
            496,
            496,
            496,
            496,
            496,
            496,
            496,
            496,
            496,
            496,
            496,
            496,
            496,
            496,
            496,
            496,
            496,
            496,
            496,
            496,
            496,
            496,
            496,
            496,
            496,
            496,
            496,
            496,
            496,
            496,
            496,
            496,
            496,
            496,
            496,
            496,
            496,
            496,
            496,
            496,
            496,
            496,
            496,
            496,
            496,
            496,
            496,
            496,
            496,
            496,
            496,
            496,
            496,
            496,
            496,
            496,
            496,
            496,
            496,
            496,
            496,
            496,
            496,
            496,
            496,
            496,
            496,
            496,
            496,
            496,
            496,
            496,
            496,
            496,
            496,
            496,
            496,
            496,
            496,
            496,
            496,
            496,
            496,
            496,
            496,
            496,
            496,
            496,
            496,
            496,
            496,
            496,
            496,
            496,
            496,
            496,
            496,
            496,
            496,
            496,
            496,
            496,
            496,
            496,
            496,
            496,
            496,
            496,
            496,
            496,
            496,
            496,
            496,
            496,
            496,
            496,
            496,
            496,
            496,
            496,
            496,
            496,
            496,
            496,
            496,
            496,
            496,
            496,
            496,
            496,
            496,
            496,
            496,
            496,
            496,
            496,
            496,
            496,
            496,
            496,
            496,
            496,
            496,
            496,
            496,
            496,
            496,
            496,
            496,
            496,
            496,
            496,
            496,
            496,
            496,
            496,
            496,
            496,
            496,
            496,
            496,
            496,
            496,
            496,
            496,
            496,
            496,
            496,
            496,
            496,
            496,
            496,
            496,
            496,
            496,
            496,
            496,
            496,
            496,
            496,
            496,
            496,
            496,
            496,
            496,
            496,
            496,
            496,
            496,
            496,
            496,
            496,
            496,
            496,
            496,
            496,
            496,
            496,
            496,
            496,
            496,
            496,
            496,
            496,
            496,
            496,
            496,
            496,
            496,
            496,
            496,
            496,
            496,
            496,
            496,
            496,
            496,
            496,
            496,
            496,
            496,
            496,
            496,
            496,
            496,
            496,
            496,
            496,
            496,
            496,
            496,
            496,
            496,
            496,
            496,
            496,
            496,
            496,
            496,
            496,
            496,
            496,
            496,
            496,
            496,
            496,
            496,
            496,
            496,
            496,
            496,
            496,
            496,
            496,
            496,
            496,
            496,
            496,
            496,
            496,
            496,
            496,
            496,
            496,
            496,
            496,
            496,
            496,
            496,
            496,
            496,
            496,
            496,
            496,
            496,
            496,
            496,
            496,
            496,
            496,
            496,
            496,
            496,
            496,
            496,
            496,
            496,
            496,
            496,
            496,
            496,
            496,
            496,
            496,
            496,
            496,
            496,
            496,
            496,
            496,
            496,
            496,
            496,
            496,
            496,
            496,
            496,
            496,
            496,
            236743,
            236770,
            236770
          ],
          "pipeline_state_compiles": 0,
          "ple_encoders": 0,
          "prefill_ms": 37374.40675,
          "prompt": "a a a a a a a a a a a a a a a a a a a a a a a a a a a a a a a a a a a a a a a a a a a a a a a a a a a a a a a a a a a a a a a a a a a a a a a a a a a a a a a a a a a a a a a a a a a a a a a a a a a a a a a a a a a a a a a a a a a a a a a a a a a a a a a a a a a a a a a a a a a a a a a a a a a a a a a a a a a a a a a a a a a a a a a a a a a a a a a a a a a a a a a a a a a a a a a a a a a a a a a a a a a a a a a a a a a a a a a a a a a a a a a a a a a a a a a a a a a a a a a a a a a a a a a a a a a a a a a a a a a a a a a a a a a a a a a a a a a a a a a a a a a a a a a a a a a a a a a a a a a a a a a a a a a a a a a a a a a a a a a a a a a a a a a a a a a a a a a a a a a a a a a a a a a a a a a a a a a a a a a a a a a a a a a a a a a a a a a a a a a a a a a a a a a a a a a a a a a a a a a a a a a a a a a a a a a a a a a a a a a a a a a a a a a a a a a a a a a a a a a a a a a a a a a a a a a a a a a a a a a a a a a a a a a a a a a a a a a a a a a a a a a a a a a a a a a a a a a a a a a a a a a a a a a a a a a ",
          "prompt_token_ids": [
            236746,
            496,
            496,
            496,
            496,
            496,
            496,
            496,
            496,
            496,
            496,
            496,
            496,
            496,
            496,
            496,
            496,
            496,
            496,
            496,
            496,
            496,
            496,
            496,
            496,
            496,
            496,
            496,
            496,
            496,
            496,
            496,
            496,
            496,
            496,
            496,
            496,
            496,
            496,
            496,
            496,
            496,
            496,
            496,
            496,
            496,
            496,
            496,
            496,
            496,
            496,
            496,
            496,
            496,
            496,
            496,
            496,
            496,
            496,
            496,
            496,
            496,
            496,
            496,
            496,
            496,
            496,
            496,
            496,
            496,
            496,
            496,
            496,
            496,
            496,
            496,
            496,
            496,
            496,
            496,
            496,
            496,
            496,
            496,
            496,
            496,
            496,
            496,
            496,
            496,
            496,
            496,
            496,
            496,
            496,
            496,
            496,
            496,
            496,
            496,
            496,
            496,
            496,
            496,
            496,
            496,
            496,
            496,
            496,
            496,
            496,
            496,
            496,
            496,
            496,
            496,
            496,
            496,
            496,
            496,
            496,
            496,
            496,
            496,
            496,
            496,
            496,
            496,
            496,
            496,
            496,
            496,
            496,
            496,
            496,
            496,
            496,
            496,
            496,
            496,
            496,
            496,
            496,
            496,
            496,
            496,
            496,
            496,
            496,
            496,
            496,
            496,
            496,
            496,
            496,
            496,
            496,
            496,
            496,
            496,
            496,
            496,
            496,
            496,
            496,
            496,
            496,
            496,
            496,
            496,
            496,
            496,
            496,
            496,
            496,
            496,
            496,
            496,
            496,
            496,
            496,
            496,
            496,
            496,
            496,
            496,
            496,
            496,
            496,
            496,
            496,
            496,
            496,
            496,
            496,
            496,
            496,
            496,
            496,
            496,
            496,
            496,
            496,
            496,
            496,
            496,
            496,
            496,
            496,
            496,
            496,
            496,
            496,
            496,
            496,
            496,
            496,
            496,
            496,
            496,
            496,
            496,
            496,
            496,
            496,
            496,
            496,
            496,
            496,
            496,
            496,
            496,
            496,
            496,
            496,
            496,
            496,
            496,
            496,
            496,
            496,
            496,
            496,
            496,
            496,
            496,
            496,
            496,
            496,
            496,
            496,
            496,
            496,
            496,
            496,
            496,
            496,
            496,
            496,
            496,
            496,
            496,
            496,
            496,
            496,
            496,
            496,
            496,
            496,
            496,
            496,
            496,
            496,
            496,
            496,
            496,
            496,
            496,
            496,
            496,
            496,
            496,
            496,
            496,
            496,
            496,
            496,
            496,
            496,
            496,
            496,
            496,
            496,
            496,
            496,
            496,
            496,
            496,
            496,
            496,
            496,
            496,
            496,
            496,
            496,
            496,
            496,
            496,
            496,
            496,
            496,
            496,
            496,
            496,
            496,
            496,
            496,
            496,
            496,
            496,
            496,
            496,
            496,
            496,
            496,
            496,
            496,
            496,
            496,
            496,
            496,
            496,
            496,
            496,
            496,
            496,
            496,
            496,
            496,
            496,
            496,
            496,
            496,
            496,
            496,
            496,
            496,
            496,
            496,
            496,
            496,
            496,
            496,
            496,
            496,
            496,
            496,
            496,
            496,
            496,
            496,
            496,
            496,
            496,
            496,
            496,
            496,
            496,
            496,
            496,
            496,
            496,
            496,
            496,
            496,
            496,
            496,
            496,
            496,
            496,
            496,
            496,
            496,
            496,
            496,
            496,
            496,
            496,
            496,
            496,
            496,
            496,
            496,
            496,
            496,
            496,
            496,
            496,
            496,
            496,
            496,
            496,
            496,
            496,
            496,
            496,
            496,
            496,
            496,
            496,
            496,
            496,
            496,
            496,
            496,
            496,
            496,
            496,
            496,
            496,
            496,
            496,
            496,
            496,
            496,
            496,
            496,
            496,
            496,
            496,
            496,
            496,
            496,
            496,
            496,
            496,
            496,
            496,
            496,
            496,
            496,
            496,
            496,
            496,
            496,
            496,
            496,
            496,
            496,
            496,
            496,
            496,
            496,
            496,
            496,
            496,
            496,
            496,
            496,
            496,
            496,
            496,
            496,
            496,
            496,
            496,
            496,
            496,
            496,
            496,
            496,
            496,
            496,
            496,
            496,
            496,
            496,
            496,
            496,
            496,
            496,
            496,
            496,
            496,
            496,
            496,
            496,
            496,
            496,
            496,
            496,
            496,
            496,
            496,
            496,
            496,
            496,
            496,
            496,
            496,
            496,
            496,
            496,
            496,
            496,
            496,
            496,
            496,
            496,
            496,
            496,
            236743
          ],
          "research_dispatch": {
            "counts": {
              "research_global_d512_split_coopkey_r8k8p64t128s32_merge": 16,
              "research_global_d512_split_coopkey_r8k8p64t128s32_partial": 16
            },
            "overflowed": false,
            "schema": "rvllm.metal.research-dispatch.v3"
          },
          "status": "pass",
          "tok_per_s": 2.6150782919529316
        },
        {
          "command_buffer_wait_ns": 39448102751,
          "command_buffers": 3,
          "cpu_encode_ns": 16917541,
          "cpu_wall_ns": 39465020292,
          "decode_ms": 729.665167,
          "embedding_encoders": 3,
          "encoder_counts_by_kernel_family": {
            "embedding": 3,
            "final_logits_diagnostic": 0,
            "final_sample": 6,
            "layer_body": 1632,
            "layer_scale_fused": 144,
            "ple_input": 0
          },
          "encoders": 1641,
          "final_logits_encoders": 0,
          "final_sample_encoders": 6,
          "finish_reason": "length",
          "forced_waits": 3,
          "generated_text": "11",
          "generated_token_ids": [
            236770,
            236770
          ],
          "hf_reference": null,
          "last_step_command_buffer_wait_ns": 323753709,
          "last_step_command_buffers": 1,
          "last_step_cpu_encode_ns": 5078083,
          "last_step_cpu_wall_ns": 328831792,
          "last_step_encoders": 580,
          "last_step_forced_waits": 1,
          "last_step_gpu_execution_ns": 323453499,
          "last_step_tokens": 1,
          "layer_encoders": 1632,
          "layer_scale_encoder_fusions": 144,
          "library_compiles": 0,
          "max_new_tokens": 2,
          "max_supported_total_tokens": 514,
          "name": "pp512-decode2-measure-1",
          "output_text": "a a a a a a a a a a a a a a a a a a a a a a a a a a a a a a a a a a a a a a a a a a a a a a a a a a a a a a a a a a a a a a a a a a a a a a a a a a a a a a a a a a a a a a a a a a a a a a a a a a a a a a a a a a a a a a a a a a a a a a a a a a a a a a a a a a a a a a a a a a a a a a a a a a a a a a a a a a a a a a a a a a a a a a a a a a a a a a a a a a a a a a a a a a a a a a a a a a a a a a a a a a a a a a a a a a a a a a a a a a a a a a a a a a a a a a a a a a a a a a a a a a a a a a a a a a a a a a a a a a a a a a a a a a a a a a a a a a a a a a a a a a a a a a a a a a a a a a a a a a a a a a a a a a a a a a a a a a a a a a a a a a a a a a a a a a a a a a a a a a a a a a a a a a a a a a a a a a a a a a a a a a a a a a a a a a a a a a a a a a a a a a a a a a a a a a a a a a a a a a a a a a a a a a a a a a a a a a a a a a a a a a a a a a a a a a a a a a a a a a a a a a a a a a a a a a a a a a a a a a a a a a a a a a a a a a a a a a a a a a a a a a a a a a a a a a a a a a a a a a a a a a a a a a a a a a a 11",
          "output_token_ids": [
            236746,
            496,
            496,
            496,
            496,
            496,
            496,
            496,
            496,
            496,
            496,
            496,
            496,
            496,
            496,
            496,
            496,
            496,
            496,
            496,
            496,
            496,
            496,
            496,
            496,
            496,
            496,
            496,
            496,
            496,
            496,
            496,
            496,
            496,
            496,
            496,
            496,
            496,
            496,
            496,
            496,
            496,
            496,
            496,
            496,
            496,
            496,
            496,
            496,
            496,
            496,
            496,
            496,
            496,
            496,
            496,
            496,
            496,
            496,
            496,
            496,
            496,
            496,
            496,
            496,
            496,
            496,
            496,
            496,
            496,
            496,
            496,
            496,
            496,
            496,
            496,
            496,
            496,
            496,
            496,
            496,
            496,
            496,
            496,
            496,
            496,
            496,
            496,
            496,
            496,
            496,
            496,
            496,
            496,
            496,
            496,
            496,
            496,
            496,
            496,
            496,
            496,
            496,
            496,
            496,
            496,
            496,
            496,
            496,
            496,
            496,
            496,
            496,
            496,
            496,
            496,
            496,
            496,
            496,
            496,
            496,
            496,
            496,
            496,
            496,
            496,
            496,
            496,
            496,
            496,
            496,
            496,
            496,
            496,
            496,
            496,
            496,
            496,
            496,
            496,
            496,
            496,
            496,
            496,
            496,
            496,
            496,
            496,
            496,
            496,
            496,
            496,
            496,
            496,
            496,
            496,
            496,
            496,
            496,
            496,
            496,
            496,
            496,
            496,
            496,
            496,
            496,
            496,
            496,
            496,
            496,
            496,
            496,
            496,
            496,
            496,
            496,
            496,
            496,
            496,
            496,
            496,
            496,
            496,
            496,
            496,
            496,
            496,
            496,
            496,
            496,
            496,
            496,
            496,
            496,
            496,
            496,
            496,
            496,
            496,
            496,
            496,
            496,
            496,
            496,
            496,
            496,
            496,
            496,
            496,
            496,
            496,
            496,
            496,
            496,
            496,
            496,
            496,
            496,
            496,
            496,
            496,
            496,
            496,
            496,
            496,
            496,
            496,
            496,
            496,
            496,
            496,
            496,
            496,
            496,
            496,
            496,
            496,
            496,
            496,
            496,
            496,
            496,
            496,
            496,
            496,
            496,
            496,
            496,
            496,
            496,
            496,
            496,
            496,
            496,
            496,
            496,
            496,
            496,
            496,
            496,
            496,
            496,
            496,
            496,
            496,
            496,
            496,
            496,
            496,
            496,
            496,
            496,
            496,
            496,
            496,
            496,
            496,
            496,
            496,
            496,
            496,
            496,
            496,
            496,
            496,
            496,
            496,
            496,
            496,
            496,
            496,
            496,
            496,
            496,
            496,
            496,
            496,
            496,
            496,
            496,
            496,
            496,
            496,
            496,
            496,
            496,
            496,
            496,
            496,
            496,
            496,
            496,
            496,
            496,
            496,
            496,
            496,
            496,
            496,
            496,
            496,
            496,
            496,
            496,
            496,
            496,
            496,
            496,
            496,
            496,
            496,
            496,
            496,
            496,
            496,
            496,
            496,
            496,
            496,
            496,
            496,
            496,
            496,
            496,
            496,
            496,
            496,
            496,
            496,
            496,
            496,
            496,
            496,
            496,
            496,
            496,
            496,
            496,
            496,
            496,
            496,
            496,
            496,
            496,
            496,
            496,
            496,
            496,
            496,
            496,
            496,
            496,
            496,
            496,
            496,
            496,
            496,
            496,
            496,
            496,
            496,
            496,
            496,
            496,
            496,
            496,
            496,
            496,
            496,
            496,
            496,
            496,
            496,
            496,
            496,
            496,
            496,
            496,
            496,
            496,
            496,
            496,
            496,
            496,
            496,
            496,
            496,
            496,
            496,
            496,
            496,
            496,
            496,
            496,
            496,
            496,
            496,
            496,
            496,
            496,
            496,
            496,
            496,
            496,
            496,
            496,
            496,
            496,
            496,
            496,
            496,
            496,
            496,
            496,
            496,
            496,
            496,
            496,
            496,
            496,
            496,
            496,
            496,
            496,
            496,
            496,
            496,
            496,
            496,
            496,
            496,
            496,
            496,
            496,
            496,
            496,
            496,
            496,
            496,
            496,
            496,
            496,
            496,
            496,
            496,
            496,
            496,
            496,
            496,
            496,
            496,
            496,
            496,
            496,
            496,
            496,
            496,
            496,
            496,
            496,
            496,
            496,
            496,
            496,
            496,
            496,
            496,
            496,
            496,
            496,
            496,
            496,
            496,
            496,
            496,
            496,
            496,
            496,
            496,
            496,
            496,
            496,
            496,
            496,
            496,
            496,
            496,
            496,
            496,
            496,
            236743,
            236770,
            236770
          ],
          "pipeline_state_compiles": 0,
          "ple_encoders": 0,
          "prefill_ms": 38735.452209,
          "prompt": "a a a a a a a a a a a a a a a a a a a a a a a a a a a a a a a a a a a a a a a a a a a a a a a a a a a a a a a a a a a a a a a a a a a a a a a a a a a a a a a a a a a a a a a a a a a a a a a a a a a a a a a a a a a a a a a a a a a a a a a a a a a a a a a a a a a a a a a a a a a a a a a a a a a a a a a a a a a a a a a a a a a a a a a a a a a a a a a a a a a a a a a a a a a a a a a a a a a a a a a a a a a a a a a a a a a a a a a a a a a a a a a a a a a a a a a a a a a a a a a a a a a a a a a a a a a a a a a a a a a a a a a a a a a a a a a a a a a a a a a a a a a a a a a a a a a a a a a a a a a a a a a a a a a a a a a a a a a a a a a a a a a a a a a a a a a a a a a a a a a a a a a a a a a a a a a a a a a a a a a a a a a a a a a a a a a a a a a a a a a a a a a a a a a a a a a a a a a a a a a a a a a a a a a a a a a a a a a a a a a a a a a a a a a a a a a a a a a a a a a a a a a a a a a a a a a a a a a a a a a a a a a a a a a a a a a a a a a a a a a a a a a a a a a a a a a a a a a a a a a a a a a a a a a a a a a ",
          "prompt_token_ids": [
            236746,
            496,
            496,
            496,
            496,
            496,
            496,
            496,
            496,
            496,
            496,
            496,
            496,
            496,
            496,
            496,
            496,
            496,
            496,
            496,
            496,
            496,
            496,
            496,
            496,
            496,
            496,
            496,
            496,
            496,
            496,
            496,
            496,
            496,
            496,
            496,
            496,
            496,
            496,
            496,
            496,
            496,
            496,
            496,
            496,
            496,
            496,
            496,
            496,
            496,
            496,
            496,
            496,
            496,
            496,
            496,
            496,
            496,
            496,
            496,
            496,
            496,
            496,
            496,
            496,
            496,
            496,
            496,
            496,
            496,
            496,
            496,
            496,
            496,
            496,
            496,
            496,
            496,
            496,
            496,
            496,
            496,
            496,
            496,
            496,
            496,
            496,
            496,
            496,
            496,
            496,
            496,
            496,
            496,
            496,
            496,
            496,
            496,
            496,
            496,
            496,
            496,
            496,
            496,
            496,
            496,
            496,
            496,
            496,
            496,
            496,
            496,
            496,
            496,
            496,
            496,
            496,
            496,
            496,
            496,
            496,
            496,
            496,
            496,
            496,
            496,
            496,
            496,
            496,
            496,
            496,
            496,
            496,
            496,
            496,
            496,
            496,
            496,
            496,
            496,
            496,
            496,
            496,
            496,
            496,
            496,
            496,
            496,
            496,
            496,
            496,
            496,
            496,
            496,
            496,
            496,
            496,
            496,
            496,
            496,
            496,
            496,
            496,
            496,
            496,
            496,
            496,
            496,
            496,
            496,
            496,
            496,
            496,
            496,
            496,
            496,
            496,
            496,
            496,
            496,
            496,
            496,
            496,
            496,
            496,
            496,
            496,
            496,
            496,
            496,
            496,
            496,
            496,
            496,
            496,
            496,
            496,
            496,
            496,
            496,
            496,
            496,
            496,
            496,
            496,
            496,
            496,
            496,
            496,
            496,
            496,
            496,
            496,
            496,
            496,
            496,
            496,
            496,
            496,
            496,
            496,
            496,
            496,
            496,
            496,
            496,
            496,
            496,
            496,
            496,
            496,
            496,
            496,
            496,
            496,
            496,
            496,
            496,
            496,
            496,
            496,
            496,
            496,
            496,
            496,
            496,
            496,
            496,
            496,
            496,
            496,
            496,
            496,
            496,
            496,
            496,
            496,
            496,
            496,
            496,
            496,
            496,
            496,
            496,
            496,
            496,
            496,
            496,
            496,
            496,
            496,
            496,
            496,
            496,
            496,
            496,
            496,
            496,
            496,
            496,
            496,
            496,
            496,
            496,
            496,
            496,
            496,
            496,
            496,
            496,
            496,
            496,
            496,
            496,
            496,
            496,
            496,
            496,
            496,
            496,
            496,
            496,
            496,
            496,
            496,
            496,
            496,
            496,
            496,
            496,
            496,
            496,
            496,
            496,
            496,
            496,
            496,
            496,
            496,
            496,
            496,
            496,
            496,
            496,
            496,
            496,
            496,
            496,
            496,
            496,
            496,
            496,
            496,
            496,
            496,
            496,
            496,
            496,
            496,
            496,
            496,
            496,
            496,
            496,
            496,
            496,
            496,
            496,
            496,
            496,
            496,
            496,
            496,
            496,
            496,
            496,
            496,
            496,
            496,
            496,
            496,
            496,
            496,
            496,
            496,
            496,
            496,
            496,
            496,
            496,
            496,
            496,
            496,
            496,
            496,
            496,
            496,
            496,
            496,
            496,
            496,
            496,
            496,
            496,
            496,
            496,
            496,
            496,
            496,
            496,
            496,
            496,
            496,
            496,
            496,
            496,
            496,
            496,
            496,
            496,
            496,
            496,
            496,
            496,
            496,
            496,
            496,
            496,
            496,
            496,
            496,
            496,
            496,
            496,
            496,
            496,
            496,
            496,
            496,
            496,
            496,
            496,
            496,
            496,
            496,
            496,
            496,
            496,
            496,
            496,
            496,
            496,
            496,
            496,
            496,
            496,
            496,
            496,
            496,
            496,
            496,
            496,
            496,
            496,
            496,
            496,
            496,
            496,
            496,
            496,
            496,
            496,
            496,
            496,
            496,
            496,
            496,
            496,
            496,
            496,
            496,
            496,
            496,
            496,
            496,
            496,
            496,
            496,
            496,
            496,
            496,
            496,
            496,
            496,
            496,
            496,
            496,
            496,
            496,
            496,
            496,
            496,
            496,
            496,
            496,
            496,
            496,
            496,
            496,
            496,
            496,
            496,
            496,
            496,
            496,
            496,
            496,
            496,
            496,
            496,
            496,
            496,
            496,
            496,
            496,
            496,
            496,
            496,
            496,
            496,
            496,
            236743
          ],
          "research_dispatch": {
            "counts": {
              "research_global_d512_split_coopkey_r8k8p64t128s32_merge": 16,
              "research_global_d512_split_coopkey_r8k8p64t128s32_partial": 16
            },
            "overflowed": false,
            "schema": "rvllm.metal.research-dispatch.v3"
          },
          "status": "pass",
          "tok_per_s": 2.7409832488276096
        },
        {
          "command_buffer_wait_ns": 38540537834,
          "command_buffers": 3,
          "cpu_encode_ns": 15901875,
          "cpu_wall_ns": 38556439709,
          "decode_ms": 854.38825,
          "embedding_encoders": 3,
          "encoder_counts_by_kernel_family": {
            "embedding": 3,
            "final_logits_diagnostic": 0,
            "final_sample": 6,
            "layer_body": 1632,
            "layer_scale_fused": 144,
            "ple_input": 0
          },
          "encoders": 1641,
          "final_logits_encoders": 0,
          "final_sample_encoders": 6,
          "finish_reason": "length",
          "forced_waits": 3,
          "generated_text": "11",
          "generated_token_ids": [
            236770,
            236770
          ],
          "hf_reference": null,
          "last_step_command_buffer_wait_ns": 455593959,
          "last_step_command_buffers": 1,
          "last_step_cpu_encode_ns": 4564833,
          "last_step_cpu_wall_ns": 460158792,
          "last_step_encoders": 580,
          "last_step_forced_waits": 1,
          "last_step_gpu_execution_ns": 452943041,
          "last_step_tokens": 1,
          "layer_encoders": 1632,
          "layer_scale_encoder_fusions": 144,
          "library_compiles": 0,
          "max_new_tokens": 2,
          "max_supported_total_tokens": 514,
          "name": "pp512-decode2-measure-2",
          "output_text": "a a a a a a a a a a a a a a a a a a a a a a a a a a a a a a a a a a a a a a a a a a a a a a a a a a a a a a a a a a a a a a a a a a a a a a a a a a a a a a a a a a a a a a a a a a a a a a a a a a a a a a a a a a a a a a a a a a a a a a a a a a a a a a a a a a a a a a a a a a a a a a a a a a a a a a a a a a a a a a a a a a a a a a a a a a a a a a a a a a a a a a a a a a a a a a a a a a a a a a a a a a a a a a a a a a a a a a a a a a a a a a a a a a a a a a a a a a a a a a a a a a a a a a a a a a a a a a a a a a a a a a a a a a a a a a a a a a a a a a a a a a a a a a a a a a a a a a a a a a a a a a a a a a a a a a a a a a a a a a a a a a a a a a a a a a a a a a a a a a a a a a a a a a a a a a a a a a a a a a a a a a a a a a a a a a a a a a a a a a a a a a a a a a a a a a a a a a a a a a a a a a a a a a a a a a a a a a a a a a a a a a a a a a a a a a a a a a a a a a a a a a a a a a a a a a a a a a a a a a a a a a a a a a a a a a a a a a a a a a a a a a a a a a a a a a a a a a a a a a a a a a a a a a a a a a a 11",
          "output_token_ids": [
            236746,
            496,
            496,
            496,
            496,
            496,
            496,
            496,
            496,
            496,
            496,
            496,
            496,
            496,
            496,
            496,
            496,
            496,
            496,
            496,
            496,
            496,
            496,
            496,
            496,
            496,
            496,
            496,
            496,
            496,
            496,
            496,
            496,
            496,
            496,
            496,
            496,
            496,
            496,
            496,
            496,
            496,
            496,
            496,
            496,
            496,
            496,
            496,
            496,
            496,
            496,
            496,
            496,
            496,
            496,
            496,
            496,
            496,
            496,
            496,
            496,
            496,
            496,
            496,
            496,
            496,
            496,
            496,
            496,
            496,
            496,
            496,
            496,
            496,
            496,
            496,
            496,
            496,
            496,
            496,
            496,
            496,
            496,
            496,
            496,
            496,
            496,
            496,
            496,
            496,
            496,
            496,
            496,
            496,
            496,
            496,
            496,
            496,
            496,
            496,
            496,
            496,
            496,
            496,
            496,
            496,
            496,
            496,
            496,
            496,
            496,
            496,
            496,
            496,
            496,
            496,
            496,
            496,
            496,
            496,
            496,
            496,
            496,
            496,
            496,
            496,
            496,
            496,
            496,
            496,
            496,
            496,
            496,
            496,
            496,
            496,
            496,
            496,
            496,
            496,
            496,
            496,
            496,
            496,
            496,
            496,
            496,
            496,
            496,
            496,
            496,
            496,
            496,
            496,
            496,
            496,
            496,
            496,
            496,
            496,
            496,
            496,
            496,
            496,
            496,
            496,
            496,
            496,
            496,
            496,
            496,
            496,
            496,
            496,
            496,
            496,
            496,
            496,
            496,
            496,
            496,
            496,
            496,
            496,
            496,
            496,
            496,
            496,
            496,
            496,
            496,
            496,
            496,
            496,
            496,
            496,
            496,
            496,
            496,
            496,
            496,
            496,
            496,
            496,
            496,
            496,
            496,
            496,
            496,
            496,
            496,
            496,
            496,
            496,
            496,
            496,
            496,
            496,
            496,
            496,
            496,
            496,
            496,
            496,
            496,
            496,
            496,
            496,
            496,
            496,
            496,
            496,
            496,
            496,
            496,
            496,
            496,
            496,
            496,
            496,
            496,
            496,
            496,
            496,
            496,
            496,
            496,
            496,
            496,
            496,
            496,
            496,
            496,
            496,
            496,
            496,
            496,
            496,
            496,
            496,
            496,
            496,
            496,
            496,
            496,
            496,
            496,
            496,
            496,
            496,
            496,
            496,
            496,
            496,
            496,
            496,
            496,
            496,
            496,
            496,
            496,
            496,
            496,
            496,
            496,
            496,
            496,
            496,
            496,
            496,
            496,
            496,
            496,
            496,
            496,
            496,
            496,
            496,
            496,
            496,
            496,
            496,
            496,
            496,
            496,
            496,
            496,
            496,
            496,
            496,
            496,
            496,
            496,
            496,
            496,
            496,
            496,
            496,
            496,
            496,
            496,
            496,
            496,
            496,
            496,
            496,
            496,
            496,
            496,
            496,
            496,
            496,
            496,
            496,
            496,
            496,
            496,
            496,
            496,
            496,
            496,
            496,
            496,
            496,
            496,
            496,
            496,
            496,
            496,
            496,
            496,
            496,
            496,
            496,
            496,
            496,
            496,
            496,
            496,
            496,
            496,
            496,
            496,
            496,
            496,
            496,
            496,
            496,
            496,
            496,
            496,
            496,
            496,
            496,
            496,
            496,
            496,
            496,
            496,
            496,
            496,
            496,
            496,
            496,
            496,
            496,
            496,
            496,
            496,
            496,
            496,
            496,
            496,
            496,
            496,
            496,
            496,
            496,
            496,
            496,
            496,
            496,
            496,
            496,
            496,
            496,
            496,
            496,
            496,
            496,
            496,
            496,
            496,
            496,
            496,
            496,
            496,
            496,
            496,
            496,
            496,
            496,
            496,
            496,
            496,
            496,
            496,
            496,
            496,
            496,
            496,
            496,
            496,
            496,
            496,
            496,
            496,
            496,
            496,
            496,
            496,
            496,
            496,
            496,
            496,
            496,
            496,
            496,
            496,
            496,
            496,
            496,
            496,
            496,
            496,
            496,
            496,
            496,
            496,
            496,
            496,
            496,
            496,
            496,
            496,
            496,
            496,
            496,
            496,
            496,
            496,
            496,
            496,
            496,
            496,
            496,
            496,
            496,
            496,
            496,
            496,
            496,
            496,
            496,
            496,
            496,
            496,
            496,
            496,
            496,
            496,
            496,
            496,
            496,
            496,
            496,
            496,
            496,
            496,
            496,
            496,
            496,
            496,
            496,
            496,
            496,
            496,
            496,
            496,
            496,
            496,
            236743,
            236770,
            236770
          ],
          "pipeline_state_compiles": 0,
          "ple_encoders": 0,
          "prefill_ms": 37702.117917,
          "prompt": "a a a a a a a a a a a a a a a a a a a a a a a a a a a a a a a a a a a a a a a a a a a a a a a a a a a a a a a a a a a a a a a a a a a a a a a a a a a a a a a a a a a a a a a a a a a a a a a a a a a a a a a a a a a a a a a a a a a a a a a a a a a a a a a a a a a a a a a a a a a a a a a a a a a a a a a a a a a a a a a a a a a a a a a a a a a a a a a a a a a a a a a a a a a a a a a a a a a a a a a a a a a a a a a a a a a a a a a a a a a a a a a a a a a a a a a a a a a a a a a a a a a a a a a a a a a a a a a a a a a a a a a a a a a a a a a a a a a a a a a a a a a a a a a a a a a a a a a a a a a a a a a a a a a a a a a a a a a a a a a a a a a a a a a a a a a a a a a a a a a a a a a a a a a a a a a a a a a a a a a a a a a a a a a a a a a a a a a a a a a a a a a a a a a a a a a a a a a a a a a a a a a a a a a a a a a a a a a a a a a a a a a a a a a a a a a a a a a a a a a a a a a a a a a a a a a a a a a a a a a a a a a a a a a a a a a a a a a a a a a a a a a a a a a a a a a a a a a a a a a a a a a a a a a a a a a ",
          "prompt_token_ids": [
            236746,
            496,
            496,
            496,
            496,
            496,
            496,
            496,
            496,
            496,
            496,
            496,
            496,
            496,
            496,
            496,
            496,
            496,
            496,
            496,
            496,
            496,
            496,
            496,
            496,
            496,
            496,
            496,
            496,
            496,
            496,
            496,
            496,
            496,
            496,
            496,
            496,
            496,
            496,
            496,
            496,
            496,
            496,
            496,
            496,
            496,
            496,
            496,
            496,
            496,
            496,
            496,
            496,
            496,
            496,
            496,
            496,
            496,
            496,
            496,
            496,
            496,
            496,
            496,
            496,
            496,
            496,
            496,
            496,
            496,
            496,
            496,
            496,
            496,
            496,
            496,
            496,
            496,
            496,
            496,
            496,
            496,
            496,
            496,
            496,
            496,
            496,
            496,
            496,
            496,
            496,
            496,
            496,
            496,
            496,
            496,
            496,
            496,
            496,
            496,
            496,
            496,
            496,
            496,
            496,
            496,
            496,
            496,
            496,
            496,
            496,
            496,
            496,
            496,
            496,
            496,
            496,
            496,
            496,
            496,
            496,
            496,
            496,
            496,
            496,
            496,
            496,
            496,
            496,
            496,
            496,
            496,
            496,
            496,
            496,
            496,
            496,
            496,
            496,
            496,
            496,
            496,
            496,
            496,
            496,
            496,
            496,
            496,
            496,
            496,
            496,
            496,
            496,
            496,
            496,
            496,
            496,
            496,
            496,
            496,
            496,
            496,
            496,
            496,
            496,
            496,
            496,
            496,
            496,
            496,
            496,
            496,
            496,
            496,
            496,
            496,
            496,
            496,
            496,
            496,
            496,
            496,
            496,
            496,
            496,
            496,
            496,
            496,
            496,
            496,
            496,
            496,
            496,
            496,
            496,
            496,
            496,
            496,
            496,
            496,
            496,
            496,
            496,
            496,
            496,
            496,
            496,
            496,
            496,
            496,
            496,
            496,
            496,
            496,
            496,
            496,
            496,
            496,
            496,
            496,
            496,
            496,
            496,
            496,
            496,
            496,
            496,
            496,
            496,
            496,
            496,
            496,
            496,
            496,
            496,
            496,
            496,
            496,
            496,
            496,
            496,
            496,
            496,
            496,
            496,
            496,
            496,
            496,
            496,
            496,
            496,
            496,
            496,
            496,
            496,
            496,
            496,
            496,
            496,
            496,
            496,
            496,
            496,
            496,
            496,
            496,
            496,
            496,
            496,
            496,
            496,
            496,
            496,
            496,
            496,
            496,
            496,
            496,
            496,
            496,
            496,
            496,
            496,
            496,
            496,
            496,
            496,
            496,
            496,
            496,
            496,
            496,
            496,
            496,
            496,
            496,
            496,
            496,
            496,
            496,
            496,
            496,
            496,
            496,
            496,
            496,
            496,
            496,
            496,
            496,
            496,
            496,
            496,
            496,
            496,
            496,
            496,
            496,
            496,
            496,
            496,
            496,
            496,
            496,
            496,
            496,
            496,
            496,
            496,
            496,
            496,
            496,
            496,
            496,
            496,
            496,
            496,
            496,
            496,
            496,
            496,
            496,
            496,
            496,
            496,
            496,
            496,
            496,
            496,
            496,
            496,
            496,
            496,
            496,
            496,
            496,
            496,
            496,
            496,
            496,
            496,
            496,
            496,
            496,
            496,
            496,
            496,
            496,
            496,
            496,
            496,
            496,
            496,
            496,
            496,
            496,
            496,
            496,
            496,
            496,
            496,
            496,
            496,
            496,
            496,
            496,
            496,
            496,
            496,
            496,
            496,
            496,
            496,
            496,
            496,
            496,
            496,
            496,
            496,
            496,
            496,
            496,
            496,
            496,
            496,
            496,
            496,
            496,
            496,
            496,
            496,
            496,
            496,
            496,
            496,
            496,
            496,
            496,
            496,
            496,
            496,
            496,
            496,
            496,
            496,
            496,
            496,
            496,
            496,
            496,
            496,
            496,
            496,
            496,
            496,
            496,
            496,
            496,
            496,
            496,
            496,
            496,
            496,
            496,
            496,
            496,
            496,
            496,
            496,
            496,
            496,
            496,
            496,
            496,
            496,
            496,
            496,
            496,
            496,
            496,
            496,
            496,
            496,
            496,
            496,
            496,
            496,
            496,
            496,
            496,
            496,
            496,
            496,
            496,
            496,
            496,
            496,
            496,
            496,
            496,
            496,
            496,
            496,
            496,
            496,
            496,
            496,
            496,
            496,
            496,
            496,
            496,
            496,
            496,
            496,
            496,
            496,
            496,
            496,
            496,
            496,
            496,
            496,
            496,
            496,
            496,
            496,
            496,
            496,
            496,
            496,
            236743
          ],
          "research_dispatch": {
            "counts": {
              "research_global_d512_split_coopkey_r8k8p64t128s32_merge": 16,
              "research_global_d512_split_coopkey_r8k8p64t128s32_partial": 16
            },
            "overflowed": false,
            "schema": "rvllm.metal.research-dispatch.v3"
          },
          "status": "pass",
          "tok_per_s": 2.340856162289217
        }
      ],
      "checkpoint_complete": true,
      "checkpoint_completed_cases": 3,
      "checkpoint_total_cases": 3,
      "claim": "Apple Metal text inference workflow; not production-ready until acceptance gates pass",
      "command_buffer_wait_ns": 116093719377,
      "command_buffers": 9,
      "cpu_encode_ns": 66832081,
      "cpu_wall_ns": 116160551458,
      "debug_sync": false,
      "decode_ms": 2348.848875,
      "embedding_encoders": 9,
      "encoder_counts_by_kernel_family": {
        "embedding": 9,
        "final_logits_diagnostic": 0,
        "final_sample": 18,
        "layer_body": 4896,
        "layer_scale_fused": 432,
        "ple_input": 0
      },
      "encoders": 4923,
      "final_logits_encoders": 0,
      "final_sample_encoders": 18,
      "forced_waits": 9,
      "generated_tokens": 6,
      "large_model_opt_in": true,
      "last_step_command_buffer_wait_ns": 455593959,
      "last_step_command_buffers": 1,
      "last_step_cpu_encode_ns": 4564833,
      "last_step_cpu_wall_ns": 460158792,
      "last_step_encoders": 580,
      "last_step_forced_waits": 1,
      "last_step_gpu_execution_ns": 452943041,
      "last_step_tokens": 1,
      "layer_encoders": 4896,
      "layer_scale_encoder_fusions": 432,
      "library_compiles": 1,
      "max_supported_total_tokens": 514,
      "metal_compute_dtype": "bfloat16",
      "metal_moe_router_weight_dtype": "bfloat16",
      "metal_weight_dtype": "bfloat16",
      "model_dir": "/Users/george/.cache/huggingface/hub/models--google--gemma-4-12B-it/snapshots/707f0a3b8a3c7ad586ed01e27eafbad8a27dd0f7",
      "pipeline_state_compiles": 54,
      "ple_encoders": 0,
      "prefill_ms": 113811.976876,
      "prepare_ms": 17003.883458,
      "research_dispatch": {
        "counts": {
          "research_global_d512_split_coopkey_r8k8p64t128s32_merge": 48,
          "research_global_d512_split_coopkey_r8k8p64t128s32_partial": 48
        },
        "overflowed": false,
        "schema": "rvllm.metal.research-dispatch.v3"
      },
      "schema": "rvllm.apple_metal_text_session.v1",
      "status": "pass",
      "tok_per_s": 2.5544427586896155,
      "total_ms": 133169.154042
    }
  ],
  "schema": "rvllm.apple_metal_text_session_profile.v1"
}
{
  "backend": "direct",
  "claim": "Apple Metal text session profile only; not production performance, ANE, external profiler, or production readiness evidence",
  "maximums": {
    "command_buffer_wait_ms": 115985.107084,
    "command_buffer_wait_ms_per_token": 19330.85118066667,
    "command_buffers_per_token": 1.5,
    "cpu_encode_ms": 65.46879,
    "cpu_encode_ms_per_token": 10.911465,
    "decode_ms": 2372.444165,
    "encoders_per_token": 820.5,
    "forced_waits_per_token": 1.5,
    "latency_ms_per_token": 395.4073608333333,
    "layer_scale_fusions_per_token": 72.0,
    "prefill_ms": 113678.34162599998,
    "prepare_ms": 17207.390499999998,
    "tok_per_s": 2.5290373904331696
  },
  "medians": {
    "command_buffer_wait_ms": 115985.107084,
    "command_buffer_wait_ms_per_token": 19330.85118066667,
    "command_buffers_per_token": 1.5,
    "cpu_encode_ms": 65.46879,
    "cpu_encode_ms_per_token": 10.911465,
    "decode_ms": 2372.444165,
    "encoders_per_token": 820.5,
    "forced_waits_per_token": 1.5,
    "latency_ms_per_token": 395.4073608333333,
    "layer_scale_fusions_per_token": 72.0,
    "prefill_ms": 113678.34162599998,
    "prepare_ms": 17207.390499999998,
    "tok_per_s": 2.5290373904331696
  },
  "metal_compute_dtype": "bfloat16",
  "metal_moe_router_weight_dtype": "bfloat16",
  "metal_weight_dtype": "bfloat16",
  "minimums": {
    "command_buffer_wait_ms": 115985.107084,
    "command_buffer_wait_ms_per_token": 19330.85118066667,
    "command_buffers_per_token": 1.5,
    "cpu_encode_ms": 65.46879,
    "cpu_encode_ms_per_token": 10.911465,
    "decode_ms": 2372.444165,
    "encoders_per_token": 820.5,
    "forced_waits_per_token": 1.5,
    "latency_ms_per_token": 395.4073608333333,
    "layer_scale_fusions_per_token": 72.0,
    "prefill_ms": 113678.34162599998,
    "prepare_ms": 17207.390499999998,
    "tok_per_s": 2.5290373904331696
  },
  "model_dir": "/Users/george/.cache/huggingface/hub/models--google--gemma-4-12B-it/snapshots/707f0a3b8a3c7ad586ed01e27eafbad8a27dd0f7",
  "sample_count": 1,
  "samples": [
    {
      "arena_bytes": 25574999072,
      "backend": "direct",
      "case_count": 3,
      "cases": [
        {
          "command_buffer_wait_ns": 37922657334,
          "command_buffers": 3,
          "cpu_encode_ns": 24068082,
          "cpu_wall_ns": 37946725416,
          "decode_ms": 817.767083,
          "embedding_encoders": 3,
          "encoder_counts_by_kernel_family": {
            "embedding": 3,
            "final_logits_diagnostic": 0,
            "final_sample": 6,
            "layer_body": 1632,
            "layer_scale_fused": 144,
            "ple_input": 0
          },
          "encoders": 1641,
          "final_logits_encoders": 0,
          "final_sample_encoders": 6,
          "finish_reason": "length",
          "forced_waits": 3,
          "generated_text": "11",
          "generated_token_ids": [
            236770,
            236770
          ],
          "hf_reference": null,
          "last_step_command_buffer_wait_ns": 388916125,
          "last_step_command_buffers": 1,
          "last_step_cpu_encode_ns": 5313250,
          "last_step_cpu_wall_ns": 394229375,
          "last_step_encoders": 580,
          "last_step_forced_waits": 1,
          "last_step_gpu_execution_ns": 386362374,
          "last_step_tokens": 1,
          "layer_encoders": 1632,
          "layer_scale_encoder_fusions": 144,
          "library_compiles": 0,
          "max_new_tokens": 2,
          "max_supported_total_tokens": 514,
          "name": "pp512-decode2-warmup",
          "output_text": "a a a a a a a a a a a a a a a a a a a a a a a a a a a a a a a a a a a a a a a a a a a a a a a a a a a a a a a a a a a a a a a a a a a a a a a a a a a a a a a a a a a a a a a a a a a a a a a a a a a a a a a a a a a a a a a a a a a a a a a a a a a a a a a a a a a a a a a a a a a a a a a a a a a a a a a a a a a a a a a a a a a a a a a a a a a a a a a a a a a a a a a a a a a a a a a a a a a a a a a a a a a a a a a a a a a a a a a a a a a a a a a a a a a a a a a a a a a a a a a a a a a a a a a a a a a a a a a a a a a a a a a a a a a a a a a a a a a a a a a a a a a a a a a a a a a a a a a a a a a a a a a a a a a a a a a a a a a a a a a a a a a a a a a a a a a a a a a a a a a a a a a a a a a a a a a a a a a a a a a a a a a a a a a a a a a a a a a a a a a a a a a a a a a a a a a a a a a a a a a a a a a a a a a a a a a a a a a a a a a a a a a a a a a a a a a a a a a a a a a a a a a a a a a a a a a a a a a a a a a a a a a a a a a a a a a a a a a a a a a a a a a a a a a a a a a a a a a a a a a a a a a a a a a a a a a 11",
          "output_token_ids": [
            236746,
            496,
            496,
            496,
            496,
            496,
            496,
            496,
            496,
            496,
            496,
            496,
            496,
            496,
            496,
            496,
            496,
            496,
            496,
            496,
            496,
            496,
            496,
            496,
            496,
            496,
            496,
            496,
            496,
            496,
            496,
            496,
            496,
            496,
            496,
            496,
            496,
            496,
            496,
            496,
            496,
            496,
            496,
            496,
            496,
            496,
            496,
            496,
            496,
            496,
            496,
            496,
            496,
            496,
            496,
            496,
            496,
            496,
            496,
            496,
            496,
            496,
            496,
            496,
            496,
            496,
            496,
            496,
            496,
            496,
            496,
            496,
            496,
            496,
            496,
            496,
            496,
            496,
            496,
            496,
            496,
            496,
            496,
            496,
            496,
            496,
            496,
            496,
            496,
            496,
            496,
            496,
            496,
            496,
            496,
            496,
            496,
            496,
            496,
            496,
            496,
            496,
            496,
            496,
            496,
            496,
            496,
            496,
            496,
            496,
            496,
            496,
            496,
            496,
            496,
            496,
            496,
            496,
            496,
            496,
            496,
            496,
            496,
            496,
            496,
            496,
            496,
            496,
            496,
            496,
            496,
            496,
            496,
            496,
            496,
            496,
            496,
            496,
            496,
            496,
            496,
            496,
            496,
            496,
            496,
            496,
            496,
            496,
            496,
            496,
            496,
            496,
            496,
            496,
            496,
            496,
            496,
            496,
            496,
            496,
            496,
            496,
            496,
            496,
            496,
            496,
            496,
            496,
            496,
            496,
            496,
            496,
            496,
            496,
            496,
            496,
            496,
            496,
            496,
            496,
            496,
            496,
            496,
            496,
            496,
            496,
            496,
            496,
            496,
            496,
            496,
            496,
            496,
            496,
            496,
            496,
            496,
            496,
            496,
            496,
            496,
            496,
            496,
            496,
            496,
            496,
            496,
            496,
            496,
            496,
            496,
            496,
            496,
            496,
            496,
            496,
            496,
            496,
            496,
            496,
            496,
            496,
            496,
            496,
            496,
            496,
            496,
            496,
            496,
            496,
            496,
            496,
            496,
            496,
            496,
            496,
            496,
            496,
            496,
            496,
            496,
            496,
            496,
            496,
            496,
            496,
            496,
            496,
            496,
            496,
            496,
            496,
            496,
            496,
            496,
            496,
            496,
            496,
            496,
            496,
            496,
            496,
            496,
            496,
            496,
            496,
            496,
            496,
            496,
            496,
            496,
            496,
            496,
            496,
            496,
            496,
            496,
            496,
            496,
            496,
            496,
            496,
            496,
            496,
            496,
            496,
            496,
            496,
            496,
            496,
            496,
            496,
            496,
            496,
            496,
            496,
            496,
            496,
            496,
            496,
            496,
            496,
            496,
            496,
            496,
            496,
            496,
            496,
            496,
            496,
            496,
            496,
            496,
            496,
            496,
            496,
            496,
            496,
            496,
            496,
            496,
            496,
            496,
            496,
            496,
            496,
            496,
            496,
            496,
            496,
            496,
            496,
            496,
            496,
            496,
            496,
            496,
            496,
            496,
            496,
            496,
            496,
            496,
            496,
            496,
            496,
            496,
            496,
            496,
            496,
            496,
            496,
            496,
            496,
            496,
            496,
            496,
            496,
            496,
            496,
            496,
            496,
            496,
            496,
            496,
            496,
            496,
            496,
            496,
            496,
            496,
            496,
            496,
            496,
            496,
            496,
            496,
            496,
            496,
            496,
            496,
            496,
            496,
            496,
            496,
            496,
            496,
            496,
            496,
            496,
            496,
            496,
            496,
            496,
            496,
            496,
            496,
            496,
            496,
            496,
            496,
            496,
            496,
            496,
            496,
            496,
            496,
            496,
            496,
            496,
            496,
            496,
            496,
            496,
            496,
            496,
            496,
            496,
            496,
            496,
            496,
            496,
            496,
            496,
            496,
            496,
            496,
            496,
            496,
            496,
            496,
            496,
            496,
            496,
            496,
            496,
            496,
            496,
            496,
            496,
            496,
            496,
            496,
            496,
            496,
            496,
            496,
            496,
            496,
            496,
            496,
            496,
            496,
            496,
            496,
            496,
            496,
            496,
            496,
            496,
            496,
            496,
            496,
            496,
            496,
            496,
            496,
            496,
            496,
            496,
            496,
            496,
            496,
            496,
            496,
            496,
            496,
            496,
            496,
            496,
            496,
            496,
            496,
            496,
            496,
            496,
            496,
            496,
            496,
            496,
            496,
            496,
            496,
            496,
            496,
            496,
            496,
            496,
            496,
            496,
            496,
            496,
            496,
            496,
            496,
            496,
            496,
            496,
            496,
            496,
            496,
            236743,
            236770,
            236770
          ],
          "pipeline_state_compiles": 0,
          "ple_encoders": 0,
          "prefill_ms": 37129.034917,
          "prompt": "a a a a a a a a a a a a a a a a a a a a a a a a a a a a a a a a a a a a a a a a a a a a a a a a a a a a a a a a a a a a a a a a a a a a a a a a a a a a a a a a a a a a a a a a a a a a a a a a a a a a a a a a a a a a a a a a a a a a a a a a a a a a a a a a a a a a a a a a a a a a a a a a a a a a a a a a a a a a a a a a a a a a a a a a a a a a a a a a a a a a a a a a a a a a a a a a a a a a a a a a a a a a a a a a a a a a a a a a a a a a a a a a a a a a a a a a a a a a a a a a a a a a a a a a a a a a a a a a a a a a a a a a a a a a a a a a a a a a a a a a a a a a a a a a a a a a a a a a a a a a a a a a a a a a a a a a a a a a a a a a a a a a a a a a a a a a a a a a a a a a a a a a a a a a a a a a a a a a a a a a a a a a a a a a a a a a a a a a a a a a a a a a a a a a a a a a a a a a a a a a a a a a a a a a a a a a a a a a a a a a a a a a a a a a a a a a a a a a a a a a a a a a a a a a a a a a a a a a a a a a a a a a a a a a a a a a a a a a a a a a a a a a a a a a a a a a a a a a a a a a a a a a a a a a a a a ",
          "prompt_token_ids": [
            236746,
            496,
            496,
            496,
            496,
            496,
            496,
            496,
            496,
            496,
            496,
            496,
            496,
            496,
            496,
            496,
            496,
            496,
            496,
            496,
            496,
            496,
            496,
            496,
            496,
            496,
            496,
            496,
            496,
            496,
            496,
            496,
            496,
            496,
            496,
            496,
            496,
            496,
            496,
            496,
            496,
            496,
            496,
            496,
            496,
            496,
            496,
            496,
            496,
            496,
            496,
            496,
            496,
            496,
            496,
            496,
            496,
            496,
            496,
            496,
            496,
            496,
            496,
            496,
            496,
            496,
            496,
            496,
            496,
            496,
            496,
            496,
            496,
            496,
            496,
            496,
            496,
            496,
            496,
            496,
            496,
            496,
            496,
            496,
            496,
            496,
            496,
            496,
            496,
            496,
            496,
            496,
            496,
            496,
            496,
            496,
            496,
            496,
            496,
            496,
            496,
            496,
            496,
            496,
            496,
            496,
            496,
            496,
            496,
            496,
            496,
            496,
            496,
            496,
            496,
            496,
            496,
            496,
            496,
            496,
            496,
            496,
            496,
            496,
            496,
            496,
            496,
            496,
            496,
            496,
            496,
            496,
            496,
            496,
            496,
            496,
            496,
            496,
            496,
            496,
            496,
            496,
            496,
            496,
            496,
            496,
            496,
            496,
            496,
            496,
            496,
            496,
            496,
            496,
            496,
            496,
            496,
            496,
            496,
            496,
            496,
            496,
            496,
            496,
            496,
            496,
            496,
            496,
            496,
            496,
            496,
            496,
            496,
            496,
            496,
            496,
            496,
            496,
            496,
            496,
            496,
            496,
            496,
            496,
            496,
            496,
            496,
            496,
            496,
            496,
            496,
            496,
            496,
            496,
            496,
            496,
            496,
            496,
            496,
            496,
            496,
            496,
            496,
            496,
            496,
            496,
            496,
            496,
            496,
            496,
            496,
            496,
            496,
            496,
            496,
            496,
            496,
            496,
            496,
            496,
            496,
            496,
            496,
            496,
            496,
            496,
            496,
            496,
            496,
            496,
            496,
            496,
            496,
            496,
            496,
            496,
            496,
            496,
            496,
            496,
            496,
            496,
            496,
            496,
            496,
            496,
            496,
            496,
            496,
            496,
            496,
            496,
            496,
            496,
            496,
            496,
            496,
            496,
            496,
            496,
            496,
            496,
            496,
            496,
            496,
            496,
            496,
            496,
            496,
            496,
            496,
            496,
            496,
            496,
            496,
            496,
            496,
            496,
            496,
            496,
            496,
            496,
            496,
            496,
            496,
            496,
            496,
            496,
            496,
            496,
            496,
            496,
            496,
            496,
            496,
            496,
            496,
            496,
            496,
            496,
            496,
            496,
            496,
            496,
            496,
            496,
            496,
            496,
            496,
            496,
            496,
            496,
            496,
            496,
            496,
            496,
            496,
            496,
            496,
            496,
            496,
            496,
            496,
            496,
            496,
            496,
            496,
            496,
            496,
            496,
            496,
            496,
            496,
            496,
            496,
            496,
            496,
            496,
            496,
            496,
            496,
            496,
            496,
            496,
            496,
            496,
            496,
            496,
            496,
            496,
            496,
            496,
            496,
            496,
            496,
            496,
            496,
            496,
            496,
            496,
            496,
            496,
            496,
            496,
            496,
            496,
            496,
            496,
            496,
            496,
            496,
            496,
            496,
            496,
            496,
            496,
            496,
            496,
            496,
            496,
            496,
            496,
            496,
            496,
            496,
            496,
            496,
            496,
            496,
            496,
            496,
            496,
            496,
            496,
            496,
            496,
            496,
            496,
            496,
            496,
            496,
            496,
            496,
            496,
            496,
            496,
            496,
            496,
            496,
            496,
            496,
            496,
            496,
            496,
            496,
            496,
            496,
            496,
            496,
            496,
            496,
            496,
            496,
            496,
            496,
            496,
            496,
            496,
            496,
            496,
            496,
            496,
            496,
            496,
            496,
            496,
            496,
            496,
            496,
            496,
            496,
            496,
            496,
            496,
            496,
            496,
            496,
            496,
            496,
            496,
            496,
            496,
            496,
            496,
            496,
            496,
            496,
            496,
            496,
            496,
            496,
            496,
            496,
            496,
            496,
            496,
            496,
            496,
            496,
            496,
            496,
            496,
            496,
            496,
            496,
            496,
            496,
            496,
            496,
            496,
            496,
            496,
            496,
            496,
            496,
            496,
            496,
            496,
            496,
            496,
            496,
            496,
            496,
            496,
            496,
            496,
            496,
            496,
            496,
            496,
            496,
            496,
            496,
            496,
            496,
            496,
            496,
            496,
            496,
            496,
            496,
            236743
          ],
          "research_dispatch": {
            "counts": {
              "research_global_d512_atlas_mma_r8k32p64t128": 16
            },
            "overflowed": false,
            "schema": "rvllm.metal.research-dispatch.v3"
          },
          "status": "pass",
          "tok_per_s": 2.445684158211587
        },
        {
          "command_buffer_wait_ns": 39141396292,
          "command_buffers": 3,
          "cpu_encode_ns": 22313000,
          "cpu_wall_ns": 39163709292,
          "decode_ms": 703.6107910000001,
          "embedding_encoders": 3,
          "encoder_counts_by_kernel_family": {
            "embedding": 3,
            "final_logits_diagnostic": 0,
            "final_sample": 6,
            "layer_body": 1632,
            "layer_scale_fused": 144,
            "ple_input": 0
          },
          "encoders": 1641,
          "final_logits_encoders": 0,
          "final_sample_encoders": 6,
          "finish_reason": "length",
          "forced_waits": 3,
          "generated_text": "11",
          "generated_token_ids": [
            236770,
            236770
          ],
          "hf_reference": null,
          "last_step_command_buffer_wait_ns": 313903250,
          "last_step_command_buffers": 1,
          "last_step_cpu_encode_ns": 3946208,
          "last_step_cpu_wall_ns": 317849458,
          "last_step_encoders": 580,
          "last_step_forced_waits": 1,
          "last_step_gpu_execution_ns": 313527124,
          "last_step_tokens": 1,
          "layer_encoders": 1632,
          "layer_scale_encoder_fusions": 144,
          "library_compiles": 0,
          "max_new_tokens": 2,
          "max_supported_total_tokens": 514,
          "name": "pp512-decode2-measure-1",
          "output_text": "a a a a a a a a a a a a a a a a a a a a a a a a a a a a a a a a a a a a a a a a a a a a a a a a a a a a a a a a a a a a a a a a a a a a a a a a a a a a a a a a a a a a a a a a a a a a a a a a a a a a a a a a a a a a a a a a a a a a a a a a a a a a a a a a a a a a a a a a a a a a a a a a a a a a a a a a a a a a a a a a a a a a a a a a a a a a a a a a a a a a a a a a a a a a a a a a a a a a a a a a a a a a a a a a a a a a a a a a a a a a a a a a a a a a a a a a a a a a a a a a a a a a a a a a a a a a a a a a a a a a a a a a a a a a a a a a a a a a a a a a a a a a a a a a a a a a a a a a a a a a a a a a a a a a a a a a a a a a a a a a a a a a a a a a a a a a a a a a a a a a a a a a a a a a a a a a a a a a a a a a a a a a a a a a a a a a a a a a a a a a a a a a a a a a a a a a a a a a a a a a a a a a a a a a a a a a a a a a a a a a a a a a a a a a a a a a a a a a a a a a a a a a a a a a a a a a a a a a a a a a a a a a a a a a a a a a a a a a a a a a a a a a a a a a a a a a a a a a a a a a a a a a a a a a a a a 11",
          "output_token_ids": [
            236746,
            496,
            496,
            496,
            496,
            496,
            496,
            496,
            496,
            496,
            496,
            496,
            496,
            496,
            496,
            496,
            496,
            496,
            496,
            496,
            496,
            496,
            496,
            496,
            496,
            496,
            496,
            496,
            496,
            496,
            496,
            496,
            496,
            496,
            496,
            496,
            496,
            496,
            496,
            496,
            496,
            496,
            496,
            496,
            496,
            496,
            496,
            496,
            496,
            496,
            496,
            496,
            496,
            496,
            496,
            496,
            496,
            496,
            496,
            496,
            496,
            496,
            496,
            496,
            496,
            496,
            496,
            496,
            496,
            496,
            496,
            496,
            496,
            496,
            496,
            496,
            496,
            496,
            496,
            496,
            496,
            496,
            496,
            496,
            496,
            496,
            496,
            496,
            496,
            496,
            496,
            496,
            496,
            496,
            496,
            496,
            496,
            496,
            496,
            496,
            496,
            496,
            496,
            496,
            496,
            496,
            496,
            496,
            496,
            496,
            496,
            496,
            496,
            496,
            496,
            496,
            496,
            496,
            496,
            496,
            496,
            496,
            496,
            496,
            496,
            496,
            496,
            496,
            496,
            496,
            496,
            496,
            496,
            496,
            496,
            496,
            496,
            496,
            496,
            496,
            496,
            496,
            496,
            496,
            496,
            496,
            496,
            496,
            496,
            496,
            496,
            496,
            496,
            496,
            496,
            496,
            496,
            496,
            496,
            496,
            496,
            496,
            496,
            496,
            496,
            496,
            496,
            496,
            496,
            496,
            496,
            496,
            496,
            496,
            496,
            496,
            496,
            496,
            496,
            496,
            496,
            496,
            496,
            496,
            496,
            496,
            496,
            496,
            496,
            496,
            496,
            496,
            496,
            496,
            496,
            496,
            496,
            496,
            496,
            496,
            496,
            496,
            496,
            496,
            496,
            496,
            496,
            496,
            496,
            496,
            496,
            496,
            496,
            496,
            496,
            496,
            496,
            496,
            496,
            496,
            496,
            496,
            496,
            496,
            496,
            496,
            496,
            496,
            496,
            496,
            496,
            496,
            496,
            496,
            496,
            496,
            496,
            496,
            496,
            496,
            496,
            496,
            496,
            496,
            496,
            496,
            496,
            496,
            496,
            496,
            496,
            496,
            496,
            496,
            496,
            496,
            496,
            496,
            496,
            496,
            496,
            496,
            496,
            496,
            496,
            496,
            496,
            496,
            496,
            496,
            496,
            496,
            496,
            496,
            496,
            496,
            496,
            496,
            496,
            496,
            496,
            496,
            496,
            496,
            496,
            496,
            496,
            496,
            496,
            496,
            496,
            496,
            496,
            496,
            496,
            496,
            496,
            496,
            496,
            496,
            496,
            496,
            496,
            496,
            496,
            496,
            496,
            496,
            496,
            496,
            496,
            496,
            496,
            496,
            496,
            496,
            496,
            496,
            496,
            496,
            496,
            496,
            496,
            496,
            496,
            496,
            496,
            496,
            496,
            496,
            496,
            496,
            496,
            496,
            496,
            496,
            496,
            496,
            496,
            496,
            496,
            496,
            496,
            496,
            496,
            496,
            496,
            496,
            496,
            496,
            496,
            496,
            496,
            496,
            496,
            496,
            496,
            496,
            496,
            496,
            496,
            496,
            496,
            496,
            496,
            496,
            496,
            496,
            496,
            496,
            496,
            496,
            496,
            496,
            496,
            496,
            496,
            496,
            496,
            496,
            496,
            496,
            496,
            496,
            496,
            496,
            496,
            496,
            496,
            496,
            496,
            496,
            496,
            496,
            496,
            496,
            496,
            496,
            496,
            496,
            496,
            496,
            496,
            496,
            496,
            496,
            496,
            496,
            496,
            496,
            496,
            496,
            496,
            496,
            496,
            496,
            496,
            496,
            496,
            496,
            496,
            496,
            496,
            496,
            496,
            496,
            496,
            496,
            496,
            496,
            496,
            496,
            496,
            496,
            496,
            496,
            496,
            496,
            496,
            496,
            496,
            496,
            496,
            496,
            496,
            496,
            496,
            496,
            496,
            496,
            496,
            496,
            496,
            496,
            496,
            496,
            496,
            496,
            496,
            496,
            496,
            496,
            496,
            496,
            496,
            496,
            496,
            496,
            496,
            496,
            496,
            496,
            496,
            496,
            496,
            496,
            496,
            496,
            496,
            496,
            496,
            496,
            496,
            496,
            496,
            496,
            496,
            496,
            496,
            496,
            496,
            496,
            496,
            496,
            496,
            496,
            496,
            496,
            496,
            496,
            496,
            496,
            496,
            496,
            496,
            496,
            496,
            496,
            496,
            496,
            496,
            236743,
            236770,
            236770
          ],
          "pipeline_state_compiles": 0,
          "ple_encoders": 0,
          "prefill_ms": 38460.17175,
          "prompt": "a a a a a a a a a a a a a a a a a a a a a a a a a a a a a a a a a a a a a a a a a a a a a a a a a a a a a a a a a a a a a a a a a a a a a a a a a a a a a a a a a a a a a a a a a a a a a a a a a a a a a a a a a a a a a a a a a a a a a a a a a a a a a a a a a a a a a a a a a a a a a a a a a a a a a a a a a a a a a a a a a a a a a a a a a a a a a a a a a a a a a a a a a a a a a a a a a a a a a a a a a a a a a a a a a a a a a a a a a a a a a a a a a a a a a a a a a a a a a a a a a a a a a a a a a a a a a a a a a a a a a a a a a a a a a a a a a a a a a a a a a a a a a a a a a a a a a a a a a a a a a a a a a a a a a a a a a a a a a a a a a a a a a a a a a a a a a a a a a a a a a a a a a a a a a a a a a a a a a a a a a a a a a a a a a a a a a a a a a a a a a a a a a a a a a a a a a a a a a a a a a a a a a a a a a a a a a a a a a a a a a a a a a a a a a a a a a a a a a a a a a a a a a a a a a a a a a a a a a a a a a a a a a a a a a a a a a a a a a a a a a a a a a a a a a a a a a a a a a a a a a a a a a a a a a a a ",
          "prompt_token_ids": [
            236746,
            496,
            496,
            496,
            496,
            496,
            496,
            496,
            496,
            496,
            496,
            496,
            496,
            496,
            496,
            496,
            496,
            496,
            496,
            496,
            496,
            496,
            496,
            496,
            496,
            496,
            496,
            496,
            496,
            496,
            496,
            496,
            496,
            496,
            496,
            496,
            496,
            496,
            496,
            496,
            496,
            496,
            496,
            496,
            496,
            496,
            496,
            496,
            496,
            496,
            496,
            496,
            496,
            496,
            496,
            496,
            496,
            496,
            496,
            496,
            496,
            496,
            496,
            496,
            496,
            496,
            496,
            496,
            496,
            496,
            496,
            496,
            496,
            496,
            496,
            496,
            496,
            496,
            496,
            496,
            496,
            496,
            496,
            496,
            496,
            496,
            496,
            496,
            496,
            496,
            496,
            496,
            496,
            496,
            496,
            496,
            496,
            496,
            496,
            496,
            496,
            496,
            496,
            496,
            496,
            496,
            496,
            496,
            496,
            496,
            496,
            496,
            496,
            496,
            496,
            496,
            496,
            496,
            496,
            496,
            496,
            496,
            496,
            496,
            496,
            496,
            496,
            496,
            496,
            496,
            496,
            496,
            496,
            496,
            496,
            496,
            496,
            496,
            496,
            496,
            496,
            496,
            496,
            496,
            496,
            496,
            496,
            496,
            496,
            496,
            496,
            496,
            496,
            496,
            496,
            496,
            496,
            496,
            496,
            496,
            496,
            496,
            496,
            496,
            496,
            496,
            496,
            496,
            496,
            496,
            496,
            496,
            496,
            496,
            496,
            496,
            496,
            496,
            496,
            496,
            496,
            496,
            496,
            496,
            496,
            496,
            496,
            496,
            496,
            496,
            496,
            496,
            496,
            496,
            496,
            496,
            496,
            496,
            496,
            496,
            496,
            496,
            496,
            496,
            496,
            496,
            496,
            496,
            496,
            496,
            496,
            496,
            496,
            496,
            496,
            496,
            496,
            496,
            496,
            496,
            496,
            496,
            496,
            496,
            496,
            496,
            496,
            496,
            496,
            496,
            496,
            496,
            496,
            496,
            496,
            496,
            496,
            496,
            496,
            496,
            496,
            496,
            496,
            496,
            496,
            496,
            496,
            496,
            496,
            496,
            496,
            496,
            496,
            496,
            496,
            496,
            496,
            496,
            496,
            496,
            496,
            496,
            496,
            496,
            496,
            496,
            496,
            496,
            496,
            496,
            496,
            496,
            496,
            496,
            496,
            496,
            496,
            496,
            496,
            496,
            496,
            496,
            496,
            496,
            496,
            496,
            496,
            496,
            496,
            496,
            496,
            496,
            496,
            496,
            496,
            496,
            496,
            496,
            496,
            496,
            496,
            496,
            496,
            496,
            496,
            496,
            496,
            496,
            496,
            496,
            496,
            496,
            496,
            496,
            496,
            496,
            496,
            496,
            496,
            496,
            496,
            496,
            496,
            496,
            496,
            496,
            496,
            496,
            496,
            496,
            496,
            496,
            496,
            496,
            496,
            496,
            496,
            496,
            496,
            496,
            496,
            496,
            496,
            496,
            496,
            496,
            496,
            496,
            496,
            496,
            496,
            496,
            496,
            496,
            496,
            496,
            496,
            496,
            496,
            496,
            496,
            496,
            496,
            496,
            496,
            496,
            496,
            496,
            496,
            496,
            496,
            496,
            496,
            496,
            496,
            496,
            496,
            496,
            496,
            496,
            496,
            496,
            496,
            496,
            496,
            496,
            496,
            496,
            496,
            496,
            496,
            496,
            496,
            496,
            496,
            496,
            496,
            496,
            496,
            496,
            496,
            496,
            496,
            496,
            496,
            496,
            496,
            496,
            496,
            496,
            496,
            496,
            496,
            496,
            496,
            496,
            496,
            496,
            496,
            496,
            496,
            496,
            496,
            496,
            496,
            496,
            496,
            496,
            496,
            496,
            496,
            496,
            496,
            496,
            496,
            496,
            496,
            496,
            496,
            496,
            496,
            496,
            496,
            496,
            496,
            496,
            496,
            496,
            496,
            496,
            496,
            496,
            496,
            496,
            496,
            496,
            496,
            496,
            496,
            496,
            496,
            496,
            496,
            496,
            496,
            496,
            496,
            496,
            496,
            496,
            496,
            496,
            496,
            496,
            496,
            496,
            496,
            496,
            496,
            496,
            496,
            496,
            496,
            496,
            496,
            496,
            496,
            496,
            496,
            496,
            496,
            496,
            496,
            496,
            496,
            496,
            496,
            496,
            496,
            496,
            496,
            496,
            496,
            496,
            496,
            496,
            496,
            496,
            496,
            496,
            496,
            236743
          ],
          "research_dispatch": {
            "counts": {
              "research_global_d512_atlas_mma_r8k32p64t128": 16
            },
            "overflowed": false,
            "schema": "rvllm.metal.research-dispatch.v3"
          },
          "status": "pass",
          "tok_per_s": 2.8424805667882374
        },
        {
          "command_buffer_wait_ns": 38921053458,
          "command_buffers": 3,
          "cpu_encode_ns": 19087708,
          "cpu_wall_ns": 38940141166,
          "decode_ms": 851.066291,
          "embedding_encoders": 3,
          "encoder_counts_by_kernel_family": {
            "embedding": 3,
            "final_logits_diagnostic": 0,
            "final_sample": 6,
            "layer_body": 1632,
            "layer_scale_fused": 144,
            "ple_input": 0
          },
          "encoders": 1641,
          "final_logits_encoders": 0,
          "final_sample_encoders": 6,
          "finish_reason": "length",
          "forced_waits": 3,
          "generated_text": "11",
          "generated_token_ids": [
            236770,
            236770
          ],
          "hf_reference": null,
          "last_step_command_buffer_wait_ns": 399681666,
          "last_step_command_buffers": 1,
          "last_step_cpu_encode_ns": 5462418,
          "last_step_cpu_wall_ns": 405144084,
          "last_step_encoders": 580,
          "last_step_forced_waits": 1,
          "last_step_gpu_execution_ns": 399413624,
          "last_step_tokens": 1,
          "layer_encoders": 1632,
          "layer_scale_encoder_fusions": 144,
          "library_compiles": 0,
          "max_new_tokens": 2,
          "max_supported_total_tokens": 514,
          "name": "pp512-decode2-measure-2",
          "output_text": "a a a a a a a a a a a a a a a a a a a a a a a a a a a a a a a a a a a a a a a a a a a a a a a a a a a a a a a a a a a a a a a a a a a a a a a a a a a a a a a a a a a a a a a a a a a a a a a a a a a a a a a a a a a a a a a a a a a a a a a a a a a a a a a a a a a a a a a a a a a a a a a a a a a a a a a a a a a a a a a a a a a a a a a a a a a a a a a a a a a a a a a a a a a a a a a a a a a a a a a a a a a a a a a a a a a a a a a a a a a a a a a a a a a a a a a a a a a a a a a a a a a a a a a a a a a a a a a a a a a a a a a a a a a a a a a a a a a a a a a a a a a a a a a a a a a a a a a a a a a a a a a a a a a a a a a a a a a a a a a a a a a a a a a a a a a a a a a a a a a a a a a a a a a a a a a a a a a a a a a a a a a a a a a a a a a a a a a a a a a a a a a a a a a a a a a a a a a a a a a a a a a a a a a a a a a a a a a a a a a a a a a a a a a a a a a a a a a a a a a a a a a a a a a a a a a a a a a a a a a a a a a a a a a a a a a a a a a a a a a a a a a a a a a a a a a a a a a a a a a a a a a a a a a a a a a 11",
          "output_token_ids": [
            236746,
            496,
            496,
            496,
            496,
            496,
            496,
            496,
            496,
            496,
            496,
            496,
            496,
            496,
            496,
            496,
            496,
            496,
            496,
            496,
            496,
            496,
            496,
            496,
            496,
            496,
            496,
            496,
            496,
            496,
            496,
            496,
            496,
            496,
            496,
            496,
            496,
            496,
            496,
            496,
            496,
            496,
            496,
            496,
            496,
            496,
            496,
            496,
            496,
            496,
            496,
            496,
            496,
            496,
            496,
            496,
            496,
            496,
            496,
            496,
            496,
            496,
            496,
            496,
            496,
            496,
            496,
            496,
            496,
            496,
            496,
            496,
            496,
            496,
            496,
            496,
            496,
            496,
            496,
            496,
            496,
            496,
            496,
            496,
            496,
            496,
            496,
            496,
            496,
            496,
            496,
            496,
            496,
            496,
            496,
            496,
            496,
            496,
            496,
            496,
            496,
            496,
            496,
            496,
            496,
            496,
            496,
            496,
            496,
            496,
            496,
            496,
            496,
            496,
            496,
            496,
            496,
            496,
            496,
            496,
            496,
            496,
            496,
            496,
            496,
            496,
            496,
            496,
            496,
            496,
            496,
            496,
            496,
            496,
            496,
            496,
            496,
            496,
            496,
            496,
            496,
            496,
            496,
            496,
            496,
            496,
            496,
            496,
            496,
            496,
            496,
            496,
            496,
            496,
            496,
            496,
            496,
            496,
            496,
            496,
            496,
            496,
            496,
            496,
            496,
            496,
            496,
            496,
            496,
            496,
            496,
            496,
            496,
            496,
            496,
            496,
            496,
            496,
            496,
            496,
            496,
            496,
            496,
            496,
            496,
            496,
            496,
            496,
            496,
            496,
            496,
            496,
            496,
            496,
            496,
            496,
            496,
            496,
            496,
            496,
            496,
            496,
            496,
            496,
            496,
            496,
            496,
            496,
            496,
            496,
            496,
            496,
            496,
            496,
            496,
            496,
            496,
            496,
            496,
            496,
            496,
            496,
            496,
            496,
            496,
            496,
            496,
            496,
            496,
            496,
            496,
            496,
            496,
            496,
            496,
            496,
            496,
            496,
            496,
            496,
            496,
            496,
            496,
            496,
            496,
            496,
            496,
            496,
            496,
            496,
            496,
            496,
            496,
            496,
            496,
            496,
            496,
            496,
            496,
            496,
            496,
            496,
            496,
            496,
            496,
            496,
            496,
            496,
            496,
            496,
            496,
            496,
            496,
            496,
            496,
            496,
            496,
            496,
            496,
            496,
            496,
            496,
            496,
            496,
            496,
            496,
            496,
            496,
            496,
            496,
            496,
            496,
            496,
            496,
            496,
            496,
            496,
            496,
            496,
            496,
            496,
            496,
            496,
            496,
            496,
            496,
            496,
            496,
            496,
            496,
            496,
            496,
            496,
            496,
            496,
            496,
            496,
            496,
            496,
            496,
            496,
            496,
            496,
            496,
            496,
            496,
            496,
            496,
            496,
            496,
            496,
            496,
            496,
            496,
            496,
            496,
            496,
            496,
            496,
            496,
            496,
            496,
            496,
            496,
            496,
            496,
            496,
            496,
            496,
            496,
            496,
            496,
            496,
            496,
            496,
            496,
            496,
            496,
            496,
            496,
            496,
            496,
            496,
            496,
            496,
            496,
            496,
            496,
            496,
            496,
            496,
            496,
            496,
            496,
            496,
            496,
            496,
            496,
            496,
            496,
            496,
            496,
            496,
            496,
            496,
            496,
            496,
            496,
            496,
            496,
            496,
            496,
            496,
            496,
            496,
            496,
            496,
            496,
            496,
            496,
            496,
            496,
            496,
            496,
            496,
            496,
            496,
            496,
            496,
            496,
            496,
            496,
            496,
            496,
            496,
            496,
            496,
            496,
            496,
            496,
            496,
            496,
            496,
            496,
            496,
            496,
            496,
            496,
            496,
            496,
            496,
            496,
            496,
            496,
            496,
            496,
            496,
            496,
            496,
            496,
            496,
            496,
            496,
            496,
            496,
            496,
            496,
            496,
            496,
            496,
            496,
            496,
            496,
            496,
            496,
            496,
            496,
            496,
            496,
            496,
            496,
            496,
            496,
            496,
            496,
            496,
            496,
            496,
            496,
            496,
            496,
            496,
            496,
            496,
            496,
            496,
            496,
            496,
            496,
            496,
            496,
            496,
            496,
            496,
            496,
            496,
            496,
            496,
            496,
            496,
            496,
            496,
            496,
            496,
            496,
            496,
            496,
            496,
            496,
            496,
            496,
            496,
            496,
            496,
            496,
            496,
            496,
            496,
            496,
            496,
            496,
            236743,
            236770,
            236770
          ],
          "pipeline_state_compiles": 0,
          "ple_encoders": 0,
          "prefill_ms": 38089.134958999995,
          "prompt": "a a a a a a a a a a a a a a a a a a a a a a a a a a a a a a a a a a a a a a a a a a a a a a a a a a a a a a a a a a a a a a a a a a a a a a a a a a a a a a a a a a a a a a a a a a a a a a a a a a a a a a a a a a a a a a a a a a a a a a a a a a a a a a a a a a a a a a a a a a a a a a a a a a a a a a a a a a a a a a a a a a a a a a a a a a a a a a a a a a a a a a a a a a a a a a a a a a a a a a a a a a a a a a a a a a a a a a a a a a a a a a a a a a a a a a a a a a a a a a a a a a a a a a a a a a a a a a a a a a a a a a a a a a a a a a a a a a a a a a a a a a a a a a a a a a a a a a a a a a a a a a a a a a a a a a a a a a a a a a a a a a a a a a a a a a a a a a a a a a a a a a a a a a a a a a a a a a a a a a a a a a a a a a a a a a a a a a a a a a a a a a a a a a a a a a a a a a a a a a a a a a a a a a a a a a a a a a a a a a a a a a a a a a a a a a a a a a a a a a a a a a a a a a a a a a a a a a a a a a a a a a a a a a a a a a a a a a a a a a a a a a a a a a a a a a a a a a a a a a a a a a a a a a a a a a a ",
          "prompt_token_ids": [
            236746,
            496,
            496,
            496,
            496,
            496,
            496,
            496,
            496,
            496,
            496,
            496,
            496,
            496,
            496,
            496,
            496,
            496,
            496,
            496,
            496,
            496,
            496,
            496,
            496,
            496,
            496,
            496,
            496,
            496,
            496,
            496,
            496,
            496,
            496,
            496,
            496,
            496,
            496,
            496,
            496,
            496,
            496,
            496,
            496,
            496,
            496,
            496,
            496,
            496,
            496,
            496,
            496,
            496,
            496,
            496,
            496,
            496,
            496,
            496,
            496,
            496,
            496,
            496,
            496,
            496,
            496,
            496,
            496,
            496,
            496,
            496,
            496,
            496,
            496,
            496,
            496,
            496,
            496,
            496,
            496,
            496,
            496,
            496,
            496,
            496,
            496,
            496,
            496,
            496,
            496,
            496,
            496,
            496,
            496,
            496,
            496,
            496,
            496,
            496,
            496,
            496,
            496,
            496,
            496,
            496,
            496,
            496,
            496,
            496,
            496,
            496,
            496,
            496,
            496,
            496,
            496,
            496,
            496,
            496,
            496,
            496,
            496,
            496,
            496,
            496,
            496,
            496,
            496,
            496,
            496,
            496,
            496,
            496,
            496,
            496,
            496,
            496,
            496,
            496,
            496,
            496,
            496,
            496,
            496,
            496,
            496,
            496,
            496,
            496,
            496,
            496,
            496,
            496,
            496,
            496,
            496,
            496,
            496,
            496,
            496,
            496,
            496,
            496,
            496,
            496,
            496,
            496,
            496,
            496,
            496,
            496,
            496,
            496,
            496,
            496,
            496,
            496,
            496,
            496,
            496,
            496,
            496,
            496,
            496,
            496,
            496,
            496,
            496,
            496,
            496,
            496,
            496,
            496,
            496,
            496,
            496,
            496,
            496,
            496,
            496,
            496,
            496,
            496,
            496,
            496,
            496,
            496,
            496,
            496,
            496,
            496,
            496,
            496,
            496,
            496,
            496,
            496,
            496,
            496,
            496,
            496,
            496,
            496,
            496,
            496,
            496,
            496,
            496,
            496,
            496,
            496,
            496,
            496,
            496,
            496,
            496,
            496,
            496,
            496,
            496,
            496,
            496,
            496,
            496,
            496,
            496,
            496,
            496,
            496,
            496,
            496,
            496,
            496,
            496,
            496,
            496,
            496,
            496,
            496,
            496,
            496,
            496,
            496,
            496,
            496,
            496,
            496,
            496,
            496,
            496,
            496,
            496,
            496,
            496,
            496,
            496,
            496,
            496,
            496,
            496,
            496,
            496,
            496,
            496,
            496,
            496,
            496,
            496,
            496,
            496,
            496,
            496,
            496,
            496,
            496,
            496,
            496,
            496,
            496,
            496,
            496,
            496,
            496,
            496,
            496,
            496,
            496,
            496,
            496,
            496,
            496,
            496,
            496,
            496,
            496,
            496,
            496,
            496,
            496,
            496,
            496,
            496,
            496,
            496,
            496,
            496,
            496,
            496,
            496,
            496,
            496,
            496,
            496,
            496,
            496,
            496,
            496,
            496,
            496,
            496,
            496,
            496,
            496,
            496,
            496,
            496,
            496,
            496,
            496,
            496,
            496,
            496,
            496,
            496,
            496,
            496,
            496,
            496,
            496,
            496,
            496,
            496,
            496,
            496,
            496,
            496,
            496,
            496,
            496,
            496,
            496,
            496,
            496,
            496,
            496,
            496,
            496,
            496,
            496,
            496,
            496,
            496,
            496,
            496,
            496,
            496,
            496,
            496,
            496,
            496,
            496,
            496,
            496,
            496,
            496,
            496,
            496,
            496,
            496,
            496,
            496,
            496,
            496,
            496,
            496,
            496,
            496,
            496,
            496,
            496,
            496,
            496,
            496,
            496,
            496,
            496,
            496,
            496,
            496,
            496,
            496,
            496,
            496,
            496,
            496,
            496,
            496,
            496,
            496,
            496,
            496,
            496,
            496,
            496,
            496,
            496,
            496,
            496,
            496,
            496,
            496,
            496,
            496,
            496,
            496,
            496,
            496,
            496,
            496,
            496,
            496,
            496,
            496,
            496,
            496,
            496,
            496,
            496,
            496,
            496,
            496,
            496,
            496,
            496,
            496,
            496,
            496,
            496,
            496,
            496,
            496,
            496,
            496,
            496,
            496,
            496,
            496,
            496,
            496,
            496,
            496,
            496,
            496,
            496,
            496,
            496,
            496,
            496,
            496,
            496,
            496,
            496,
            496,
            496,
            496,
            496,
            496,
            496,
            496,
            496,
            496,
            496,
            496,
            496,
            496,
            496,
            496,
            496,
            496,
            496,
            236743
          ],
          "research_dispatch": {
            "counts": {
              "research_global_d512_atlas_mma_r8k32p64t128": 16
            },
            "overflowed": false,
            "schema": "rvllm.metal.research-dispatch.v3"
          },
          "status": "pass",
          "tok_per_s": 2.3499932039959037
        }
      ],
      "checkpoint_complete": true,
      "checkpoint_completed_cases": 3,
      "checkpoint_total_cases": 3,
      "claim": "Apple Metal text inference workflow; not production-ready until acceptance gates pass",
      "command_buffer_wait_ns": 115985107084,
      "command_buffers": 9,
      "cpu_encode_ns": 65468790,
      "cpu_wall_ns": 116050575874,
      "debug_sync": false,
      "decode_ms": 2372.444165,
      "embedding_encoders": 9,
      "encoder_counts_by_kernel_family": {
        "embedding": 9,
        "final_logits_diagnostic": 0,
        "final_sample": 18,
        "layer_body": 4896,
        "layer_scale_fused": 432,
        "ple_input": 0
      },
      "encoders": 4923,
      "final_logits_encoders": 0,
      "final_sample_encoders": 18,
      "forced_waits": 9,
      "generated_tokens": 6,
      "large_model_opt_in": true,
      "last_step_command_buffer_wait_ns": 399681666,
      "last_step_command_buffers": 1,
      "last_step_cpu_encode_ns": 5462418,
      "last_step_cpu_wall_ns": 405144084,
      "last_step_encoders": 580,
      "last_step_forced_waits": 1,
      "last_step_gpu_execution_ns": 399413624,
      "last_step_tokens": 1,
      "layer_encoders": 4896,
      "layer_scale_encoder_fusions": 432,
      "library_compiles": 1,
      "max_supported_total_tokens": 514,
      "metal_compute_dtype": "bfloat16",
      "metal_moe_router_weight_dtype": "bfloat16",
      "metal_weight_dtype": "bfloat16",
      "model_dir": "/Users/george/.cache/huggingface/hub/models--google--gemma-4-12B-it/snapshots/707f0a3b8a3c7ad586ed01e27eafbad8a27dd0f7",
      "pipeline_state_compiles": 53,
      "ple_encoders": 0,
      "prefill_ms": 113678.34162599998,
      "prepare_ms": 17207.390499999998,
      "research_dispatch": {
        "counts": {
          "research_global_d512_atlas_mma_r8k32p64t128": 48
        },
        "overflowed": false,
        "schema": "rvllm.metal.research-dispatch.v3"
      },
      "schema": "rvllm.apple_metal_text_session.v1",
      "status": "pass",
      "tok_per_s": 2.5290373904331696,
      "total_ms": 133263.771958
    }
  ],
  "schema": "rvllm.apple_metal_text_session_profile.v1"
}
