{
  "arena_bytes": 30723244064,
  "backend": "direct",
  "case_count": 4,
  "cases": [
    {
      "command_buffer_wait_ns": 16014172542,
      "command_buffers": 3,
      "cpu_encode_ns": 23009166,
      "cpu_wall_ns": 16037181708,
      "decode_ms": 143.247958,
      "embedding_encoders": 3,
      "encoder_counts_by_kernel_family": {
        "embedding": 3,
        "final_logits_diagnostic": 0,
        "final_sample": 6,
        "layer_body": 1632,
        "layer_scale_fused": 144,
        "ple_input": 0
      },
      "encoders": 1641,
      "final_logits_encoders": 0,
      "final_sample_encoders": 6,
      "finish_reason": "length",
      "forced_waits": 3,
      "generated_text": "11",
      "generated_token_ids": [
        236770,
        236770
      ],
      "hf_reference": null,
      "last_step_command_buffer_wait_ns": 67584125,
      "last_step_command_buffers": 1,
      "last_step_cpu_encode_ns": 2795375,
      "last_step_cpu_wall_ns": 70379500,
      "last_step_encoders": 580,
      "last_step_forced_waits": 1,
      "last_step_gpu_execution_ns": 67383999,
      "last_step_tokens": 1,
      "layer_encoders": 1632,
      "layer_scale_encoder_fusions": 144,
      "library_compiles": 0,
      "max_new_tokens": 2,
      "max_supported_total_tokens": 258,
      "name": "pp256-decode2",
      "output_text": "a a a a a a a a a a a a a a a a a a a a a a a a a a a a a a a a a a a a a a a a a a a a a a a a a a a a a a a a a a a a a a a a a a a a a a a a a a a a a a a a a a a a a a a a a a a a a a a a a a a a a a a a a a a a a a a a a a a a a a a a a a a a a a a a a a a a a a a a a a a a a a a a a a a a a a a a a a a a a a a a a a a a a a a a a a a a a a a a a a a a a a a a a a a a a a a a a a a a a a a a a a a a a a a a a a a a a a a a a a a a a a a a a a a a a a a a a a a a a a a a a a a a a a a a a a a a a a a 11",
      "output_token_ids": [
        236746,
        496,
        496,
        496,
        496,
        496,
        496,
        496,
        496,
        496,
        496,
        496,
        496,
        496,
        496,
        496,
        496,
        496,
        496,
        496,
        496,
        496,
        496,
        496,
        496,
        496,
        496,
        496,
        496,
        496,
        496,
        496,
        496,
        496,
        496,
        496,
        496,
        496,
        496,
        496,
        496,
        496,
        496,
        496,
        496,
        496,
        496,
        496,
        496,
        496,
        496,
        496,
        496,
        496,
        496,
        496,
        496,
        496,
        496,
        496,
        496,
        496,
        496,
        496,
        496,
        496,
        496,
        496,
        496,
        496,
        496,
        496,
        496,
        496,
        496,
        496,
        496,
        496,
        496,
        496,
        496,
        496,
        496,
        496,
        496,
        496,
        496,
        496,
        496,
        496,
        496,
        496,
        496,
        496,
        496,
        496,
        496,
        496,
        496,
        496,
        496,
        496,
        496,
        496,
        496,
        496,
        496,
        496,
        496,
        496,
        496,
        496,
        496,
        496,
        496,
        496,
        496,
        496,
        496,
        496,
        496,
        496,
        496,
        496,
        496,
        496,
        496,
        496,
        496,
        496,
        496,
        496,
        496,
        496,
        496,
        496,
        496,
        496,
        496,
        496,
        496,
        496,
        496,
        496,
        496,
        496,
        496,
        496,
        496,
        496,
        496,
        496,
        496,
        496,
        496,
        496,
        496,
        496,
        496,
        496,
        496,
        496,
        496,
        496,
        496,
        496,
        496,
        496,
        496,
        496,
        496,
        496,
        496,
        496,
        496,
        496,
        496,
        496,
        496,
        496,
        496,
        496,
        496,
        496,
        496,
        496,
        496,
        496,
        496,
        496,
        496,
        496,
        496,
        496,
        496,
        496,
        496,
        496,
        496,
        496,
        496,
        496,
        496,
        496,
        496,
        496,
        496,
        496,
        496,
        496,
        496,
        496,
        496,
        496,
        496,
        496,
        496,
        496,
        496,
        496,
        496,
        496,
        496,
        496,
        496,
        496,
        496,
        496,
        496,
        496,
        496,
        496,
        496,
        496,
        496,
        496,
        496,
        496,
        496,
        496,
        496,
        496,
        496,
        496,
        496,
        496,
        496,
        496,
        496,
        496,
        496,
        496,
        496,
        496,
        496,
        236743,
        236770,
        236770
      ],
      "pipeline_state_compiles": 0,
      "ple_encoders": 0,
      "prefill_ms": 15893.983375,
      "prompt": "a a a a a a a a a a a a a a a a a a a a a a a a a a a a a a a a a a a a a a a a a a a a a a a a a a a a a a a a a a a a a a a a a a a a a a a a a a a a a a a a a a a a a a a a a a a a a a a a a a a a a a a a a a a a a a a a a a a a a a a a a a a a a a a a a a a a a a a a a a a a a a a a a a a a a a a a a a a a a a a a a a a a a a a a a a a a a a a a a a a a a a a a a a a a a a a a a a a a a a a a a a a a a a a a a a a a a a a a a a a a a a a a a a a a a a a a a a a a a a a a a a a a a a a a a a a a a a a ",
      "prompt_token_ids": [
        236746,
        496,
        496,
        496,
        496,
        496,
        496,
        496,
        496,
        496,
        496,
        496,
        496,
        496,
        496,
        496,
        496,
        496,
        496,
        496,
        496,
        496,
        496,
        496,
        496,
        496,
        496,
        496,
        496,
        496,
        496,
        496,
        496,
        496,
        496,
        496,
        496,
        496,
        496,
        496,
        496,
        496,
        496,
        496,
        496,
        496,
        496,
        496,
        496,
        496,
        496,
        496,
        496,
        496,
        496,
        496,
        496,
        496,
        496,
        496,
        496,
        496,
        496,
        496,
        496,
        496,
        496,
        496,
        496,
        496,
        496,
        496,
        496,
        496,
        496,
        496,
        496,
        496,
        496,
        496,
        496,
        496,
        496,
        496,
        496,
        496,
        496,
        496,
        496,
        496,
        496,
        496,
        496,
        496,
        496,
        496,
        496,
        496,
        496,
        496,
        496,
        496,
        496,
        496,
        496,
        496,
        496,
        496,
        496,
        496,
        496,
        496,
        496,
        496,
        496,
        496,
        496,
        496,
        496,
        496,
        496,
        496,
        496,
        496,
        496,
        496,
        496,
        496,
        496,
        496,
        496,
        496,
        496,
        496,
        496,
        496,
        496,
        496,
        496,
        496,
        496,
        496,
        496,
        496,
        496,
        496,
        496,
        496,
        496,
        496,
        496,
        496,
        496,
        496,
        496,
        496,
        496,
        496,
        496,
        496,
        496,
        496,
        496,
        496,
        496,
        496,
        496,
        496,
        496,
        496,
        496,
        496,
        496,
        496,
        496,
        496,
        496,
        496,
        496,
        496,
        496,
        496,
        496,
        496,
        496,
        496,
        496,
        496,
        496,
        496,
        496,
        496,
        496,
        496,
        496,
        496,
        496,
        496,
        496,
        496,
        496,
        496,
        496,
        496,
        496,
        496,
        496,
        496,
        496,
        496,
        496,
        496,
        496,
        496,
        496,
        496,
        496,
        496,
        496,
        496,
        496,
        496,
        496,
        496,
        496,
        496,
        496,
        496,
        496,
        496,
        496,
        496,
        496,
        496,
        496,
        496,
        496,
        496,
        496,
        496,
        496,
        496,
        496,
        496,
        496,
        496,
        496,
        496,
        496,
        496,
        496,
        496,
        496,
        496,
        496,
        236743
      ],
      "research_dispatch": {
        "counts": {
          "research_donor12b_sg8_global_attention": 16,
          "research_donor12b_sg8_local_attention": 80,
          "research_donor12b_sg8_native_gate": 96,
          "research_donor12b_sg8_native_projection": 288
        },
        "overflowed": false,
        "schema": "rvllm.metal.research-dispatch.v5"
      },
      "status": "pass",
      "tok_per_s": 13.961804607364803
    },
    {
      "command_buffer_wait_ns": 30269084542,
      "command_buffers": 3,
      "cpu_encode_ns": 11631167,
      "cpu_wall_ns": 30280715709,
      "decode_ms": 155.898833,
      "embedding_encoders": 3,
      "encoder_counts_by_kernel_family": {
        "embedding": 3,
        "final_logits_diagnostic": 0,
        "final_sample": 6,
        "layer_body": 1632,
        "layer_scale_fused": 144,
        "ple_input": 0
      },
      "encoders": 1641,
      "final_logits_encoders": 0,
      "final_sample_encoders": 6,
      "finish_reason": "length",
      "forced_waits": 3,
      "generated_text": "11",
      "generated_token_ids": [
        236770,
        236770
      ],
      "hf_reference": null,
      "last_step_command_buffer_wait_ns": 73349125,
      "last_step_command_buffers": 1,
      "last_step_cpu_encode_ns": 4568667,
      "last_step_cpu_wall_ns": 77917792,
      "last_step_encoders": 580,
      "last_step_forced_waits": 1,
      "last_step_gpu_execution_ns": 72730874,
      "last_step_tokens": 1,
      "layer_encoders": 1632,
      "layer_scale_encoder_fusions": 144,
      "library_compiles": 0,
      "max_new_tokens": 2,
      "max_supported_total_tokens": 514,
      "name": "pp512-decode2",
      "output_text": "a a a a a a a a a a a a a a a a a a a a a a a a a a a a a a a a a a a a a a a a a a a a a a a a a a a a a a a a a a a a a a a a a a a a a a a a a a a a a a a a a a a a a a a a a a a a a a a a a a a a a a a a a a a a a a a a a a a a a a a a a a a a a a a a a a a a a a a a a a a a a a a a a a a a a a a a a a a a a a a a a a a a a a a a a a a a a a a a a a a a a a a a a a a a a a a a a a a a a a a a a a a a a a a a a a a a a a a a a a a a a a a a a a a a a a a a a a a a a a a a a a a a a a a a a a a a a a a a a a a a a a a a a a a a a a a a a a a a a a a a a a a a a a a a a a a a a a a a a a a a a a a a a a a a a a a a a a a a a a a a a a a a a a a a a a a a a a a a a a a a a a a a a a a a a a a a a a a a a a a a a a a a a a a a a a a a a a a a a a a a a a a a a a a a a a a a a a a a a a a a a a a a a a a a a a a a a a a a a a a a a a a a a a a a a a a a a a a a a a a a a a a a a a a a a a a a a a a a a a a a a a a a a a a a a a a a a a a a a a a a a a a a a a a a a a a a a a a a a a a a a a a a a a a a a a a 11",
      "output_token_ids": [
        236746,
        496,
        496,
        496,
        496,
        496,
        496,
        496,
        496,
        496,
        496,
        496,
        496,
        496,
        496,
        496,
        496,
        496,
        496,
        496,
        496,
        496,
        496,
        496,
        496,
        496,
        496,
        496,
        496,
        496,
        496,
        496,
        496,
        496,
        496,
        496,
        496,
        496,
        496,
        496,
        496,
        496,
        496,
        496,
        496,
        496,
        496,
        496,
        496,
        496,
        496,
        496,
        496,
        496,
        496,
        496,
        496,
        496,
        496,
        496,
        496,
        496,
        496,
        496,
        496,
        496,
        496,
        496,
        496,
        496,
        496,
        496,
        496,
        496,
        496,
        496,
        496,
        496,
        496,
        496,
        496,
        496,
        496,
        496,
        496,
        496,
        496,
        496,
        496,
        496,
        496,
        496,
        496,
        496,
        496,
        496,
        496,
        496,
        496,
        496,
        496,
        496,
        496,
        496,
        496,
        496,
        496,
        496,
        496,
        496,
        496,
        496,
        496,
        496,
        496,
        496,
        496,
        496,
        496,
        496,
        496,
        496,
        496,
        496,
        496,
        496,
        496,
        496,
        496,
        496,
        496,
        496,
        496,
        496,
        496,
        496,
        496,
        496,
        496,
        496,
        496,
        496,
        496,
        496,
        496,
        496,
        496,
        496,
        496,
        496,
        496,
        496,
        496,
        496,
        496,
        496,
        496,
        496,
        496,
        496,
        496,
        496,
        496,
        496,
        496,
        496,
        496,
        496,
        496,
        496,
        496,
        496,
        496,
        496,
        496,
        496,
        496,
        496,
        496,
        496,
        496,
        496,
        496,
        496,
        496,
        496,
        496,
        496,
        496,
        496,
        496,
        496,
        496,
        496,
        496,
        496,
        496,
        496,
        496,
        496,
        496,
        496,
        496,
        496,
        496,
        496,
        496,
        496,
        496,
        496,
        496,
        496,
        496,
        496,
        496,
        496,
        496,
        496,
        496,
        496,
        496,
        496,
        496,
        496,
        496,
        496,
        496,
        496,
        496,
        496,
        496,
        496,
        496,
        496,
        496,
        496,
        496,
        496,
        496,
        496,
        496,
        496,
        496,
        496,
        496,
        496,
        496,
        496,
        496,
        496,
        496,
        496,
        496,
        496,
        496,
        496,
        496,
        496,
        496,
        496,
        496,
        496,
        496,
        496,
        496,
        496,
        496,
        496,
        496,
        496,
        496,
        496,
        496,
        496,
        496,
        496,
        496,
        496,
        496,
        496,
        496,
        496,
        496,
        496,
        496,
        496,
        496,
        496,
        496,
        496,
        496,
        496,
        496,
        496,
        496,
        496,
        496,
        496,
        496,
        496,
        496,
        496,
        496,
        496,
        496,
        496,
        496,
        496,
        496,
        496,
        496,
        496,
        496,
        496,
        496,
        496,
        496,
        496,
        496,
        496,
        496,
        496,
        496,
        496,
        496,
        496,
        496,
        496,
        496,
        496,
        496,
        496,
        496,
        496,
        496,
        496,
        496,
        496,
        496,
        496,
        496,
        496,
        496,
        496,
        496,
        496,
        496,
        496,
        496,
        496,
        496,
        496,
        496,
        496,
        496,
        496,
        496,
        496,
        496,
        496,
        496,
        496,
        496,
        496,
        496,
        496,
        496,
        496,
        496,
        496,
        496,
        496,
        496,
        496,
        496,
        496,
        496,
        496,
        496,
        496,
        496,
        496,
        496,
        496,
        496,
        496,
        496,
        496,
        496,
        496,
        496,
        496,
        496,
        496,
        496,
        496,
        496,
        496,
        496,
        496,
        496,
        496,
        496,
        496,
        496,
        496,
        496,
        496,
        496,
        496,
        496,
        496,
        496,
        496,
        496,
        496,
        496,
        496,
        496,
        496,
        496,
        496,
        496,
        496,
        496,
        496,
        496,
        496,
        496,
        496,
        496,
        496,
        496,
        496,
        496,
        496,
        496,
        496,
        496,
        496,
        496,
        496,
        496,
        496,
        496,
        496,
        496,
        496,
        496,
        496,
        496,
        496,
        496,
        496,
        496,
        496,
        496,
        496,
        496,
        496,
        496,
        496,
        496,
        496,
        496,
        496,
        496,
        496,
        496,
        496,
        496,
        496,
        496,
        496,
        496,
        496,
        496,
        496,
        496,
        496,
        496,
        496,
        496,
        496,
        496,
        496,
        496,
        496,
        496,
        496,
        496,
        496,
        496,
        496,
        496,
        496,
        496,
        496,
        496,
        496,
        496,
        496,
        496,
        496,
        496,
        496,
        496,
        496,
        496,
        496,
        496,
        236743,
        236770,
        236770
      ],
      "pipeline_state_compiles": 0,
      "ple_encoders": 0,
      "prefill_ms": 30124.863542,
      "prompt": "a a a a a a a a a a a a a a a a a a a a a a a a a a a a a a a a a a a a a a a a a a a a a a a a a a a a a a a a a a a a a a a a a a a a a a a a a a a a a a a a a a a a a a a a a a a a a a a a a a a a a a a a a a a a a a a a a a a a a a a a a a a a a a a a a a a a a a a a a a a a a a a a a a a a a a a a a a a a a a a a a a a a a a a a a a a a a a a a a a a a a a a a a a a a a a a a a a a a a a a a a a a a a a a a a a a a a a a a a a a a a a a a a a a a a a a a a a a a a a a a a a a a a a a a a a a a a a a a a a a a a a a a a a a a a a a a a a a a a a a a a a a a a a a a a a a a a a a a a a a a a a a a a a a a a a a a a a a a a a a a a a a a a a a a a a a a a a a a a a a a a a a a a a a a a a a a a a a a a a a a a a a a a a a a a a a a a a a a a a a a a a a a a a a a a a a a a a a a a a a a a a a a a a a a a a a a a a a a a a a a a a a a a a a a a a a a a a a a a a a a a a a a a a a a a a a a a a a a a a a a a a a a a a a a a a a a a a a a a a a a a a a a a a a a a a a a a a a a a a a a a a a a a a a a a a a ",
      "prompt_token_ids": [
        236746,
        496,
        496,
        496,
        496,
        496,
        496,
        496,
        496,
        496,
        496,
        496,
        496,
        496,
        496,
        496,
        496,
        496,
        496,
        496,
        496,
        496,
        496,
        496,
        496,
        496,
        496,
        496,
        496,
        496,
        496,
        496,
        496,
        496,
        496,
        496,
        496,
        496,
        496,
        496,
        496,
        496,
        496,
        496,
        496,
        496,
        496,
        496,
        496,
        496,
        496,
        496,
        496,
        496,
        496,
        496,
        496,
        496,
        496,
        496,
        496,
        496,
        496,
        496,
        496,
        496,
        496,
        496,
        496,
        496,
        496,
        496,
        496,
        496,
        496,
        496,
        496,
        496,
        496,
        496,
        496,
        496,
        496,
        496,
        496,
        496,
        496,
        496,
        496,
        496,
        496,
        496,
        496,
        496,
        496,
        496,
        496,
        496,
        496,
        496,
        496,
        496,
        496,
        496,
        496,
        496,
        496,
        496,
        496,
        496,
        496,
        496,
        496,
        496,
        496,
        496,
        496,
        496,
        496,
        496,
        496,
        496,
        496,
        496,
        496,
        496,
        496,
        496,
        496,
        496,
        496,
        496,
        496,
        496,
        496,
        496,
        496,
        496,
        496,
        496,
        496,
        496,
        496,
        496,
        496,
        496,
        496,
        496,
        496,
        496,
        496,
        496,
        496,
        496,
        496,
        496,
        496,
        496,
        496,
        496,
        496,
        496,
        496,
        496,
        496,
        496,
        496,
        496,
        496,
        496,
        496,
        496,
        496,
        496,
        496,
        496,
        496,
        496,
        496,
        496,
        496,
        496,
        496,
        496,
        496,
        496,
        496,
        496,
        496,
        496,
        496,
        496,
        496,
        496,
        496,
        496,
        496,
        496,
        496,
        496,
        496,
        496,
        496,
        496,
        496,
        496,
        496,
        496,
        496,
        496,
        496,
        496,
        496,
        496,
        496,
        496,
        496,
        496,
        496,
        496,
        496,
        496,
        496,
        496,
        496,
        496,
        496,
        496,
        496,
        496,
        496,
        496,
        496,
        496,
        496,
        496,
        496,
        496,
        496,
        496,
        496,
        496,
        496,
        496,
        496,
        496,
        496,
        496,
        496,
        496,
        496,
        496,
        496,
        496,
        496,
        496,
        496,
        496,
        496,
        496,
        496,
        496,
        496,
        496,
        496,
        496,
        496,
        496,
        496,
        496,
        496,
        496,
        496,
        496,
        496,
        496,
        496,
        496,
        496,
        496,
        496,
        496,
        496,
        496,
        496,
        496,
        496,
        496,
        496,
        496,
        496,
        496,
        496,
        496,
        496,
        496,
        496,
        496,
        496,
        496,
        496,
        496,
        496,
        496,
        496,
        496,
        496,
        496,
        496,
        496,
        496,
        496,
        496,
        496,
        496,
        496,
        496,
        496,
        496,
        496,
        496,
        496,
        496,
        496,
        496,
        496,
        496,
        496,
        496,
        496,
        496,
        496,
        496,
        496,
        496,
        496,
        496,
        496,
        496,
        496,
        496,
        496,
        496,
        496,
        496,
        496,
        496,
        496,
        496,
        496,
        496,
        496,
        496,
        496,
        496,
        496,
        496,
        496,
        496,
        496,
        496,
        496,
        496,
        496,
        496,
        496,
        496,
        496,
        496,
        496,
        496,
        496,
        496,
        496,
        496,
        496,
        496,
        496,
        496,
        496,
        496,
        496,
        496,
        496,
        496,
        496,
        496,
        496,
        496,
        496,
        496,
        496,
        496,
        496,
        496,
        496,
        496,
        496,
        496,
        496,
        496,
        496,
        496,
        496,
        496,
        496,
        496,
        496,
        496,
        496,
        496,
        496,
        496,
        496,
        496,
        496,
        496,
        496,
        496,
        496,
        496,
        496,
        496,
        496,
        496,
        496,
        496,
        496,
        496,
        496,
        496,
        496,
        496,
        496,
        496,
        496,
        496,
        496,
        496,
        496,
        496,
        496,
        496,
        496,
        496,
        496,
        496,
        496,
        496,
        496,
        496,
        496,
        496,
        496,
        496,
        496,
        496,
        496,
        496,
        496,
        496,
        496,
        496,
        496,
        496,
        496,
        496,
        496,
        496,
        496,
        496,
        496,
        496,
        496,
        496,
        496,
        496,
        496,
        496,
        496,
        496,
        496,
        496,
        496,
        496,
        496,
        496,
        496,
        496,
        496,
        496,
        496,
        496,
        496,
        496,
        496,
        496,
        496,
        496,
        496,
        496,
        496,
        496,
        496,
        496,
        496,
        496,
        496,
        496,
        496,
        496,
        236743
      ],
      "research_dispatch": {
        "counts": {
          "research_donor12b_sg8_global_attention": 16,
          "research_donor12b_sg8_local_attention": 80,
          "research_donor12b_sg8_native_gate": 96,
          "research_donor12b_sg8_native_projection": 288
        },
        "overflowed": false,
        "schema": "rvllm.metal.research-dispatch.v5"
      },
      "status": "pass",
      "tok_per_s": 12.82883240056069
    },
    {
      "command_buffer_wait_ns": 59326565083,
      "command_buffers": 3,
      "cpu_encode_ns": 13892251,
      "cpu_wall_ns": 59340457334,
      "decode_ms": 172.1055,
      "embedding_encoders": 3,
      "encoder_counts_by_kernel_family": {
        "embedding": 3,
        "final_logits_diagnostic": 0,
        "final_sample": 6,
        "layer_body": 1632,
        "layer_scale_fused": 144,
        "ple_input": 0
      },
      "encoders": 1641,
      "final_logits_encoders": 0,
      "final_sample_encoders": 6,
      "finish_reason": "length",
      "forced_waits": 3,
      "generated_text": "11",
      "generated_token_ids": [
        236770,
        236770
      ],
      "hf_reference": null,
      "last_step_command_buffer_wait_ns": 80711125,
      "last_step_command_buffers": 1,
      "last_step_cpu_encode_ns": 5369875,
      "last_step_cpu_wall_ns": 86081000,
      "last_step_encoders": 580,
      "last_step_forced_waits": 1,
      "last_step_gpu_execution_ns": 80075166,
      "last_step_tokens": 1,
      "layer_encoders": 1632,
      "layer_scale_encoder_fusions": 144,
      "library_compiles": 0,
      "max_new_tokens": 2,
      "max_supported_total_tokens": 1026,
      "name": "pp1024-decode2",
      "output_text": "a a a a a a a a a a a a a a a a a a a a a a a a a a a a a a a a a a a a a a a a a a a a a a a a a a a a a a a a a a a a a a a a a a a a a a a a a a a a a a a a a a a a a a a a a a a a a a a a a a a a a a a a a a a a a a a a a a a a a a a a a a a a a a a a a a a a a a a a a a a a a a a a a a a a a a a a a a a a a a a a a a a a a a a a a a a a a a a a a a a a a a a a a a a a a a a a a a a a a a a a a a a a a a a a a a a a a a a a a a a a a a a a a a a a a a a a a a a a a a a a a a a a a a a a a a a a a a a a a a a a a a a a a a a a a a a a a a a a a a a a a a a a a a a a a a a a a a a a a a a a a a a a a a a a a a a a a a a a a a a a a a a a a a a a a a a a a a a a a a a a a a a a a a a a a a a a a a a a a a a a a a a a a a a a a a a a a a a a a a a a a a a a a a a a a a a a a a a a a a a a a a a a a a a a a a a a a a a a a a a a a a a a a a a a a a a a a a a a a a a a a a a a a a a a a a a a a a a a a a a a a a a a a a a a a a a a a a a a a a a a a a a a a a a a a a a a a a a a a a a a a a a a a a a a a a a a a a a a a a a a a a a a a a a a a a a a a a a a a a a a a a a a a a a a a a a a a a a a a a a a a a a a a a a a a a a a a a a a a a a a a a a a a a a a a a a a a a a a a a a a a a a a a a a a a a a a a a a a a a a a a a a a a a a a a a a a a a a a a a a a a a a a a a a a a a a a a a a a a a a a a a a a a a a a a a a a a a a a a a a a a a a a a a a a a a a a a a a a a a a a a a a a a a a a a a a a a a a a a a a a a a a a a a a a a a a a a a a a a a a a a a a a a a a a a a a a a a a a a a a a a a a a a a a a a a a a a a a a a a a a a a a a a a a a a a a a a a a a a a a a a a a a a a a a a a a a a a a a a a a a a a a a a a a a a a a a a a a a a a a a a a a a a a a a a a a a a a a a a a a a a a a a a a a a a a a a a a a a a a a a a a a a a a a a a a a a a a a a a a a a a a a a a a a a a a a a a a a a a a a a a a a a a a a a a a a a a a a a a a a a a a a a a a a a a a a a a a a a a a a a a a a a a a a a a a a a a a a a a a a a a a a a a a a a a a a a a a a a a a a a a a a a a a a a a a a a a a a a a a a a a a a 11",
      "output_token_ids": [
        236746,
        496,
        496,
        496,
        496,
        496,
        496,
        496,
        496,
        496,
        496,
        496,
        496,
        496,
        496,
        496,
        496,
        496,
        496,
        496,
        496,
        496,
        496,
        496,
        496,
        496,
        496,
        496,
        496,
        496,
        496,
        496,
        496,
        496,
        496,
        496,
        496,
        496,
        496,
        496,
        496,
        496,
        496,
        496,
        496,
        496,
        496,
        496,
        496,
        496,
        496,
        496,
        496,
        496,
        496,
        496,
        496,
        496,
        496,
        496,
        496,
        496,
        496,
        496,
        496,
        496,
        496,
        496,
        496,
        496,
        496,
        496,
        496,
        496,
        496,
        496,
        496,
        496,
        496,
        496,
        496,
        496,
        496,
        496,
        496,
        496,
        496,
        496,
        496,
        496,
        496,
        496,
        496,
        496,
        496,
        496,
        496,
        496,
        496,
        496,
        496,
        496,
        496,
        496,
        496,
        496,
        496,
        496,
        496,
        496,
        496,
        496,
        496,
        496,
        496,
        496,
        496,
        496,
        496,
        496,
        496,
        496,
        496,
        496,
        496,
        496,
        496,
        496,
        496,
        496,
        496,
        496,
        496,
        496,
        496,
        496,
        496,
        496,
        496,
        496,
        496,
        496,
        496,
        496,
        496,
        496,
        496,
        496,
        496,
        496,
        496,
        496,
        496,
        496,
        496,
        496,
        496,
        496,
        496,
        496,
        496,
        496,
        496,
        496,
        496,
        496,
        496,
        496,
        496,
        496,
        496,
        496,
        496,
        496,
        496,
        496,
        496,
        496,
        496,
        496,
        496,
        496,
        496,
        496,
        496,
        496,
        496,
        496,
        496,
        496,
        496,
        496,
        496,
        496,
        496,
        496,
        496,
        496,
        496,
        496,
        496,
        496,
        496,
        496,
        496,
        496,
        496,
        496,
        496,
        496,
        496,
        496,
        496,
        496,
        496,
        496,
        496,
        496,
        496,
        496,
        496,
        496,
        496,
        496,
        496,
        496,
        496,
        496,
        496,
        496,
        496,
        496,
        496,
        496,
        496,
        496,
        496,
        496,
        496,
        496,
        496,
        496,
        496,
        496,
        496,
        496,
        496,
        496,
        496,
        496,
        496,
        496,
        496,
        496,
        496,
        496,
        496,
        496,
        496,
        496,
        496,
        496,
        496,
        496,
        496,
        496,
        496,
        496,
        496,
        496,
        496,
        496,
        496,
        496,
        496,
        496,
        496,
        496,
        496,
        496,
        496,
        496,
        496,
        496,
        496,
        496,
        496,
        496,
        496,
        496,
        496,
        496,
        496,
        496,
        496,
        496,
        496,
        496,
        496,
        496,
        496,
        496,
        496,
        496,
        496,
        496,
        496,
        496,
        496,
        496,
        496,
        496,
        496,
        496,
        496,
        496,
        496,
        496,
        496,
        496,
        496,
        496,
        496,
        496,
        496,
        496,
        496,
        496,
        496,
        496,
        496,
        496,
        496,
        496,
        496,
        496,
        496,
        496,
        496,
        496,
        496,
        496,
        496,
        496,
        496,
        496,
        496,
        496,
        496,
        496,
        496,
        496,
        496,
        496,
        496,
        496,
        496,
        496,
        496,
        496,
        496,
        496,
        496,
        496,
        496,
        496,
        496,
        496,
        496,
        496,
        496,
        496,
        496,
        496,
        496,
        496,
        496,
        496,
        496,
        496,
        496,
        496,
        496,
        496,
        496,
        496,
        496,
        496,
        496,
        496,
        496,
        496,
        496,
        496,
        496,
        496,
        496,
        496,
        496,
        496,
        496,
        496,
        496,
        496,
        496,
        496,
        496,
        496,
        496,
        496,
        496,
        496,
        496,
        496,
        496,
        496,
        496,
        496,
        496,
        496,
        496,
        496,
        496,
        496,
        496,
        496,
        496,
        496,
        496,
        496,
        496,
        496,
        496,
        496,
        496,
        496,
        496,
        496,
        496,
        496,
        496,
        496,
        496,
        496,
        496,
        496,
        496,
        496,
        496,
        496,
        496,
        496,
        496,
        496,
        496,
        496,
        496,
        496,
        496,
        496,
        496,
        496,
        496,
        496,
        496,
        496,
        496,
        496,
        496,
        496,
        496,
        496,
        496,
        496,
        496,
        496,
        496,
        496,
        496,
        496,
        496,
        496,
        496,
        496,
        496,
        496,
        496,
        496,
        496,
        496,
        496,
        496,
        496,
        496,
        496,
        496,
        496,
        496,
        496,
        496,
        496,
        496,
        496,
        496,
        496,
        496,
        496,
        496,
        496,
        496,
        496,
        496,
        496,
        496,
        496,
        496,
        496,
        496,
        496,
        496,
        496,
        496,
        496,
        496,
        496,
        496,
        496,
        496,
        496,
        496,
        496,
        496,
        496,
        496,
        496,
        496,
        496,
        496,
        496,
        496,
        496,
        496,
        496,
        496,
        496,
        496,
        496,
        496,
        496,
        496,
        496,
        496,
        496,
        496,
        496,
        496,
        496,
        496,
        496,
        496,
        496,
        496,
        496,
        496,
        496,
        496,
        496,
        496,
        496,
        496,
        496,
        496,
        496,
        496,
        496,
        496,
        496,
        496,
        496,
        496,
        496,
        496,
        496,
        496,
        496,
        496,
        496,
        496,
        496,
        496,
        496,
        496,
        496,
        496,
        496,
        496,
        496,
        496,
        496,
        496,
        496,
        496,
        496,
        496,
        496,
        496,
        496,
        496,
        496,
        496,
        496,
        496,
        496,
        496,
        496,
        496,
        496,
        496,
        496,
        496,
        496,
        496,
        496,
        496,
        496,
        496,
        496,
        496,
        496,
        496,
        496,
        496,
        496,
        496,
        496,
        496,
        496,
        496,
        496,
        496,
        496,
        496,
        496,
        496,
        496,
        496,
        496,
        496,
        496,
        496,
        496,
        496,
        496,
        496,
        496,
        496,
        496,
        496,
        496,
        496,
        496,
        496,
        496,
        496,
        496,
        496,
        496,
        496,
        496,
        496,
        496,
        496,
        496,
        496,
        496,
        496,
        496,
        496,
        496,
        496,
        496,
        496,
        496,
        496,
        496,
        496,
        496,
        496,
        496,
        496,
        496,
        496,
        496,
        496,
        496,
        496,
        496,
        496,
        496,
        496,
        496,
        496,
        496,
        496,
        496,
        496,
        496,
        496,
        496,
        496,
        496,
        496,
        496,
        496,
        496,
        496,
        496,
        496,
        496,
        496,
        496,
        496,
        496,
        496,
        496,
        496,
        496,
        496,
        496,
        496,
        496,
        496,
        496,
        496,
        496,
        496,
        496,
        496,
        496,
        496,
        496,
        496,
        496,
        496,
        496,
        496,
        496,
        496,
        496,
        496,
        496,
        496,
        496,
        496,
        496,
        496,
        496,
        496,
        496,
        496,
        496,
        496,
        496,
        496,
        496,
        496,
        496,
        496,
        496,
        496,
        496,
        496,
        496,
        496,
        496,
        496,
        496,
        496,
        496,
        496,
        496,
        496,
        496,
        496,
        496,
        496,
        496,
        496,
        496,
        496,
        496,
        496,
        496,
        496,
        496,
        496,
        496,
        496,
        496,
        496,
        496,
        496,
        496,
        496,
        496,
        496,
        496,
        496,
        496,
        496,
        496,
        496,
        496,
        496,
        496,
        496,
        496,
        496,
        496,
        496,
        496,
        496,
        496,
        496,
        496,
        496,
        496,
        496,
        496,
        496,
        496,
        496,
        496,
        496,
        496,
        496,
        496,
        496,
        496,
        496,
        496,
        496,
        496,
        496,
        496,
        496,
        496,
        496,
        496,
        496,
        496,
        496,
        496,
        496,
        496,
        496,
        496,
        496,
        496,
        496,
        496,
        496,
        496,
        496,
        496,
        496,
        496,
        496,
        496,
        496,
        496,
        496,
        496,
        496,
        496,
        496,
        496,
        496,
        496,
        496,
        496,
        496,
        496,
        496,
        496,
        496,
        496,
        496,
        496,
        496,
        496,
        496,
        496,
        496,
        496,
        496,
        496,
        496,
        496,
        496,
        496,
        496,
        496,
        496,
        496,
        496,
        496,
        496,
        496,
        496,
        496,
        496,
        496,
        496,
        496,
        496,
        496,
        496,
        496,
        496,
        496,
        496,
        496,
        496,
        496,
        496,
        496,
        496,
        496,
        496,
        496,
        496,
        496,
        496,
        496,
        496,
        496,
        496,
        496,
        496,
        496,
        496,
        496,
        496,
        496,
        496,
        496,
        496,
        496,
        496,
        496,
        496,
        496,
        496,
        496,
        496,
        496,
        496,
        496,
        496,
        496,
        496,
        496,
        496,
        496,
        496,
        496,
        496,
        496,
        496,
        496,
        496,
        496,
        496,
        496,
        496,
        496,
        496,
        496,
        496,
        496,
        496,
        496,
        496,
        496,
        496,
        496,
        496,
        496,
        496,
        496,
        496,
        496,
        496,
        496,
        496,
        496,
        496,
        496,
        496,
        496,
        496,
        496,
        496,
        496,
        496,
        496,
        496,
        496,
        496,
        496,
        496,
        496,
        496,
        496,
        496,
        496,
        496,
        496,
        496,
        496,
        496,
        496,
        236743,
        236770,
        236770
      ],
      "pipeline_state_compiles": 0,
      "ple_encoders": 0,
      "prefill_ms": 59168.428042,
      "prompt": "a a a a a a a a a a a a a a a a a a a a a a a a a a a a a a a a a a a a a a a a a a a a a a a a a a a a a a a a a a a a a a a a a a a a a a a a a a a a a a a a a a a a a a a a a a a a a a a a a a a a a a a a a a a a a a a a a a a a a a a a a a a a a a a a a a a a a a a a a a a a a a a a a a a a a a a a a a a a a a a a a a a a a a a a a a a a a a a a a a a a a a a a a a a a a a a a a a a a a a a a a a a a a a a a a a a a a a a a a a a a a a a a a a a a a a a a a a a a a a a a a a a a a a a a a a a a a a a a a a a a a a a a a a a a a a a a a a a a a a a a a a a a a a a a a a a a a a a a a a a a a a a a a a a a a a a a a a a a a a a a a a a a a a a a a a a a a a a a a a a a a a a a a a a a a a a a a a a a a a a a a a a a a a a a a a a a a a a a a a a a a a a a a a a a a a a a a a a a a a a a a a a a a a a a a a a a a a a a a a a a a a a a a a a a a a a a a a a a a a a a a a a a a a a a a a a a a a a a a a a a a a a a a a a a a a a a a a a a a a a a a a a a a a a a a a a a a a a a a a a a a a a a a a a a a a a a a a a a a a a a a a a a a a a a a a a a a a a a a a a a a a a a a a a a a a a a a a a a a a a a a a a a a a a a a a a a a a a a a a a a a a a a a a a a a a a a a a a a a a a a a a a a a a a a a a a a a a a a a a a a a a a a a a a a a a a a a a a a a a a a a a a a a a a a a a a a a a a a a a a a a a a a a a a a a a a a a a a a a a a a a a a a a a a a a a a a a a a a a a a a a a a a a a a a a a a a a a a a a a a a a a a a a a a a a a a a a a a a a a a a a a a a a a a a a a a a a a a a a a a a a a a a a a a a a a a a a a a a a a a a a a a a a a a a a a a a a a a a a a a a a a a a a a a a a a a a a a a a a a a a a a a a a a a a a a a a a a a a a a a a a a a a a a a a a a a a a a a a a a a a a a a a a a a a a a a a a a a a a a a a a a a a a a a a a a a a a a a a a a a a a a a a a a a a a a a a a a a a a a a a a a a a a a a a a a a a a a a a a a a a a a a a a a a a a a a a a a a a a a a a a a a a a a a a a a a a a a a a a a a a a a a a a a a a a a a a a a a a a a a a a a a a a a a a a a a a a a a a a a a a a a a ",
      "prompt_token_ids": [
        236746,
        496,
        496,
        496,
        496,
        496,
        496,
        496,
        496,
        496,
        496,
        496,
        496,
        496,
        496,
        496,
        496,
        496,
        496,
        496,
        496,
        496,
        496,
        496,
        496,
        496,
        496,
        496,
        496,
        496,
        496,
        496,
        496,
        496,
        496,
        496,
        496,
        496,
        496,
        496,
        496,
        496,
        496,
        496,
        496,
        496,
        496,
        496,
        496,
        496,
        496,
        496,
        496,
        496,
        496,
        496,
        496,
        496,
        496,
        496,
        496,
        496,
        496,
        496,
        496,
        496,
        496,
        496,
        496,
        496,
        496,
        496,
        496,
        496,
        496,
        496,
        496,
        496,
        496,
        496,
        496,
        496,
        496,
        496,
        496,
        496,
        496,
        496,
        496,
        496,
        496,
        496,
        496,
        496,
        496,
        496,
        496,
        496,
        496,
        496,
        496,
        496,
        496,
        496,
        496,
        496,
        496,
        496,
        496,
        496,
        496,
        496,
        496,
        496,
        496,
        496,
        496,
        496,
        496,
        496,
        496,
        496,
        496,
        496,
        496,
        496,
        496,
        496,
        496,
        496,
        496,
        496,
        496,
        496,
        496,
        496,
        496,
        496,
        496,
        496,
        496,
        496,
        496,
        496,
        496,
        496,
        496,
        496,
        496,
        496,
        496,
        496,
        496,
        496,
        496,
        496,
        496,
        496,
        496,
        496,
        496,
        496,
        496,
        496,
        496,
        496,
        496,
        496,
        496,
        496,
        496,
        496,
        496,
        496,
        496,
        496,
        496,
        496,
        496,
        496,
        496,
        496,
        496,
        496,
        496,
        496,
        496,
        496,
        496,
        496,
        496,
        496,
        496,
        496,
        496,
        496,
        496,
        496,
        496,
        496,
        496,
        496,
        496,
        496,
        496,
        496,
        496,
        496,
        496,
        496,
        496,
        496,
        496,
        496,
        496,
        496,
        496,
        496,
        496,
        496,
        496,
        496,
        496,
        496,
        496,
        496,
        496,
        496,
        496,
        496,
        496,
        496,
        496,
        496,
        496,
        496,
        496,
        496,
        496,
        496,
        496,
        496,
        496,
        496,
        496,
        496,
        496,
        496,
        496,
        496,
        496,
        496,
        496,
        496,
        496,
        496,
        496,
        496,
        496,
        496,
        496,
        496,
        496,
        496,
        496,
        496,
        496,
        496,
        496,
        496,
        496,
        496,
        496,
        496,
        496,
        496,
        496,
        496,
        496,
        496,
        496,
        496,
        496,
        496,
        496,
        496,
        496,
        496,
        496,
        496,
        496,
        496,
        496,
        496,
        496,
        496,
        496,
        496,
        496,
        496,
        496,
        496,
        496,
        496,
        496,
        496,
        496,
        496,
        496,
        496,
        496,
        496,
        496,
        496,
        496,
        496,
        496,
        496,
        496,
        496,
        496,
        496,
        496,
        496,
        496,
        496,
        496,
        496,
        496,
        496,
        496,
        496,
        496,
        496,
        496,
        496,
        496,
        496,
        496,
        496,
        496,
        496,
        496,
        496,
        496,
        496,
        496,
        496,
        496,
        496,
        496,
        496,
        496,
        496,
        496,
        496,
        496,
        496,
        496,
        496,
        496,
        496,
        496,
        496,
        496,
        496,
        496,
        496,
        496,
        496,
        496,
        496,
        496,
        496,
        496,
        496,
        496,
        496,
        496,
        496,
        496,
        496,
        496,
        496,
        496,
        496,
        496,
        496,
        496,
        496,
        496,
        496,
        496,
        496,
        496,
        496,
        496,
        496,
        496,
        496,
        496,
        496,
        496,
        496,
        496,
        496,
        496,
        496,
        496,
        496,
        496,
        496,
        496,
        496,
        496,
        496,
        496,
        496,
        496,
        496,
        496,
        496,
        496,
        496,
        496,
        496,
        496,
        496,
        496,
        496,
        496,
        496,
        496,
        496,
        496,
        496,
        496,
        496,
        496,
        496,
        496,
        496,
        496,
        496,
        496,
        496,
        496,
        496,
        496,
        496,
        496,
        496,
        496,
        496,
        496,
        496,
        496,
        496,
        496,
        496,
        496,
        496,
        496,
        496,
        496,
        496,
        496,
        496,
        496,
        496,
        496,
        496,
        496,
        496,
        496,
        496,
        496,
        496,
        496,
        496,
        496,
        496,
        496,
        496,
        496,
        496,
        496,
        496,
        496,
        496,
        496,
        496,
        496,
        496,
        496,
        496,
        496,
        496,
        496,
        496,
        496,
        496,
        496,
        496,
        496,
        496,
        496,
        496,
        496,
        496,
        496,
        496,
        496,
        496,
        496,
        496,
        496,
        496,
        496,
        496,
        496,
        496,
        496,
        496,
        496,
        496,
        496,
        496,
        496,
        496,
        496,
        496,
        496,
        496,
        496,
        496,
        496,
        496,
        496,
        496,
        496,
        496,
        496,
        496,
        496,
        496,
        496,
        496,
        496,
        496,
        496,
        496,
        496,
        496,
        496,
        496,
        496,
        496,
        496,
        496,
        496,
        496,
        496,
        496,
        496,
        496,
        496,
        496,
        496,
        496,
        496,
        496,
        496,
        496,
        496,
        496,
        496,
        496,
        496,
        496,
        496,
        496,
        496,
        496,
        496,
        496,
        496,
        496,
        496,
        496,
        496,
        496,
        496,
        496,
        496,
        496,
        496,
        496,
        496,
        496,
        496,
        496,
        496,
        496,
        496,
        496,
        496,
        496,
        496,
        496,
        496,
        496,
        496,
        496,
        496,
        496,
        496,
        496,
        496,
        496,
        496,
        496,
        496,
        496,
        496,
        496,
        496,
        496,
        496,
        496,
        496,
        496,
        496,
        496,
        496,
        496,
        496,
        496,
        496,
        496,
        496,
        496,
        496,
        496,
        496,
        496,
        496,
        496,
        496,
        496,
        496,
        496,
        496,
        496,
        496,
        496,
        496,
        496,
        496,
        496,
        496,
        496,
        496,
        496,
        496,
        496,
        496,
        496,
        496,
        496,
        496,
        496,
        496,
        496,
        496,
        496,
        496,
        496,
        496,
        496,
        496,
        496,
        496,
        496,
        496,
        496,
        496,
        496,
        496,
        496,
        496,
        496,
        496,
        496,
        496,
        496,
        496,
        496,
        496,
        496,
        496,
        496,
        496,
        496,
        496,
        496,
        496,
        496,
        496,
        496,
        496,
        496,
        496,
        496,
        496,
        496,
        496,
        496,
        496,
        496,
        496,
        496,
        496,
        496,
        496,
        496,
        496,
        496,
        496,
        496,
        496,
        496,
        496,
        496,
        496,
        496,
        496,
        496,
        496,
        496,
        496,
        496,
        496,
        496,
        496,
        496,
        496,
        496,
        496,
        496,
        496,
        496,
        496,
        496,
        496,
        496,
        496,
        496,
        496,
        496,
        496,
        496,
        496,
        496,
        496,
        496,
        496,
        496,
        496,
        496,
        496,
        496,
        496,
        496,
        496,
        496,
        496,
        496,
        496,
        496,
        496,
        496,
        496,
        496,
        496,
        496,
        496,
        496,
        496,
        496,
        496,
        496,
        496,
        496,
        496,
        496,
        496,
        496,
        496,
        496,
        496,
        496,
        496,
        496,
        496,
        496,
        496,
        496,
        496,
        496,
        496,
        496,
        496,
        496,
        496,
        496,
        496,
        496,
        496,
        496,
        496,
        496,
        496,
        496,
        496,
        496,
        496,
        496,
        496,
        496,
        496,
        496,
        496,
        496,
        496,
        496,
        496,
        496,
        496,
        496,
        496,
        496,
        496,
        496,
        496,
        496,
        496,
        496,
        496,
        496,
        496,
        496,
        496,
        496,
        496,
        496,
        496,
        496,
        496,
        496,
        496,
        496,
        496,
        496,
        496,
        496,
        496,
        496,
        496,
        496,
        496,
        496,
        496,
        496,
        496,
        496,
        496,
        496,
        496,
        496,
        496,
        496,
        496,
        496,
        496,
        496,
        496,
        496,
        496,
        496,
        496,
        496,
        496,
        496,
        496,
        496,
        496,
        496,
        496,
        496,
        496,
        496,
        496,
        496,
        496,
        496,
        496,
        496,
        496,
        496,
        496,
        496,
        496,
        496,
        496,
        496,
        496,
        496,
        496,
        496,
        496,
        496,
        496,
        496,
        496,
        496,
        496,
        496,
        496,
        496,
        496,
        496,
        496,
        496,
        496,
        496,
        496,
        496,
        496,
        496,
        496,
        496,
        496,
        496,
        496,
        496,
        496,
        496,
        496,
        496,
        496,
        496,
        496,
        496,
        496,
        496,
        496,
        496,
        496,
        496,
        496,
        496,
        496,
        496,
        496,
        496,
        496,
        496,
        496,
        496,
        496,
        496,
        496,
        496,
        496,
        496,
        496,
        496,
        496,
        496,
        496,
        496,
        496,
        496,
        496,
        496,
        496,
        496,
        496,
        496,
        496,
        496,
        496,
        496,
        496,
        496,
        496,
        496,
        496,
        496,
        496,
        496,
        496,
        496,
        496,
        496,
        496,
        496,
        496,
        496,
        496,
        496,
        496,
        496,
        496,
        496,
        496,
        496,
        496,
        496,
        496,
        496,
        496,
        236743
      ],
      "research_dispatch": {
        "counts": {
          "research_donor12b_sg8_global_attention": 16,
          "research_donor12b_sg8_local_attention": 80,
          "research_donor12b_sg8_native_gate": 96,
          "research_donor12b_sg8_native_projection": 288
        },
        "overflowed": false,
        "schema": "rvllm.metal.research-dispatch.v5"
      },
      "status": "pass",
      "tok_per_s": 11.620779115135775
    },
    {
      "command_buffer_wait_ns": 132057317042,
      "command_buffers": 3,
      "cpu_encode_ns": 15446291,
      "cpu_wall_ns": 132072763333,
      "decode_ms": 200.095625,
      "embedding_encoders": 3,
      "encoder_counts_by_kernel_family": {
        "embedding": 3,
        "final_logits_diagnostic": 0,
        "final_sample": 6,
        "layer_body": 1632,
        "layer_scale_fused": 144,
        "ple_input": 0
      },
      "encoders": 1641,
      "final_logits_encoders": 0,
      "final_sample_encoders": 6,
      "finish_reason": "length",
      "forced_waits": 3,
      "generated_text": "11",
      "generated_token_ids": [
        236770,
        236770
      ],
      "hf_reference": null,
      "last_step_command_buffer_wait_ns": 91778708,
      "last_step_command_buffers": 1,
      "last_step_cpu_encode_ns": 5343959,
      "last_step_cpu_wall_ns": 97122667,
      "last_step_encoders": 580,
      "last_step_forced_waits": 1,
      "last_step_gpu_execution_ns": 91216041,
      "last_step_tokens": 1,
      "layer_encoders": 1632,
      "layer_scale_encoder_fusions": 144,
      "library_compiles": 0,
      "max_new_tokens": 2,
      "max_supported_total_tokens": 2050,
      "name": "pp2048-decode2",
      "output_text": "a a a a a a a a a a a a a a a a a a a a a a a a a a a a a a a a a a a a a a a a a a a a a a a a a a a a a a a a a a a a a a a a a a a a a a a a a a a a a a a a a a a a a a a a a a a a a a a a a a a a a a a a a a a a a a a a a a a a a a a a a a a a a a a a a a a a a a a a a a a a a a a a a a a a a a a a a a a a a a a a a a a a a a a a a a a a a a a a a a a a a a a a a a a a a a a a a a a a a a a a a a a a a a a a a a a a a a a a a a a a a a a a a a a a a a a a a a a a a a a a a a a a a a a a a a a a a a a a a a a a a a a a a a a a a a a a a a a a a a a a a a a a a a a a a a a a a a a a a a a a a a a a a a a a a a a a a a a a a a a a a a a a a a a a a a a a a a a a a a a a a a a a a a a a a a a a a a a a a a a a a a a a a a a a a a a a a a a a a a a a a a a a a a a a a a a a a a a a a a a a a a a a a a a a a a a a a a a a a a a a a a a a a a a a a a a a a a a a a a a a a a a a a a a a a a a a a a a a a a a a a a a a a a a a a a a a a a a a a a a a a a a a a a a a a a a a a a a a a a a a a a a a a a a a a a a a a a a a a a a a a a a a a a a a a a a a a a a a a a a a a a a a a a a a a a a a a a a a a a a a a a a a a a a a a a a a a a a a a a a a a a a a a a a a a a a a a a a a a a a a a a a a a a a a a a a a a a a a a a a a a a a a a a a a a a a a a a a a a a a a a a a a a a a a a a a a a a a a a a a a a a a a a a a a a a a a a a a a a a a a a a a a a a a a a a a a a a a a a a a a a a a a a a a a a a a a a a a a a a a a a a a a a a a a a a a a a a a a a a a a a a a a a a a a a a a a a a a a a a a a a a a a a a a a a a a a a a a a a a a a a a a a a a a a a a a a a a a a a a a a a a a a a a a a a a a a a a a a a a a a a a a a a a a a a a a a a a a a a a a a a a a a a a a a a a a a a a a a a a a a a a a a a a a a a a a a a a a a a a a a a a a a a a a a a a a a a a a a a a a a a a a a a a a a a a a a a a a a a a a a a a a a a a a a a a a a a a a a a a a a a a a a a a a a a a a a a a a a a a a a a a a a a a a a a a a a a a a a a a a a a a a a a a a a a a a a a a a a a a a a a a a a a a a a a a a a a a a a a a a a a a a a a a a a a a a a a a a a a a a a a a a a a a a a a a a a a a a a a a a a a a a a a a a a a a a a a a a a a a a a a a a a a a a a a a a a a a a a a a a a a a a a a a a a a a a a a a a a a a a a a a a a a a a a a a a a a a a a a a a a a a a a a a a a a a a a a a a a a a a a a a a a a a a a a a a a a a a a a a a a a a a a a a a a a a a a a a a a a a a a a a a a a a a a a a a a a a a a a a a a a a a a a a a a a a a a a a a a a a a a a a a a a a a a a a a a a a a a a a a a a a a a a a a a a a a a a a a a a a a a a a a a a a a a a a a a a a a a a a a a a a a a a a a a a a a a a a a a a a a a a a a a a a a a a a a a a a a a a a a a a a a a a a a a a a a a a a a a a a a a a a a a a a a a a a a a a a a a a a a a a a a a a a a a a a a a a a a a a a a a a a a a a a a a a a a a a a a a a a a a a a a a a a a a a a a a a a a a a a a a a a a a a a a a a a a a a a a a a a a a a a a a a a a a a a a a a a a a a a a a a a a a a a a a a a a a a a a a a a a a a a a a a a a a a a a a a a a a a a a a a a a a a a a a a a a a a a a a a a a a a a a a a a a a a a a a a a a a a a a a a a a a a a a a a a a a a a a a a a a a a a a a a a a a a a a a a a a a a a a a a a a a a a a a a a a a a a a a a a a a a a a a a a a a a a a a a a a a a a a a a a a a a a a a a a a a a a a a a a a a a a a a a a a a a a a a a a a a a a a a a a a a a a a a a a a a a a a a a a a a a a a a a a a a a a a a a a a a a a a a a a a a a a a a a a a a a a a a a a a a a a a a a a a a a a a a a a a a a a a a a a a a a a a a a a a a a a a a a a a a a a a a a a a a a a a a a a a a a a a a a a a a a a a a a a a a a a a a a a a a a a a a a a a a a a a a a a a a a a a a a a a a a a a a a a a a a a a a a a a a a a a a a a a a a a a a a a a a a a a a a a a a a a a a a a a a a a a a a a a a a a a a a a a a a a a a a a a a a a a a a a a a a a a a a a a a a a a a a a a a a a a a a a a a a a a a a a a a a a a a a a a a a a a a a a a a a a a a a a a a a a a a a a a a a a a a a a a a a a a a a a a a a a a a a a a a a a a a a a a a a a a a a a a a a a a a a a a a a a a a a a a a a a a 11",
      "output_token_ids": [
        236746,
        496,
        496,
        496,
        496,
        496,
        496,
        496,
        496,
        496,
        496,
        496,
        496,
        496,
        496,
        496,
        496,
        496,
        496,
        496,
        496,
        496,
        496,
        496,
        496,
        496,
        496,
        496,
        496,
        496,
        496,
        496,
        496,
        496,
        496,
        496,
        496,
        496,
        496,
        496,
        496,
        496,
        496,
        496,
        496,
        496,
        496,
        496,
        496,
        496,
        496,
        496,
        496,
        496,
        496,
        496,
        496,
        496,
        496,
        496,
        496,
        496,
        496,
        496,
        496,
        496,
        496,
        496,
        496,
        496,
        496,
        496,
        496,
        496,
        496,
        496,
        496,
        496,
        496,
        496,
        496,
        496,
        496,
        496,
        496,
        496,
        496,
        496,
        496,
        496,
        496,
        496,
        496,
        496,
        496,
        496,
        496,
        496,
        496,
        496,
        496,
        496,
        496,
        496,
        496,
        496,
        496,
        496,
        496,
        496,
        496,
        496,
        496,
        496,
        496,
        496,
        496,
        496,
        496,
        496,
        496,
        496,
        496,
        496,
        496,
        496,
        496,
        496,
        496,
        496,
        496,
        496,
        496,
        496,
        496,
        496,
        496,
        496,
        496,
        496,
        496,
        496,
        496,
        496,
        496,
        496,
        496,
        496,
        496,
        496,
        496,
        496,
        496,
        496,
        496,
        496,
        496,
        496,
        496,
        496,
        496,
        496,
        496,
        496,
        496,
        496,
        496,
        496,
        496,
        496,
        496,
        496,
        496,
        496,
        496,
        496,
        496,
        496,
        496,
        496,
        496,
        496,
        496,
        496,
        496,
        496,
        496,
        496,
        496,
        496,
        496,
        496,
        496,
        496,
        496,
        496,
        496,
        496,
        496,
        496,
        496,
        496,
        496,
        496,
        496,
        496,
        496,
        496,
        496,
        496,
        496,
        496,
        496,
        496,
        496,
        496,
        496,
        496,
        496,
        496,
        496,
        496,
        496,
        496,
        496,
        496,
        496,
        496,
        496,
        496,
        496,
        496,
        496,
        496,
        496,
        496,
        496,
        496,
        496,
        496,
        496,
        496,
        496,
        496,
        496,
        496,
        496,
        496,
        496,
        496,
        496,
        496,
        496,
        496,
        496,
        496,
        496,
        496,
        496,
        496,
        496,
        496,
        496,
        496,
        496,
        496,
        496,
        496,
        496,
        496,
        496,
        496,
        496,
        496,
        496,
        496,
        496,
        496,
        496,
        496,
        496,
        496,
        496,
        496,
        496,
        496,
        496,
        496,
        496,
        496,
        496,
        496,
        496,
        496,
        496,
        496,
        496,
        496,
        496,
        496,
        496,
        496,
        496,
        496,
        496,
        496,
        496,
        496,
        496,
        496,
        496,
        496,
        496,
        496,
        496,
        496,
        496,
        496,
        496,
        496,
        496,
        496,
        496,
        496,
        496,
        496,
        496,
        496,
        496,
        496,
        496,
        496,
        496,
        496,
        496,
        496,
        496,
        496,
        496,
        496,
        496,
        496,
        496,
        496,
        496,
        496,
        496,
        496,
        496,
        496,
        496,
        496,
        496,
        496,
        496,
        496,
        496,
        496,
        496,
        496,
        496,
        496,
        496,
        496,
        496,
        496,
        496,
        496,
        496,
        496,
        496,
        496,
        496,
        496,
        496,
        496,
        496,
        496,
        496,
        496,
        496,
        496,
        496,
        496,
        496,
        496,
        496,
        496,
        496,
        496,
        496,
        496,
        496,
        496,
        496,
        496,
        496,
        496,
        496,
        496,
        496,
        496,
        496,
        496,
        496,
        496,
        496,
        496,
        496,
        496,
        496,
        496,
        496,
        496,
        496,
        496,
        496,
        496,
        496,
        496,
        496,
        496,
        496,
        496,
        496,
        496,
        496,
        496,
        496,
        496,
        496,
        496,
        496,
        496,
        496,
        496,
        496,
        496,
        496,
        496,
        496,
        496,
        496,
        496,
        496,
        496,
        496,
        496,
        496,
        496,
        496,
        496,
        496,
        496,
        496,
        496,
        496,
        496,
        496,
        496,
        496,
        496,
        496,
        496,
        496,
        496,
        496,
        496,
        496,
        496,
        496,
        496,
        496,
        496,
        496,
        496,
        496,
        496,
        496,
        496,
        496,
        496,
        496,
        496,
        496,
        496,
        496,
        496,
        496,
        496,
        496,
        496,
        496,
        496,
        496,
        496,
        496,
        496,
        496,
        496,
        496,
        496,
        496,
        496,
        496,
        496,
        496,
        496,
        496,
        496,
        496,
        496,
        496,
        496,
        496,
        496,
        496,
        496,
        496,
        496,
        496,
        496,
        496,
        496,
        496,
        496,
        496,
        496,
        496,
        496,
        496,
        496,
        496,
        496,
        496,
        496,
        496,
        496,
        496,
        496,
        496,
        496,
        496,
        496,
        496,
        496,
        496,
        496,
        496,
        496,
        496,
        496,
        496,
        496,
        496,
        496,
        496,
        496,
        496,
        496,
        496,
        496,
        496,
        496,
        496,
        496,
        496,
        496,
        496,
        496,
        496,
        496,
        496,
        496,
        496,
        496,
        496,
        496,
        496,
        496,
        496,
        496,
        496,
        496,
        496,
        496,
        496,
        496,
        496,
        496,
        496,
        496,
        496,
        496,
        496,
        496,
        496,
        496,
        496,
        496,
        496,
        496,
        496,
        496,
        496,
        496,
        496,
        496,
        496,
        496,
        496,
        496,
        496,
        496,
        496,
        496,
        496,
        496,
        496,
        496,
        496,
        496,
        496,
        496,
        496,
        496,
        496,
        496,
        496,
        496,
        496,
        496,
        496,
        496,
        496,
        496,
        496,
        496,
        496,
        496,
        496,
        496,
        496,
        496,
        496,
        496,
        496,
        496,
        496,
        496,
        496,
        496,
        496,
        496,
        496,
        496,
        496,
        496,
        496,
        496,
        496,
        496,
        496,
        496,
        496,
        496,
        496,
        496,
        496,
        496,
        496,
        496,
        496,
        496,
        496,
        496,
        496,
        496,
        496,
        496,
        496,
        496,
        496,
        496,
        496,
        496,
        496,
        496,
        496,
        496,
        496,
        496,
        496,
        496,
        496,
        496,
        496,
        496,
        496,
        496,
        496,
        496,
        496,
        496,
        496,
        496,
        496,
        496,
        496,
        496,
        496,
        496,
        496,
        496,
        496,
        496,
        496,
        496,
        496,
        496,
        496,
        496,
        496,
        496,
        496,
        496,
        496,
        496,
        496,
        496,
        496,
        496,
        496,
        496,
        496,
        496,
        496,
        496,
        496,
        496,
        496,
        496,
        496,
        496,
        496,
        496,
        496,
        496,
        496,
        496,
        496,
        496,
        496,
        496,
        496,
        496,
        496,
        496,
        496,
        496,
        496,
        496,
        496,
        496,
        496,
        496,
        496,
        496,
        496,
        496,
        496,
        496,
        496,
        496,
        496,
        496,
        496,
        496,
        496,
        496,
        496,
        496,
        496,
        496,
        496,
        496,
        496,
        496,
        496,
        496,
        496,
        496,
        496,
        496,
        496,
        496,
        496,
        496,
        496,
        496,
        496,
        496,
        496,
        496,
        496,
        496,
        496,
        496,
        496,
        496,
        496,
        496,
        496,
        496,
        496,
        496,
        496,
        496,
        496,
        496,
        496,
        496,
        496,
        496,
        496,
        496,
        496,
        496,
        496,
        496,
        496,
        496,
        496,
        496,
        496,
        496,
        496,
        496,
        496,
        496,
        496,
        496,
        496,
        496,
        496,
        496,
        496,
        496,
        496,
        496,
        496,
        496,
        496,
        496,
        496,
        496,
        496,
        496,
        496,
        496,
        496,
        496,
        496,
        496,
        496,
        496,
        496,
        496,
        496,
        496,
        496,
        496,
        496,
        496,
        496,
        496,
        496,
        496,
        496,
        496,
        496,
        496,
        496,
        496,
        496,
        496,
        496,
        496,
        496,
        496,
        496,
        496,
        496,
        496,
        496,
        496,
        496,
        496,
        496,
        496,
        496,
        496,
        496,
        496,
        496,
        496,
        496,
        496,
        496,
        496,
        496,
        496,
        496,
        496,
        496,
        496,
        496,
        496,
        496,
        496,
        496,
        496,
        496,
        496,
        496,
        496,
        496,
        496,
        496,
        496,
        496,
        496,
        496,
        496,
        496,
        496,
        496,
        496,
        496,
        496,
        496,
        496,
        496,
        496,
        496,
        496,
        496,
        496,
        496,
        496,
        496,
        496,
        496,
        496,
        496,
        496,
        496,
        496,
        496,
        496,
        496,
        496,
        496,
        496,
        496,
        496,
        496,
        496,
        496,
        496,
        496,
        496,
        496,
        496,
        496,
        496,
        496,
        496,
        496,
        496,
        496,
        496,
        496,
        496,
        496,
        496,
        496,
        496,
        496,
        496,
        496,
        496,
        496,
        496,
        496,
        496,
        496,
        496,
        496,
        496,
        496,
        496,
        496,
        496,
        496,
        496,
        496,
        496,
        496,
        496,
        496,
        496,
        496,
        496,
        496,
        496,
        496,
        496,
        496,
        496,
        496,
        496,
        496,
        496,
        496,
        496,
        496,
        496,
        496,
        496,
        496,
        496,
        496,
        496,
        496,
        496,
        496,
        496,
        496,
        496,
        496,
        496,
        496,
        496,
        496,
        496,
        496,
        496,
        496,
        496,
        496,
        496,
        496,
        496,
        496,
        496,
        496,
        496,
        496,
        496,
        496,
        496,
        496,
        496,
        496,
        496,
        496,
        496,
        496,
        496,
        496,
        496,
        496,
        496,
        496,
        496,
        496,
        496,
        496,
        496,
        496,
        496,
        496,
        496,
        496,
        496,
        496,
        496,
        496,
        496,
        496,
        496,
        496,
        496,
        496,
        496,
        496,
        496,
        496,
        496,
        496,
        496,
        496,
        496,
        496,
        496,
        496,
        496,
        496,
        496,
        496,
        496,
        496,
        496,
        496,
        496,
        496,
        496,
        496,
        496,
        496,
        496,
        496,
        496,
        496,
        496,
        496,
        496,
        496,
        496,
        496,
        496,
        496,
        496,
        496,
        496,
        496,
        496,
        496,
        496,
        496,
        496,
        496,
        496,
        496,
        496,
        496,
        496,
        496,
        496,
        496,
        496,
        496,
        496,
        496,
        496,
        496,
        496,
        496,
        496,
        496,
        496,
        496,
        496,
        496,
        496,
        496,
        496,
        496,
        496,
        496,
        496,
        496,
        496,
        496,
        496,
        496,
        496,
        496,
        496,
        496,
        496,
        496,
        496,
        496,
        496,
        496,
        496,
        496,
        496,
        496,
        496,
        496,
        496,
        496,
        496,
        496,
        496,
        496,
        496,
        496,
        496,
        496,
        496,
        496,
        496,
        496,
        496,
        496,
        496,
        496,
        496,
        496,
        496,
        496,
        496,
        496,
        496,
        496,
        496,
        496,
        496,
        496,
        496,
        496,
        496,
        496,
        496,
        496,
        496,
        496,
        496,
        496,
        496,
        496,
        496,
        496,
        496,
        496,
        496,
        496,
        496,
        496,
        496,
        496,
        496,
        496,
        496,
        496,
        496,
        496,
        496,
        496,
        496,
        496,
        496,
        496,
        496,
        496,
        496,
        496,
        496,
        496,
        496,
        496,
        496,
        496,
        496,
        496,
        496,
        496,
        496,
        496,
        496,
        496,
        496,
        496,
        496,
        496,
        496,
        496,
        496,
        496,
        496,
        496,
        496,
        496,
        496,
        496,
        496,
        496,
        496,
        496,
        496,
        496,
        496,
        496,
        496,
        496,
        496,
        496,
        496,
        496,
        496,
        496,
        496,
        496,
        496,
        496,
        496,
        496,
        496,
        496,
        496,
        496,
        496,
        496,
        496,
        496,
        496,
        496,
        496,
        496,
        496,
        496,
        496,
        496,
        496,
        496,
        496,
        496,
        496,
        496,
        496,
        496,
        496,
        496,
        496,
        496,
        496,
        496,
        496,
        496,
        496,
        496,
        496,
        496,
        496,
        496,
        496,
        496,
        496,
        496,
        496,
        496,
        496,
        496,
        496,
        496,
        496,
        496,
        496,
        496,
        496,
        496,
        496,
        496,
        496,
        496,
        496,
        496,
        496,
        496,
        496,
        496,
        496,
        496,
        496,
        496,
        496,
        496,
        496,
        496,
        496,
        496,
        496,
        496,
        496,
        496,
        496,
        496,
        496,
        496,
        496,
        496,
        496,
        496,
        496,
        496,
        496,
        496,
        496,
        496,
        496,
        496,
        496,
        496,
        496,
        496,
        496,
        496,
        496,
        496,
        496,
        496,
        496,
        496,
        496,
        496,
        496,
        496,
        496,
        496,
        496,
        496,
        496,
        496,
        496,
        496,
        496,
        496,
        496,
        496,
        496,
        496,
        496,
        496,
        496,
        496,
        496,
        496,
        496,
        496,
        496,
        496,
        496,
        496,
        496,
        496,
        496,
        496,
        496,
        496,
        496,
        496,
        496,
        496,
        496,
        496,
        496,
        496,
        496,
        496,
        496,
        496,
        496,
        496,
        496,
        496,
        496,
        496,
        496,
        496,
        496,
        496,
        496,
        496,
        496,
        496,
        496,
        496,
        496,
        496,
        496,
        496,
        496,
        496,
        496,
        496,
        496,
        496,
        496,
        496,
        496,
        496,
        496,
        496,
        496,
        496,
        496,
        496,
        496,
        496,
        496,
        496,
        496,
        496,
        496,
        496,
        496,
        496,
        496,
        496,
        496,
        496,
        496,
        496,
        496,
        496,
        496,
        496,
        496,
        496,
        496,
        496,
        496,
        496,
        496,
        496,
        496,
        496,
        496,
        496,
        496,
        496,
        496,
        496,
        496,
        496,
        496,
        496,
        496,
        496,
        496,
        496,
        496,
        496,
        496,
        496,
        496,
        496,
        496,
        496,
        496,
        496,
        496,
        496,
        496,
        496,
        496,
        496,
        496,
        496,
        496,
        496,
        496,
        496,
        496,
        496,
        496,
        496,
        496,
        496,
        496,
        496,
        496,
        496,
        496,
        496,
        496,
        496,
        496,
        496,
        496,
        496,
        496,
        496,
        496,
        496,
        496,
        496,
        496,
        496,
        496,
        496,
        496,
        496,
        496,
        496,
        496,
        496,
        496,
        496,
        496,
        496,
        496,
        496,
        496,
        496,
        496,
        496,
        496,
        496,
        496,
        496,
        496,
        496,
        496,
        496,
        496,
        496,
        496,
        496,
        496,
        496,
        496,
        496,
        496,
        496,
        496,
        496,
        496,
        496,
        496,
        496,
        496,
        496,
        496,
        496,
        496,
        496,
        496,
        496,
        496,
        496,
        496,
        496,
        496,
        496,
        496,
        496,
        496,
        496,
        496,
        496,
        496,
        496,
        496,
        496,
        496,
        496,
        496,
        496,
        496,
        496,
        496,
        496,
        496,
        496,
        496,
        496,
        496,
        496,
        496,
        496,
        496,
        496,
        496,
        496,
        496,
        496,
        496,
        496,
        496,
        496,
        496,
        496,
        496,
        496,
        496,
        496,
        496,
        496,
        496,
        496,
        496,
        496,
        496,
        496,
        496,
        496,
        496,
        496,
        496,
        496,
        496,
        496,
        496,
        496,
        496,
        496,
        496,
        496,
        496,
        496,
        496,
        496,
        496,
        496,
        496,
        496,
        496,
        496,
        496,
        496,
        496,
        496,
        496,
        496,
        496,
        496,
        496,
        496,
        496,
        496,
        496,
        496,
        496,
        496,
        496,
        496,
        496,
        496,
        496,
        496,
        496,
        496,
        496,
        496,
        496,
        496,
        496,
        496,
        496,
        496,
        496,
        496,
        496,
        496,
        496,
        496,
        496,
        496,
        496,
        496,
        496,
        496,
        496,
        496,
        496,
        496,
        496,
        496,
        496,
        496,
        496,
        496,
        496,
        496,
        496,
        496,
        496,
        496,
        496,
        496,
        496,
        496,
        496,
        496,
        496,
        496,
        496,
        496,
        496,
        496,
        496,
        496,
        496,
        496,
        496,
        496,
        496,
        496,
        496,
        496,
        496,
        496,
        496,
        496,
        496,
        496,
        496,
        496,
        496,
        496,
        496,
        496,
        496,
        496,
        496,
        496,
        496,
        496,
        496,
        496,
        496,
        496,
        496,
        496,
        496,
        496,
        496,
        496,
        496,
        496,
        496,
        496,
        496,
        496,
        496,
        496,
        496,
        496,
        496,
        496,
        496,
        496,
        496,
        496,
        496,
        496,
        496,
        496,
        496,
        496,
        496,
        496,
        496,
        496,
        496,
        496,
        496,
        496,
        496,
        496,
        496,
        496,
        496,
        496,
        496,
        496,
        496,
        496,
        496,
        496,
        496,
        496,
        496,
        496,
        496,
        496,
        496,
        496,
        496,
        496,
        496,
        496,
        496,
        496,
        496,
        496,
        496,
        496,
        496,
        496,
        496,
        496,
        496,
        496,
        496,
        496,
        496,
        496,
        496,
        496,
        496,
        496,
        496,
        496,
        496,
        496,
        496,
        496,
        496,
        496,
        496,
        496,
        496,
        496,
        496,
        496,
        496,
        496,
        496,
        496,
        496,
        496,
        496,
        496,
        496,
        496,
        496,
        496,
        496,
        496,
        496,
        496,
        496,
        496,
        496,
        496,
        496,
        496,
        496,
        496,
        496,
        496,
        496,
        496,
        496,
        496,
        496,
        496,
        496,
        496,
        496,
        496,
        496,
        496,
        496,
        496,
        496,
        496,
        496,
        496,
        496,
        496,
        496,
        496,
        496,
        496,
        496,
        496,
        496,
        496,
        496,
        496,
        496,
        496,
        496,
        496,
        496,
        496,
        496,
        496,
        496,
        496,
        496,
        496,
        496,
        496,
        496,
        496,
        496,
        496,
        496,
        496,
        496,
        496,
        496,
        496,
        496,
        496,
        496,
        496,
        496,
        496,
        496,
        496,
        496,
        496,
        496,
        496,
        496,
        496,
        496,
        496,
        496,
        496,
        496,
        496,
        496,
        496,
        496,
        496,
        496,
        496,
        496,
        496,
        496,
        496,
        496,
        496,
        496,
        496,
        496,
        496,
        496,
        496,
        496,
        496,
        496,
        496,
        496,
        496,
        496,
        496,
        236743,
        236770,
        236770
      ],
      "pipeline_state_compiles": 0,
      "ple_encoders": 0,
      "prefill_ms": 131872.795083,
      "prompt": "a a a a a a a a a a a a a a a a a a a a a a a a a a a a a a a a a a a a a a a a a a a a a a a a a a a a a a a a a a a a a a a a a a a a a a a a a a a a a a a a a a a a a a a a a a a a a a a a a a a a a a a a a a a a a a a a a a a a a a a a a a a a a a a a a a a a a a a a a a a a a a a a a a a a a a a a a a a a a a a a a a a a a a a a a a a a a a a a a a a a a a a a a a a a a a a a a a a a a a a a a a a a a a a a a a a a a a a a a a a a a a a a a a a a a a a a a a a a a a a a a a a a a a a a a a a a a a a a a a a a a a a a a a a a a a a a a a a a a a a a a a a a a a a a a a a a a a a a a a a a a a a a a a a a a a a a a a a a a a a a a a a a a a a a a a a a a a a a a a a a a a a a a a a a a a a a a a a a a a a a a a a a a a a a a a a a a a a a a a a a a a a a a a a a a a a a a a a a a a a a a a a a a a a a a a a a a a a a a a a a a a a a a a a a a a a a a a a a a a a a a a a a a a a a a a a a a a a a a a a a a a a a a a a a a a a a a a a a a a a a a a a a a a a a a a a a a a a a a a a a a a a a a a a a a a a a a a a a a a a a a a a a a a a a a a a a a a a a a a a a a a a a a a a a a a a a a a a a a a a a a a a a a a a a a a a a a a a a a a a a a a a a a a a a a a a a a a a a a a a a a a a a a a a a a a a a a a a a a a a a a a a a a a a a a a a a a a a a a a a a a a a a a a a a a a a a a a a a a a a a a a a a a a a a a a a a a a a a a a a a a a a a a a a a a a a a a a a a a a a a a a a a a a a a a a a a a a a a a a a a a a a a a a a a a a a a a a a a a a a a a a a a a a a a a a a a a a a a a a a a a a a a a a a a a a a a a a a a a a a a a a a a a a a a a a a a a a a a a a a a a a a a a a a a a a a a a a a a a a a a a a a a a a a a a a a a a a a a a a a a a a a a a a a a a a a a a a a a a a a a a a a a a a a a a a a a a a a a a a a a a a a a a a a a a a a a a a a a a a a a a a a a a a a a a a a a a a a a a a a a a a a a a a a a a a a a a a a a a a a a a a a a a a a a a a a a a a a a a a a a a a a a a a a a a a a a a a a a a a a a a a a a a a a a a a a a a a a a a a a a a a a a a a a a a a a a a a a a a a a a a a a a a a a a a a a a a a a a a a a a a a a a a a a a a a a a a a a a a a a a a a a a a a a a a a a a a a a a a a a a a a a a a a a a a a a a a a a a a a a a a a a a a a a a a a a a a a a a a a a a a a a a a a a a a a a a a a a a a a a a a a a a a a a a a a a a a a a a a a a a a a a a a a a a a a a a a a a a a a a a a a a a a a a a a a a a a a a a a a a a a a a a a a a a a a a a a a a a a a a a a a a a a a a a a a a a a a a a a a a a a a a a a a a a a a a a a a a a a a a a a a a a a a a a a a a a a a a a a a a a a a a a a a a a a a a a a a a a a a a a a a a a a a a a a a a a a a a a a a a a a a a a a a a a a a a a a a a a a a a a a a a a a a a a a a a a a a a a a a a a a a a a a a a a a a a a a a a a a a a a a a a a a a a a a a a a a a a a a a a a a a a a a a a a a a a a a a a a a a a a a a a a a a a a a a a a a a a a a a a a a a a a a a a a a a a a a a a a a a a a a a a a a a a a a a a a a a a a a a a a a a a a a a a a a a a a a a a a a a a a a a a a a a a a a a a a a a a a a a a a a a a a a a a a a a a a a a a a a a a a a a a a a a a a a a a a a a a a a a a a a a a a a a a a a a a a a a a a a a a a a a a a a a a a a a a a a a a a a a a a a a a a a a a a a a a a a a a a a a a a a a a a a a a a a a a a a a a a a a a a a a a a a a a a a a a a a a a a a a a a a a a a a a a a a a a a a a a a a a a a a a a a a a a a a a a a a a a a a a a a a a a a a a a a a a a a a a a a a a a a a a a a a a a a a a a a a a a a a a a a a a a a a a a a a a a a a a a a a a a a a a a a a a a a a a a a a a a a a a a a a a a a a a a a a a a a a a a a a a a a a a a a a a a a a a a a a a a a a a a a a a a a a a a a a a a a a a a a a a a a a a a a a a a a a a a a a a a a a a a a a a a a a a a a a a a a a a a a a a a a a a a a a a a a a a a a a a a a a a a a a a a a a a a a a a a a a a a a a a a a a a a a a a a a a a a a a a a a a a a a a a a a a a a a a a a a a a a a a a a a a a a a a a a a a a a a a a a a a a a a a a a a a a a a a a a a a a a a a a a a a a a a a a a a a a a a a a a a a a a a a a a a a a a a a a a a a a a a a a a a a a a a a a a ",
      "prompt_token_ids": [
        236746,
        496,
        496,
        496,
        496,
        496,
        496,
        496,
        496,
        496,
        496,
        496,
        496,
        496,
        496,
        496,
        496,
        496,
        496,
        496,
        496,
        496,
        496,
        496,
        496,
        496,
        496,
        496,
        496,
        496,
        496,
        496,
        496,
        496,
        496,
        496,
        496,
        496,
        496,
        496,
        496,
        496,
        496,
        496,
        496,
        496,
        496,
        496,
        496,
        496,
        496,
        496,
        496,
        496,
        496,
        496,
        496,
        496,
        496,
        496,
        496,
        496,
        496,
        496,
        496,
        496,
        496,
        496,
        496,
        496,
        496,
        496,
        496,
        496,
        496,
        496,
        496,
        496,
        496,
        496,
        496,
        496,
        496,
        496,
        496,
        496,
        496,
        496,
        496,
        496,
        496,
        496,
        496,
        496,
        496,
        496,
        496,
        496,
        496,
        496,
        496,
        496,
        496,
        496,
        496,
        496,
        496,
        496,
        496,
        496,
        496,
        496,
        496,
        496,
        496,
        496,
        496,
        496,
        496,
        496,
        496,
        496,
        496,
        496,
        496,
        496,
        496,
        496,
        496,
        496,
        496,
        496,
        496,
        496,
        496,
        496,
        496,
        496,
        496,
        496,
        496,
        496,
        496,
        496,
        496,
        496,
        496,
        496,
        496,
        496,
        496,
        496,
        496,
        496,
        496,
        496,
        496,
        496,
        496,
        496,
        496,
        496,
        496,
        496,
        496,
        496,
        496,
        496,
        496,
        496,
        496,
        496,
        496,
        496,
        496,
        496,
        496,
        496,
        496,
        496,
        496,
        496,
        496,
        496,
        496,
        496,
        496,
        496,
        496,
        496,
        496,
        496,
        496,
        496,
        496,
        496,
        496,
        496,
        496,
        496,
        496,
        496,
        496,
        496,
        496,
        496,
        496,
        496,
        496,
        496,
        496,
        496,
        496,
        496,
        496,
        496,
        496,
        496,
        496,
        496,
        496,
        496,
        496,
        496,
        496,
        496,
        496,
        496,
        496,
        496,
        496,
        496,
        496,
        496,
        496,
        496,
        496,
        496,
        496,
        496,
        496,
        496,
        496,
        496,
        496,
        496,
        496,
        496,
        496,
        496,
        496,
        496,
        496,
        496,
        496,
        496,
        496,
        496,
        496,
        496,
        496,
        496,
        496,
        496,
        496,
        496,
        496,
        496,
        496,
        496,
        496,
        496,
        496,
        496,
        496,
        496,
        496,
        496,
        496,
        496,
        496,
        496,
        496,
        496,
        496,
        496,
        496,
        496,
        496,
        496,
        496,
        496,
        496,
        496,
        496,
        496,
        496,
        496,
        496,
        496,
        496,
        496,
        496,
        496,
        496,
        496,
        496,
        496,
        496,
        496,
        496,
        496,
        496,
        496,
        496,
        496,
        496,
        496,
        496,
        496,
        496,
        496,
        496,
        496,
        496,
        496,
        496,
        496,
        496,
        496,
        496,
        496,
        496,
        496,
        496,
        496,
        496,
        496,
        496,
        496,
        496,
        496,
        496,
        496,
        496,
        496,
        496,
        496,
        496,
        496,
        496,
        496,
        496,
        496,
        496,
        496,
        496,
        496,
        496,
        496,
        496,
        496,
        496,
        496,
        496,
        496,
        496,
        496,
        496,
        496,
        496,
        496,
        496,
        496,
        496,
        496,
        496,
        496,
        496,
        496,
        496,
        496,
        496,
        496,
        496,
        496,
        496,
        496,
        496,
        496,
        496,
        496,
        496,
        496,
        496,
        496,
        496,
        496,
        496,
        496,
        496,
        496,
        496,
        496,
        496,
        496,
        496,
        496,
        496,
        496,
        496,
        496,
        496,
        496,
        496,
        496,
        496,
        496,
        496,
        496,
        496,
        496,
        496,
        496,
        496,
        496,
        496,
        496,
        496,
        496,
        496,
        496,
        496,
        496,
        496,
        496,
        496,
        496,
        496,
        496,
        496,
        496,
        496,
        496,
        496,
        496,
        496,
        496,
        496,
        496,
        496,
        496,
        496,
        496,
        496,
        496,
        496,
        496,
        496,
        496,
        496,
        496,
        496,
        496,
        496,
        496,
        496,
        496,
        496,
        496,
        496,
        496,
        496,
        496,
        496,
        496,
        496,
        496,
        496,
        496,
        496,
        496,
        496,
        496,
        496,
        496,
        496,
        496,
        496,
        496,
        496,
        496,
        496,
        496,
        496,
        496,
        496,
        496,
        496,
        496,
        496,
        496,
        496,
        496,
        496,
        496,
        496,
        496,
        496,
        496,
        496,
        496,
        496,
        496,
        496,
        496,
        496,
        496,
        496,
        496,
        496,
        496,
        496,
        496,
        496,
        496,
        496,
        496,
        496,
        496,
        496,
        496,
        496,
        496,
        496,
        496,
        496,
        496,
        496,
        496,
        496,
        496,
        496,
        496,
        496,
        496,
        496,
        496,
        496,
        496,
        496,
        496,
        496,
        496,
        496,
        496,
        496,
        496,
        496,
        496,
        496,
        496,
        496,
        496,
        496,
        496,
        496,
        496,
        496,
        496,
        496,
        496,
        496,
        496,
        496,
        496,
        496,
        496,
        496,
        496,
        496,
        496,
        496,
        496,
        496,
        496,
        496,
        496,
        496,
        496,
        496,
        496,
        496,
        496,
        496,
        496,
        496,
        496,
        496,
        496,
        496,
        496,
        496,
        496,
        496,
        496,
        496,
        496,
        496,
        496,
        496,
        496,
        496,
        496,
        496,
        496,
        496,
        496,
        496,
        496,
        496,
        496,
        496,
        496,
        496,
        496,
        496,
        496,
        496,
        496,
        496,
        496,
        496,
        496,
        496,
        496,
        496,
        496,
        496,
        496,
        496,
        496,
        496,
        496,
        496,
        496,
        496,
        496,
        496,
        496,
        496,
        496,
        496,
        496,
        496,
        496,
        496,
        496,
        496,
        496,
        496,
        496,
        496,
        496,
        496,
        496,
        496,
        496,
        496,
        496,
        496,
        496,
        496,
        496,
        496,
        496,
        496,
        496,
        496,
        496,
        496,
        496,
        496,
        496,
        496,
        496,
        496,
        496,
        496,
        496,
        496,
        496,
        496,
        496,
        496,
        496,
        496,
        496,
        496,
        496,
        496,
        496,
        496,
        496,
        496,
        496,
        496,
        496,
        496,
        496,
        496,
        496,
        496,
        496,
        496,
        496,
        496,
        496,
        496,
        496,
        496,
        496,
        496,
        496,
        496,
        496,
        496,
        496,
        496,
        496,
        496,
        496,
        496,
        496,
        496,
        496,
        496,
        496,
        496,
        496,
        496,
        496,
        496,
        496,
        496,
        496,
        496,
        496,
        496,
        496,
        496,
        496,
        496,
        496,
        496,
        496,
        496,
        496,
        496,
        496,
        496,
        496,
        496,
        496,
        496,
        496,
        496,
        496,
        496,
        496,
        496,
        496,
        496,
        496,
        496,
        496,
        496,
        496,
        496,
        496,
        496,
        496,
        496,
        496,
        496,
        496,
        496,
        496,
        496,
        496,
        496,
        496,
        496,
        496,
        496,
        496,
        496,
        496,
        496,
        496,
        496,
        496,
        496,
        496,
        496,
        496,
        496,
        496,
        496,
        496,
        496,
        496,
        496,
        496,
        496,
        496,
        496,
        496,
        496,
        496,
        496,
        496,
        496,
        496,
        496,
        496,
        496,
        496,
        496,
        496,
        496,
        496,
        496,
        496,
        496,
        496,
        496,
        496,
        496,
        496,
        496,
        496,
        496,
        496,
        496,
        496,
        496,
        496,
        496,
        496,
        496,
        496,
        496,
        496,
        496,
        496,
        496,
        496,
        496,
        496,
        496,
        496,
        496,
        496,
        496,
        496,
        496,
        496,
        496,
        496,
        496,
        496,
        496,
        496,
        496,
        496,
        496,
        496,
        496,
        496,
        496,
        496,
        496,
        496,
        496,
        496,
        496,
        496,
        496,
        496,
        496,
        496,
        496,
        496,
        496,
        496,
        496,
        496,
        496,
        496,
        496,
        496,
        496,
        496,
        496,
        496,
        496,
        496,
        496,
        496,
        496,
        496,
        496,
        496,
        496,
        496,
        496,
        496,
        496,
        496,
        496,
        496,
        496,
        496,
        496,
        496,
        496,
        496,
        496,
        496,
        496,
        496,
        496,
        496,
        496,
        496,
        496,
        496,
        496,
        496,
        496,
        496,
        496,
        496,
        496,
        496,
        496,
        496,
        496,
        496,
        496,
        496,
        496,
        496,
        496,
        496,
        496,
        496,
        496,
        496,
        496,
        496,
        496,
        496,
        496,
        496,
        496,
        496,
        496,
        496,
        496,
        496,
        496,
        496,
        496,
        496,
        496,
        496,
        496,
        496,
        496,
        496,
        496,
        496,
        496,
        496,
        496,
        496,
        496,
        496,
        496,
        496,
        496,
        496,
        496,
        496,
        496,
        496,
        496,
        496,
        496,
        496,
        496,
        496,
        496,
        496,
        496,
        496,
        496,
        496,
        496,
        496,
        496,
        496,
        496,
        496,
        496,
        496,
        496,
        496,
        496,
        496,
        496,
        496,
        496,
        496,
        496,
        496,
        496,
        496,
        496,
        496,
        496,
        496,
        496,
        496,
        496,
        496,
        496,
        496,
        496,
        496,
        496,
        496,
        496,
        496,
        496,
        496,
        496,
        496,
        496,
        496,
        496,
        496,
        496,
        496,
        496,
        496,
        496,
        496,
        496,
        496,
        496,
        496,
        496,
        496,
        496,
        496,
        496,
        496,
        496,
        496,
        496,
        496,
        496,
        496,
        496,
        496,
        496,
        496,
        496,
        496,
        496,
        496,
        496,
        496,
        496,
        496,
        496,
        496,
        496,
        496,
        496,
        496,
        496,
        496,
        496,
        496,
        496,
        496,
        496,
        496,
        496,
        496,
        496,
        496,
        496,
        496,
        496,
        496,
        496,
        496,
        496,
        496,
        496,
        496,
        496,
        496,
        496,
        496,
        496,
        496,
        496,
        496,
        496,
        496,
        496,
        496,
        496,
        496,
        496,
        496,
        496,
        496,
        496,
        496,
        496,
        496,
        496,
        496,
        496,
        496,
        496,
        496,
        496,
        496,
        496,
        496,
        496,
        496,
        496,
        496,
        496,
        496,
        496,
        496,
        496,
        496,
        496,
        496,
        496,
        496,
        496,
        496,
        496,
        496,
        496,
        496,
        496,
        496,
        496,
        496,
        496,
        496,
        496,
        496,
        496,
        496,
        496,
        496,
        496,
        496,
        496,
        496,
        496,
        496,
        496,
        496,
        496,
        496,
        496,
        496,
        496,
        496,
        496,
        496,
        496,
        496,
        496,
        496,
        496,
        496,
        496,
        496,
        496,
        496,
        496,
        496,
        496,
        496,
        496,
        496,
        496,
        496,
        496,
        496,
        496,
        496,
        496,
        496,
        496,
        496,
        496,
        496,
        496,
        496,
        496,
        496,
        496,
        496,
        496,
        496,
        496,
        496,
        496,
        496,
        496,
        496,
        496,
        496,
        496,
        496,
        496,
        496,
        496,
        496,
        496,
        496,
        496,
        496,
        496,
        496,
        496,
        496,
        496,
        496,
        496,
        496,
        496,
        496,
        496,
        496,
        496,
        496,
        496,
        496,
        496,
        496,
        496,
        496,
        496,
        496,
        496,
        496,
        496,
        496,
        496,
        496,
        496,
        496,
        496,
        496,
        496,
        496,
        496,
        496,
        496,
        496,
        496,
        496,
        496,
        496,
        496,
        496,
        496,
        496,
        496,
        496,
        496,
        496,
        496,
        496,
        496,
        496,
        496,
        496,
        496,
        496,
        496,
        496,
        496,
        496,
        496,
        496,
        496,
        496,
        496,
        496,
        496,
        496,
        496,
        496,
        496,
        496,
        496,
        496,
        496,
        496,
        496,
        496,
        496,
        496,
        496,
        496,
        496,
        496,
        496,
        496,
        496,
        496,
        496,
        496,
        496,
        496,
        496,
        496,
        496,
        496,
        496,
        496,
        496,
        496,
        496,
        496,
        496,
        496,
        496,
        496,
        496,
        496,
        496,
        496,
        496,
        496,
        496,
        496,
        496,
        496,
        496,
        496,
        496,
        496,
        496,
        496,
        496,
        496,
        496,
        496,
        496,
        496,
        496,
        496,
        496,
        496,
        496,
        496,
        496,
        496,
        496,
        496,
        496,
        496,
        496,
        496,
        496,
        496,
        496,
        496,
        496,
        496,
        496,
        496,
        496,
        496,
        496,
        496,
        496,
        496,
        496,
        496,
        496,
        496,
        496,
        496,
        496,
        496,
        496,
        496,
        496,
        496,
        496,
        496,
        496,
        496,
        496,
        496,
        496,
        496,
        496,
        496,
        496,
        496,
        496,
        496,
        496,
        496,
        496,
        496,
        496,
        496,
        496,
        496,
        496,
        496,
        496,
        496,
        496,
        496,
        496,
        496,
        496,
        496,
        496,
        496,
        496,
        496,
        496,
        496,
        496,
        496,
        496,
        496,
        496,
        496,
        496,
        496,
        496,
        496,
        496,
        496,
        496,
        496,
        496,
        496,
        496,
        496,
        496,
        496,
        496,
        496,
        496,
        496,
        496,
        496,
        496,
        496,
        496,
        496,
        496,
        496,
        496,
        496,
        496,
        496,
        496,
        496,
        496,
        496,
        496,
        496,
        496,
        496,
        496,
        496,
        496,
        496,
        496,
        496,
        496,
        496,
        496,
        496,
        496,
        496,
        496,
        496,
        496,
        496,
        496,
        496,
        496,
        496,
        496,
        496,
        496,
        496,
        496,
        496,
        496,
        496,
        496,
        496,
        496,
        496,
        496,
        496,
        496,
        496,
        496,
        496,
        496,
        496,
        496,
        496,
        496,
        496,
        496,
        496,
        496,
        496,
        496,
        496,
        496,
        496,
        496,
        496,
        496,
        496,
        496,
        496,
        496,
        496,
        496,
        496,
        496,
        496,
        496,
        496,
        496,
        496,
        496,
        496,
        496,
        496,
        496,
        496,
        496,
        496,
        496,
        496,
        496,
        496,
        496,
        496,
        496,
        496,
        496,
        496,
        496,
        496,
        496,
        496,
        496,
        496,
        496,
        496,
        496,
        496,
        496,
        496,
        496,
        496,
        496,
        496,
        496,
        496,
        496,
        496,
        496,
        496,
        496,
        496,
        496,
        496,
        496,
        496,
        496,
        496,
        496,
        496,
        496,
        496,
        496,
        496,
        496,
        496,
        496,
        496,
        496,
        496,
        496,
        496,
        496,
        496,
        496,
        496,
        496,
        496,
        496,
        496,
        496,
        496,
        496,
        496,
        496,
        496,
        496,
        496,
        496,
        496,
        496,
        496,
        496,
        496,
        496,
        496,
        496,
        496,
        496,
        496,
        496,
        496,
        496,
        496,
        496,
        496,
        496,
        496,
        496,
        496,
        496,
        496,
        496,
        496,
        496,
        496,
        496,
        496,
        496,
        496,
        496,
        496,
        496,
        496,
        496,
        496,
        496,
        496,
        496,
        496,
        496,
        496,
        496,
        496,
        496,
        496,
        496,
        496,
        496,
        496,
        496,
        496,
        496,
        496,
        496,
        496,
        496,
        496,
        496,
        496,
        496,
        496,
        496,
        496,
        496,
        496,
        496,
        496,
        496,
        496,
        496,
        496,
        496,
        496,
        496,
        496,
        496,
        496,
        496,
        496,
        496,
        496,
        496,
        496,
        496,
        496,
        496,
        496,
        496,
        496,
        496,
        496,
        496,
        496,
        496,
        496,
        496,
        496,
        496,
        496,
        496,
        496,
        496,
        496,
        496,
        496,
        496,
        496,
        496,
        496,
        496,
        496,
        496,
        496,
        496,
        496,
        496,
        496,
        496,
        496,
        496,
        496,
        496,
        496,
        496,
        496,
        496,
        496,
        496,
        496,
        496,
        496,
        496,
        496,
        496,
        496,
        496,
        496,
        496,
        496,
        496,
        496,
        496,
        496,
        496,
        496,
        496,
        496,
        496,
        496,
        496,
        496,
        496,
        496,
        496,
        496,
        496,
        496,
        496,
        496,
        496,
        496,
        496,
        496,
        496,
        496,
        496,
        496,
        496,
        496,
        496,
        496,
        496,
        496,
        496,
        496,
        496,
        496,
        496,
        496,
        496,
        496,
        496,
        496,
        496,
        496,
        496,
        496,
        496,
        496,
        496,
        496,
        496,
        496,
        496,
        496,
        496,
        496,
        496,
        496,
        496,
        496,
        496,
        496,
        496,
        496,
        496,
        496,
        496,
        496,
        496,
        496,
        496,
        496,
        496,
        496,
        496,
        496,
        496,
        496,
        496,
        496,
        496,
        496,
        496,
        496,
        496,
        496,
        496,
        496,
        496,
        496,
        496,
        496,
        496,
        496,
        496,
        496,
        496,
        496,
        496,
        496,
        496,
        496,
        496,
        496,
        496,
        496,
        496,
        496,
        496,
        496,
        496,
        496,
        496,
        496,
        496,
        496,
        496,
        496,
        496,
        496,
        496,
        496,
        496,
        496,
        496,
        496,
        496,
        496,
        496,
        496,
        496,
        496,
        496,
        496,
        496,
        496,
        496,
        496,
        496,
        496,
        496,
        496,
        496,
        496,
        496,
        496,
        496,
        496,
        496,
        496,
        496,
        496,
        496,
        496,
        496,
        496,
        496,
        496,
        496,
        496,
        496,
        496,
        496,
        496,
        496,
        496,
        496,
        496,
        496,
        496,
        496,
        496,
        496,
        496,
        496,
        496,
        496,
        496,
        496,
        496,
        496,
        496,
        496,
        496,
        496,
        496,
        496,
        496,
        496,
        496,
        496,
        496,
        496,
        496,
        496,
        496,
        496,
        496,
        496,
        496,
        496,
        496,
        496,
        496,
        496,
        496,
        496,
        496,
        496,
        496,
        496,
        496,
        496,
        496,
        496,
        496,
        496,
        496,
        496,
        496,
        496,
        496,
        496,
        496,
        496,
        496,
        496,
        496,
        496,
        496,
        496,
        496,
        496,
        496,
        496,
        496,
        496,
        496,
        496,
        496,
        496,
        496,
        496,
        496,
        496,
        496,
        496,
        496,
        496,
        496,
        496,
        496,
        496,
        496,
        496,
        236743
      ],
      "research_dispatch": {
        "counts": {
          "research_donor12b_sg8_global_attention": 16,
          "research_donor12b_sg8_local_attention": 80,
          "research_donor12b_sg8_native_gate": 96,
          "research_donor12b_sg8_native_projection": 288
        },
        "overflowed": false,
        "schema": "rvllm.metal.research-dispatch.v5"
      },
      "status": "pass",
      "tok_per_s": 9.995221034942668
    }
  ],
  "checkpoint_complete": true,
  "checkpoint_completed_cases": 4,
  "checkpoint_total_cases": 4,
  "claim": "Apple Metal text inference workflow; not production-ready until acceptance gates pass",
  "command_buffer_wait_ns": 237667139209,
  "command_buffers": 12,
  "cpu_encode_ns": 63978875,
  "cpu_wall_ns": 237731118084,
  "debug_sync": false,
  "decode_ms": 671.347916,
  "embedding_encoders": 12,
  "encoder_counts_by_kernel_family": {
    "embedding": 12,
    "final_logits_diagnostic": 0,
    "final_sample": 24,
    "layer_body": 6528,
    "layer_scale_fused": 576,
    "ple_input": 0
  },
  "encoders": 6564,
  "final_logits_encoders": 0,
  "final_sample_encoders": 24,
  "forced_waits": 12,
  "generated_tokens": 8,
  "large_model_opt_in": true,
  "last_step_command_buffer_wait_ns": 91778708,
  "last_step_command_buffers": 1,
  "last_step_cpu_encode_ns": 5343959,
  "last_step_cpu_wall_ns": 97122667,
  "last_step_encoders": 580,
  "last_step_forced_waits": 1,
  "last_step_gpu_execution_ns": 91216041,
  "last_step_tokens": 1,
  "layer_encoders": 6528,
  "layer_scale_encoder_fusions": 576,
  "library_compiles": 1,
  "max_supported_total_tokens": 2050,
  "metal_compute_dtype": "bfloat16",
  "metal_moe_router_weight_dtype": "bfloat16",
  "metal_weight_dtype": "bfloat16",
  "model_dir": "/Users/george/.cache/huggingface/hub/models--google--gemma-4-12B-it/snapshots/707f0a3b8a3c7ad586ed01e27eafbad8a27dd0f7",
  "pipeline_state_compiles": 70,
  "ple_encoders": 0,
  "prefill_ms": 237060.070042,
  "prepare_ms": 15229.459374999999,
  "research_dispatch": {
    "counts": {
      "research_donor12b_sg8_global_attention": 64,
      "research_donor12b_sg8_local_attention": 320,
      "research_donor12b_sg8_native_gate": 384,
      "research_donor12b_sg8_native_projection": 1152
    },
    "overflowed": false,
    "schema": "rvllm.metal.research-dispatch.v5"
  },
  "schema": "rvllm.apple_metal_text_session.v1",
  "status": "pass",
  "tok_per_s": 11.916325066837622,
  "total_ms": 252967.873625
}
